movieId,title,genres,imdbId
1,Toy Story (1995),"['Adventure', 'Animation', 'Children', 'Comedy', 'Fantasy']",114709
2,Jumanji (1995),"['Adventure', 'Children', 'Fantasy']",113497
3,Grumpier Old Men (1995),"['Comedy', 'Romance']",113228
4,Waiting to Exhale (1995),"['Comedy', 'Drama', 'Romance']",114885
5,Father of the Bride Part II (1995),['Comedy'],113041
6,Heat (1995),"['Action', 'Crime', 'Thriller']",113277
7,Sabrina (1995),"['Comedy', 'Romance']",114319
8,Tom and Huck (1995),"['Adventure', 'Children']",112302
9,Sudden Death (1995),['Action'],114576
10,GoldenEye (1995),"['Action', 'Adventure', 'Thriller']",113189
11,"American President, The (1995)","['Comedy', 'Drama', 'Romance']",112346
12,Dracula: Dead and Loving It (1995),"['Comedy', 'Horror']",112896
13,Balto (1995),"['Adventure', 'Animation', 'Children']",112453
14,Nixon (1995),['Drama'],113987
15,Cutthroat Island (1995),"['Action', 'Adventure', 'Romance']",112760
16,Casino (1995),"['Crime', 'Drama']",112641
17,Sense and Sensibility (1995),"['Drama', 'Romance']",114388
18,Four Rooms (1995),['Comedy'],113101
19,Ace Ventura: When Nature Calls (1995),['Comedy'],112281
20,Money Train (1995),"['Action', 'Comedy', 'Crime', 'Drama', 'Thriller']",113845
21,Get Shorty (1995),"['Comedy', 'Crime', 'Thriller']",113161
22,Copycat (1995),"['Crime', 'Drama', 'Horror', 'Mystery', 'Thriller']",112722
23,Assassins (1995),"['Action', 'Crime', 'Thriller']",112401
24,Powder (1995),"['Drama', 'Sci-Fi']",114168
25,Leaving Las Vegas (1995),"['Drama', 'Romance']",113627
26,Othello (1995),['Drama'],114057
27,Now and Then (1995),"['Children', 'Drama']",114011
28,Persuasion (1995),"['Drama', 'Romance']",114117
29,"City of Lost Children, The (Cité des enfants perdus, La) (1995)","['Adventure', 'Drama', 'Fantasy', 'Mystery', 'Sci-Fi']",112682
30,Shanghai Triad (Yao a yao yao dao waipo qiao) (1995),"['Crime', 'Drama']",115012
31,Dangerous Minds (1995),['Drama'],112792
32,Twelve Monkeys (a.k.a. 12 Monkeys) (1995),"['Mystery', 'Sci-Fi', 'Thriller']",114746
34,Babe (1995),"['Children', 'Drama']",112431
35,Carrington (1995),"['Drama', 'Romance']",112637
36,Dead Man Walking (1995),"['Crime', 'Drama']",112818
38,It Takes Two (1995),"['Children', 'Comedy']",113442
39,Clueless (1995),"['Comedy', 'Romance']",112697
40,"Cry, the Beloved Country (1995)",['Drama'],112749
41,Richard III (1995),"['Drama', 'War']",114279
42,Dead Presidents (1995),"['Action', 'Crime', 'Drama']",112819
43,Restoration (1995),['Drama'],114272
44,Mortal Kombat (1995),"['Action', 'Adventure', 'Fantasy']",113855
45,To Die For (1995),"['Comedy', 'Drama', 'Thriller']",114681
46,How to Make an American Quilt (1995),"['Drama', 'Romance']",113347
47,Seven (a.k.a. Se7en) (1995),"['Mystery', 'Thriller']",114369
48,Pocahontas (1995),"['Animation', 'Children', 'Drama', 'Musical', 'Romance']",114148
49,When Night Is Falling (1995),"['Drama', 'Romance']",114916
50,"Usual Suspects, The (1995)","['Crime', 'Mystery', 'Thriller']",114814
52,Mighty Aphrodite (1995),"['Comedy', 'Drama', 'Romance']",113819
53,Lamerica (1994),"['Adventure', 'Drama']",110299
54,"Big Green, The (1995)","['Children', 'Comedy']",112499
55,Georgia (1995),['Drama'],113158
56,Kids of the Round Table (1995),"['Adventure', 'Children', 'Fantasy']",113541
57,Home for the Holidays (1995),['Drama'],113321
58,"Postman, The (Postino, Il) (1994)","['Comedy', 'Drama', 'Romance']",110877
59,"Confessional, The (Confessionnal, Le) (1995)","['Drama', 'Mystery']",112714
60,"Indian in the Cupboard, The (1995)","['Adventure', 'Children', 'Fantasy']",113419
61,Eye for an Eye (1996),"['Drama', 'Thriller']",116260
62,Mr. Holland's Opus (1995),['Drama'],113862
63,Don't Be a Menace to South Central While Drinking Your Juice in the Hood (1996),"['Comedy', 'Crime']",116126
64,Two if by Sea (1996),"['Comedy', 'Romance']",118002
65,Bio-Dome (1996),['Comedy'],115683
66,Lawnmower Man 2: Beyond Cyberspace (1996),"['Action', 'Sci-Fi', 'Thriller']",116839
67,Two Bits (1995),['Drama'],114753
68,French Twist (Gazon maudit) (1995),"['Comedy', 'Romance']",113149
69,Friday (1995),['Comedy'],113118
70,From Dusk Till Dawn (1996),"['Action', 'Comedy', 'Horror', 'Thriller']",116367
71,Fair Game (1995),['Action'],113010
72,Kicking and Screaming (1995),"['Comedy', 'Drama']",113537
73,"Misérables, Les (1995)","['Drama', 'War']",113828
74,Bed of Roses (1996),"['Drama', 'Romance']",115644
75,Big Bully (1996),"['Comedy', 'Drama']",115676
76,Screamers (1995),"['Action', 'Sci-Fi', 'Thriller']",114367
77,Nico Icon (1995),['Documentary'],113973
78,"Crossing Guard, The (1995)","['Action', 'Crime', 'Drama', 'Thriller']",112744
79,"Juror, The (1996)","['Drama', 'Thriller']",116731
80,"White Balloon, The (Badkonake sefid) (1995)","['Children', 'Drama']",112445
81,Things to Do in Denver When You're Dead (1995),"['Crime', 'Drama', 'Romance']",114660
82,Antonia's Line (Antonia) (1995),"['Comedy', 'Drama']",112379
83,Once Upon a Time... When We Were Colored (1995),"['Drama', 'Romance']",114039
84,Last Summer in the Hamptons (1995),"['Comedy', 'Drama']",113612
85,Angels and Insects (1995),"['Drama', 'Romance']",112365
86,White Squall (1996),"['Action', 'Adventure', 'Drama']",118158
87,Dunston Checks In (1996),"['Children', 'Comedy']",116151
88,Black Sheep (1996),['Comedy'],115697
89,Nick of Time (1995),"['Action', 'Thriller']",113972
90,"Journey of August King, The (1995)",['Drama'],113490
92,Mary Reilly (1996),"['Drama', 'Horror', 'Thriller']",117002
93,Vampire in Brooklyn (1995),"['Comedy', 'Horror', 'Romance']",114825
94,Beautiful Girls (1996),"['Comedy', 'Drama', 'Romance']",115639
95,Broken Arrow (1996),"['Action', 'Adventure', 'Thriller']",115759
96,In the Bleak Midwinter (1995),"['Comedy', 'Drama']",113403
97,"Hate (Haine, La) (1995)","['Crime', 'Drama']",113247
99,Heidi Fleiss: Hollywood Madam (1995),['Documentary'],113283
100,City Hall (1996),"['Drama', 'Thriller']",115907
101,Bottle Rocket (1996),"['Adventure', 'Comedy', 'Crime', 'Romance']",115734
102,Mr. Wrong (1996),['Comedy'],117102
103,Unforgettable (1996),"['Mystery', 'Sci-Fi', 'Thriller']",118040
104,Happy Gilmore (1996),['Comedy'],116483
105,"Bridges of Madison County, The (1995)","['Drama', 'Romance']",112579
106,Nobody Loves Me (Keiner liebt mich) (1994),"['Comedy', 'Drama']",110251
107,Muppet Treasure Island (1996),"['Adventure', 'Children', 'Comedy', 'Musical']",117110
108,Catwalk (1996),['Documentary'],112646
110,Braveheart (1995),"['Action', 'Drama', 'War']",112573
111,Taxi Driver (1976),"['Crime', 'Drama', 'Thriller']",75314
112,Rumble in the Bronx (Hont faan kui) (1995),"['Action', 'Adventure', 'Comedy', 'Crime']",113326
113,Before and After (1996),"['Drama', 'Mystery']",115645
114,Margaret's Museum (1995),['Drama'],113774
116,Anne Frank Remembered (1995),['Documentary'],112373
117,"Young Poisoner's Handbook, The (1995)","['Crime', 'Drama']",115033
118,If Lucy Fell (1996),"['Comedy', 'Romance']",116606
119,"Steal Big, Steal Little (1995)",['Comedy'],114536
120,Race the Sun (1996),"['Adventure', 'Comedy', 'Drama']",117427
121,"Boys of St. Vincent, The (1992)",['Drama'],106473
122,Boomerang (1992),"['Comedy', 'Romance']",103859
123,Chungking Express (Chung Hing sam lam) (1994),"['Drama', 'Mystery', 'Romance']",109424
124,"Star Maker, The (Uomo delle stelle, L') (1995)",['Drama'],114808
125,Flirting With Disaster (1996),['Comedy'],116324
126,"NeverEnding Story III, The (1994)","['Adventure', 'Children', 'Fantasy']",110647
129,Pie in the Sky (1996),"['Comedy', 'Romance']",114131
131,Frankie Starlight (1995),"['Drama', 'Romance']",113107
132,Jade (1995),['Thriller'],113451
135,Down Periscope (1996),['Comedy'],116130
137,Man of the Year (1995),['Documentary'],113756
139,Target (1995),"['Action', 'Drama']",114618
140,Up Close and Personal (1996),"['Drama', 'Romance']",118055
141,"Birdcage, The (1996)",['Comedy'],115685
144,"Brothers McMullen, The (1995)",['Comedy'],112585
145,Bad Boys (1995),"['Action', 'Comedy', 'Crime', 'Drama', 'Thriller']",112442
146,"Amazing Panda Adventure, The (1995)","['Adventure', 'Children']",112342
147,"Basketball Diaries, The (1995)",['Drama'],112461
148,"Awfully Big Adventure, An (1995)",['Drama'],112427
149,Amateur (1994),"['Crime', 'Drama', 'Thriller']",109093
150,Apollo 13 (1995),"['Adventure', 'Drama', 'IMAX']",112384
151,Rob Roy (1995),"['Action', 'Drama', 'Romance', 'War']",114287
152,"Addiction, The (1995)","['Drama', 'Horror']",112288
153,Batman Forever (1995),"['Action', 'Adventure', 'Comedy', 'Crime']",112462
154,Beauty of the Day (Belle de jour) (1967),['Drama'],61395
155,Beyond Rangoon (1995),"['Adventure', 'Drama', 'War']",112495
156,Blue in the Face (1995),"['Comedy', 'Drama']",112541
157,Canadian Bacon (1995),"['Comedy', 'War']",109370
158,Casper (1995),"['Adventure', 'Children']",112642
159,Clockers (1995),"['Crime', 'Drama', 'Mystery']",112688
160,Congo (1995),"['Action', 'Adventure', 'Mystery', 'Sci-Fi']",112715
161,Crimson Tide (1995),"['Drama', 'Thriller', 'War']",112740
162,Crumb (1994),['Documentary'],109508
163,Desperado (1995),"['Action', 'Romance', 'Western']",112851
164,Devil in a Blue Dress (1995),"['Crime', 'Film-Noir', 'Mystery', 'Thriller']",112857
165,Die Hard: With a Vengeance (1995),"['Action', 'Crime', 'Thriller']",112864
166,"Doom Generation, The (1995)","['Comedy', 'Crime', 'Drama']",112887
167,Feast of July (1995),['Drama'],113044
168,First Knight (1995),"['Action', 'Drama', 'Romance']",113071
169,Free Willy 2: The Adventure Home (1995),"['Adventure', 'Children', 'Drama']",113114
170,Hackers (1995),"['Action', 'Adventure', 'Crime', 'Thriller']",113243
171,Jeffrey (1995),"['Comedy', 'Drama']",113464
172,Johnny Mnemonic (1995),"['Action', 'Sci-Fi', 'Thriller']",113481
173,Judge Dredd (1995),"['Action', 'Crime', 'Sci-Fi']",113492
174,Jury Duty (1995),['Comedy'],113500
175,Kids (1995),['Drama'],113540
176,Living in Oblivion (1995),['Comedy'],113677
177,Lord of Illusions (1995),['Horror'],113690
178,Love & Human Remains (1993),"['Comedy', 'Drama']",107447
179,Mad Love (1995),"['Drama', 'Romance']",113729
180,Mallrats (1995),"['Comedy', 'Romance']",113749
181,Mighty Morphin Power Rangers: The Movie (1995),"['Action', 'Children']",113820
182,Moonlight and Valentino (1995),"['Drama', 'Romance']",113851
183,Mute Witness (1994),"['Comedy', 'Horror', 'Thriller']",110604
184,Nadja (1994),['Drama'],110620
185,"Net, The (1995)","['Action', 'Crime', 'Thriller']",113957
186,Nine Months (1995),"['Comedy', 'Romance']",113986
187,Party Girl (1995),['Comedy'],114095
188,"Prophecy, The (1995)","['Fantasy', 'Horror', 'Mystery']",114194
189,Reckless (1995),"['Comedy', 'Fantasy']",114241
190,Safe (1995),['Thriller'],114323
191,"Scarlet Letter, The (1995)","['Drama', 'Romance']",114345
193,Showgirls (1995),['Drama'],114436
194,Smoke (1995),"['Comedy', 'Drama']",114478
195,Something to Talk About (1995),"['Comedy', 'Drama', 'Romance']",114496
196,Species (1995),"['Horror', 'Sci-Fi']",114508
198,Strange Days (1995),"['Action', 'Crime', 'Drama', 'Mystery', 'Sci-Fi', 'Thriller']",114558
199,"Umbrellas of Cherbourg, The (Parapluies de Cherbourg, Les) (1964)","['Drama', 'Musical', 'Romance']",58450
200,"Tie That Binds, The (1995)",['Thriller'],114666
201,Three Wishes (1995),"['Drama', 'Fantasy']",114663
202,Total Eclipse (1995),"['Drama', 'Romance']",114702
203,"To Wong Foo, Thanks for Everything! Julie Newmar (1995)",['Comedy'],114682
204,Under Siege 2: Dark Territory (1995),['Action'],114781
205,Unstrung Heroes (1995),"['Comedy', 'Drama']",114798
206,Unzipped (1995),['Documentary'],114805
207,"Walk in the Clouds, A (1995)","['Drama', 'Romance']",114887
208,Waterworld (1995),"['Action', 'Adventure', 'Sci-Fi']",114898
209,White Man's Burden (1995),['Drama'],114928
210,Wild Bill (1995),['Western'],114938
211,"Browning Version, The (1994)",['Drama'],109340
212,Bushwhacked (1995),"['Adventure', 'Comedy', 'Crime', 'Mystery']",112602
213,Burnt by the Sun (Utomlyonnye solntsem) (1994),['Drama'],111579
214,Before the Rain (Pred dozhdot) (1994),"['Drama', 'War']",110882
215,Before Sunrise (1995),"['Drama', 'Romance']",112471
216,Billy Madison (1995),['Comedy'],112508
217,"Babysitter, The (1995)","['Drama', 'Thriller']",112438
218,Boys on the Side (1995),"['Comedy', 'Drama']",112571
219,"Cure, The (1995)",['Drama'],112757
220,Castle Freak (1995),['Horror'],112643
222,Circle of Friends (1995),"['Drama', 'Romance']",112679
223,Clerks (1994),['Comedy'],109445
224,Don Juan DeMarco (1995),"['Comedy', 'Drama', 'Romance']",112883
225,Disclosure (1994),"['Drama', 'Thriller']",109635
227,Drop Zone (1994),"['Action', 'Thriller']",109676
228,Destiny Turns on the Radio (1995),['Comedy'],112854
229,Death and the Maiden (1994),"['Drama', 'Thriller']",109579
230,Dolores Claiborne (1995),"['Drama', 'Thriller']",109642
231,Dumb & Dumber (Dumb and Dumber) (1994),"['Adventure', 'Comedy']",109686
232,Eat Drink Man Woman (Yin shi nan nu) (1994),"['Comedy', 'Drama', 'Romance']",111797
233,Exotica (1994),['Drama'],109759
234,Exit to Eden (1994),['Comedy'],109758
235,Ed Wood (1994),"['Comedy', 'Drama']",109707
236,French Kiss (1995),"['Action', 'Comedy', 'Romance']",113117
237,Forget Paris (1995),"['Comedy', 'Romance']",113097
238,Far From Home: The Adventures of Yellow Dog (1995),"['Adventure', 'Children']",113028
239,"Goofy Movie, A (1995)","['Animation', 'Children', 'Comedy', 'Romance']",113198
240,Hideaway (1995),['Thriller'],113303
241,Fluke (1995),"['Children', 'Drama']",113089
242,Farinelli: il castrato (1994),"['Drama', 'Musical']",109771
243,Gordy (1995),"['Children', 'Comedy', 'Fantasy']",113199
244,Gumby: The Movie (1995),"['Animation', 'Children']",113234
245,"Glass Shield, The (1994)","['Crime', 'Drama']",109906
246,Hoop Dreams (1994),['Documentary'],110057
247,Heavenly Creatures (1994),"['Crime', 'Drama']",110005
248,Houseguest (1994),['Comedy'],110066
249,Immortal Beloved (1994),"['Drama', 'Romance']",110116
250,Heavyweights (Heavy Weights) (1995),"['Children', 'Comedy']",110006
251,"Hunted, The (1995)",['Action'],113360
252,I.Q. (1994),"['Comedy', 'Romance']",110099
253,Interview with the Vampire: The Vampire Chronicles (1994),"['Drama', 'Horror']",110148
254,Jefferson in Paris (1995),['Drama'],113463
255,"Jerky Boys, The (1995)",['Comedy'],110189
256,Junior (1994),"['Comedy', 'Sci-Fi']",110216
257,Just Cause (1995),"['Mystery', 'Thriller']",113501
258,"Kid in King Arthur's Court, A (1995)","['Adventure', 'Children', 'Comedy', 'Fantasy', 'Romance']",113538
259,Kiss of Death (1995),"['Crime', 'Drama', 'Thriller']",113552
260,Star Wars: Episode IV - A New Hope (1977),"['Action', 'Adventure', 'Sci-Fi']",76759
261,Little Women (1994),['Drama'],110367
262,"Little Princess, A (1995)","['Children', 'Drama']",113670
263,Ladybird Ladybird (1994),['Drama'],110296
264,"Enfer, L' (1994)",['Drama'],109731
265,Like Water for Chocolate (Como agua para chocolate) (1992),"['Drama', 'Fantasy', 'Romance']",103994
266,Legends of the Fall (1994),"['Drama', 'Romance', 'War', 'Western']",110322
267,Major Payne (1995),['Comedy'],110443
268,Little Odessa (1994),"['Crime', 'Drama']",110365
269,My Crazy Life (Mi vida loca) (1993),['Drama'],107566
270,Love Affair (1994),"['Drama', 'Romance']",110391
271,Losing Isaiah (1995),['Drama'],113691
272,"Madness of King George, The (1994)","['Comedy', 'Drama']",110428
273,Mary Shelley's Frankenstein (Frankenstein) (1994),"['Drama', 'Horror', 'Sci-Fi']",109836
274,Man of the House (1995),['Comedy'],113755
275,Mixed Nuts (1994),['Comedy'],110538
276,Milk Money (1994),"['Comedy', 'Romance']",110516
277,Miracle on 34th Street (1994),['Drama'],110527
278,Miami Rhapsody (1995),['Comedy'],113808
279,My Family (1995),['Drama'],113896
280,Murder in the First (1995),"['Drama', 'Thriller']",113870
281,Nobody's Fool (1994),"['Comedy', 'Drama', 'Romance']",110684
282,Nell (1994),['Drama'],110638
283,New Jersey Drive (1995),"['Crime', 'Drama']",113967
285,Beyond Bedlam (1993),"['Drama', 'Horror']",106402
287,Nina Takes a Lover (1994),"['Comedy', 'Romance']",110671
288,Natural Born Killers (1994),"['Action', 'Crime', 'Thriller']",110632
289,Only You (1994),"['Comedy', 'Romance']",110737
290,Once Were Warriors (1994),"['Crime', 'Drama']",110729
291,Poison Ivy II (1996),"['Drama', 'Thriller']",114151
292,Outbreak (1995),"['Action', 'Drama', 'Sci-Fi', 'Thriller']",114069
293,Léon: The Professional (a.k.a. The Professional) (Léon) (1994),"['Action', 'Crime', 'Drama', 'Thriller']",110413
294,"Perez Family, The (1995)","['Comedy', 'Romance']",114113
295,"Pyromaniac's Love Story, A (1995)","['Comedy', 'Romance']",114210
296,Pulp Fiction (1994),"['Comedy', 'Crime', 'Drama', 'Thriller']",110912
297,Panther (1995),['Drama'],114084
298,Pushing Hands (Tui shou) (1992),['Drama'],105652
299,Priest (1994),['Drama'],110889
300,Quiz Show (1994),['Drama'],110932
301,Picture Bride (Bijo photo) (1994),"['Drama', 'Romance']",114129
302,"Queen Margot (Reine Margot, La) (1994)","['Drama', 'Romance']",110963
303,"Quick and the Dead, The (1995)","['Action', 'Thriller', 'Western']",114214
304,Roommates (1995),"['Comedy', 'Drama']",114296
305,Ready to Wear (Pret-A-Porter) (1994),['Comedy'],110907
306,Three Colors: Red (Trois couleurs: Rouge) (1994),['Drama'],111495
307,Three Colors: Blue (Trois couleurs: Bleu) (1993),['Drama'],108394
308,Three Colors: White (Trzy kolory: Bialy) (1994),"['Comedy', 'Drama']",111507
309,"Red Firecracker, Green Firecracker (Pao Da Shuang Deng) (1994)",['Drama'],110769
310,Rent-a-Kid (1995),['Comedy'],114268
311,Relative Fear (1994),"['Horror', 'Thriller']",110965
312,Stuart Saves His Family (1995),['Comedy'],114571
313,"Swan Princess, The (1994)","['Animation', 'Children']",111333
314,"Secret of Roan Inish, The (1994)","['Children', 'Drama', 'Fantasy', 'Mystery']",111112
315,"Specialist, The (1994)","['Action', 'Drama', 'Thriller']",111255
316,Stargate (1994),"['Action', 'Adventure', 'Sci-Fi']",111282
317,"Santa Clause, The (1994)","['Comedy', 'Drama', 'Fantasy']",111070
318,"Shawshank Redemption, The (1994)","['Crime', 'Drama']",111161
319,Shallow Grave (1994),"['Comedy', 'Drama', 'Thriller']",111149
320,Suture (1993),"['Film-Noir', 'Thriller']",108260
321,Strawberry and Chocolate (Fresa y chocolate) (1993),['Drama'],106966
322,Swimming with Sharks (1995),"['Comedy', 'Drama']",114594
324,"Sum of Us, The (1994)","['Comedy', 'Drama']",111309
325,National Lampoon's Senior Trip (1995),['Comedy'],113936
326,To Live (Huozhe) (1994),['Drama'],110081
327,Tank Girl (1995),"['Action', 'Comedy', 'Sci-Fi']",114614
328,Tales from the Crypt Presents: Demon Knight (1995),"['Horror', 'Thriller']",114608
329,Star Trek: Generations (1994),"['Adventure', 'Drama', 'Sci-Fi']",111280
330,Tales from the Hood (1995),"['Action', 'Crime', 'Horror']",114609
331,Tom & Viv (1994),['Drama'],111454
332,Village of the Damned (1995),"['Horror', 'Sci-Fi']",114852
333,Tommy Boy (1995),['Comedy'],114694
334,Vanya on 42nd Street (1994),['Drama'],111590
335,Underneath (1995),"['Mystery', 'Thriller']",114788
336,"Walking Dead, The (1995)","['Drama', 'War']",114888
337,What's Eating Gilbert Grape (1993),['Drama'],108550
338,Virtuosity (1995),"['Action', 'Sci-Fi', 'Thriller']",114857
339,While You Were Sleeping (1995),"['Comedy', 'Romance']",114924
340,"War, The (1994)","['Adventure', 'Drama', 'War']",111667
341,Double Happiness (1994),['Drama'],109655
342,Muriel's Wedding (1994),['Comedy'],110598
343,"Baby-Sitters Club, The (1995)",['Children'],112435
344,Ace Ventura: Pet Detective (1994),['Comedy'],109040
345,"Adventures of Priscilla, Queen of the Desert, The (1994)","['Comedy', 'Drama']",109045
346,Backbeat (1993),"['Drama', 'Musical']",106339
347,Bitter Moon (1992),"['Drama', 'Film-Noir', 'Romance']",104779
348,Bullets Over Broadway (1994),['Comedy'],109348
349,Clear and Present Danger (1994),"['Action', 'Crime', 'Drama', 'Thriller']",109444
350,"Client, The (1994)","['Drama', 'Mystery', 'Thriller']",109446
351,"Corrina, Corrina (1994)","['Comedy', 'Drama', 'Romance']",109484
352,Crooklyn (1994),"['Comedy', 'Drama']",109504
353,"Crow, The (1994)","['Action', 'Crime', 'Fantasy', 'Thriller']",109506
354,Cobb (1994),['Drama'],109450
355,"Flintstones, The (1994)","['Children', 'Comedy', 'Fantasy']",109813
356,Forrest Gump (1994),"['Comedy', 'Drama', 'Romance', 'War']",109830
357,Four Weddings and a Funeral (1994),"['Comedy', 'Romance']",109831
358,Higher Learning (1995),['Drama'],113305
359,I Like It Like That (1994),"['Comedy', 'Drama', 'Romance']",110091
360,I Love Trouble (1994),"['Action', 'Comedy']",110093
361,It Could Happen to You (1994),"['Comedy', 'Drama', 'Romance']",110167
362,"Jungle Book, The (1994)","['Adventure', 'Children', 'Romance']",110213
363,"Wonderful, Horrible Life of Leni Riefenstahl, The (Macht der Bilder: Leni Riefenstahl, Die) (1993)",['Documentary'],107472
364,"Lion King, The (1994)","['Adventure', 'Animation', 'Children', 'Drama', 'Musical', 'IMAX']",110357
365,Little Buddha (1993),['Drama'],107426
366,"Wes Craven's New Nightmare (Nightmare on Elm Street Part 7: Freddy's Finale, A) (1994)","['Drama', 'Horror', 'Mystery', 'Thriller']",111686
367,"Mask, The (1994)","['Action', 'Comedy', 'Crime', 'Fantasy']",110475
368,Maverick (1994),"['Adventure', 'Comedy', 'Western']",110478
369,Mrs. Parker and the Vicious Circle (1994),['Drama'],110588
370,Naked Gun 33 1/3: The Final Insult (1994),"['Action', 'Comedy']",110622
371,"Paper, The (1994)","['Comedy', 'Drama']",110771
372,Reality Bites (1994),"['Comedy', 'Drama', 'Romance']",110950
373,Red Rock West (1992),['Thriller'],105226
374,Richie Rich (1994),"['Children', 'Comedy']",110989
375,Safe Passage (1994),['Drama'],111054
376,"River Wild, The (1994)","['Action', 'Thriller']",110997
377,Speed (1994),"['Action', 'Romance', 'Thriller']",111257
378,Speechless (1994),"['Comedy', 'Romance']",111256
379,Timecop (1994),"['Action', 'Sci-Fi', 'Thriller']",111438
380,True Lies (1994),"['Action', 'Adventure', 'Comedy', 'Romance', 'Thriller']",111503
381,When a Man Loves a Woman (1994),"['Drama', 'Romance']",111693
382,Wolf (1994),"['Drama', 'Horror', 'Romance', 'Thriller']",111742
383,Wyatt Earp (1994),['Western'],111756
384,Bad Company (1995),"['Action', 'Crime', 'Drama']",112443
386,S.F.W. (1994),['Drama'],111048
387,"Low Down Dirty Shame, A (1994)","['Action', 'Comedy']",110399
388,Boys Life (1995),['Drama'],112570
389,"Colonel Chabert, Le (1994)","['Drama', 'Romance', 'War']",109454
390,Faster Pussycat! Kill! Kill! (1965),"['Action', 'Crime', 'Drama']",59170
391,Jason's Lyric (1994),"['Crime', 'Drama']",110186
392,"Secret Adventures of Tom Thumb, The (1993)","['Adventure', 'Animation']",108069
393,Street Fighter (1994),"['Action', 'Adventure', 'Fantasy']",111301
394,Coldblooded (1995),['Comedy'],112702
405,Highlander III: The Sorcerer (a.k.a. Highlander: The Final Dimension) (1994),"['Action', 'Fantasy']",110027
407,In the Mouth of Madness (1995),"['Horror', 'Thriller']",113409
408,8 Seconds (1994),['Drama'],109021
409,Above the Rim (1994),"['Crime', 'Drama']",109035
410,Addams Family Values (1993),"['Children', 'Comedy', 'Fantasy']",106220
411,Martin Lawrence: You So Crazy (1994),"['Comedy', 'Documentary']",111804
412,"Age of Innocence, The (1993)",['Drama'],106226
413,Airheads (1994),['Comedy'],109068
414,"Air Up There, The (1994)",['Comedy'],109067
415,Another Stakeout (1993),"['Comedy', 'Thriller']",106292
416,Bad Girls (1994),['Western'],109198
417,Barcelona (1994),"['Comedy', 'Romance']",109219
418,Being Human (1993),['Drama'],106379
419,"Beverly Hillbillies, The (1993)",['Comedy'],106400
420,Beverly Hills Cop III (1994),"['Action', 'Comedy', 'Crime', 'Thriller']",109254
421,Black Beauty (1994),"['Adventure', 'Children', 'Drama']",109279
422,Blink (1994),['Thriller'],109297
423,Blown Away (1994),"['Action', 'Thriller']",109303
424,Blue Chips (1994),['Drama'],109305
425,Blue Sky (1994),"['Drama', 'Romance']",109306
426,Body Snatchers (1993),"['Horror', 'Sci-Fi', 'Thriller']",106452
427,Boxing Helena (1993),"['Drama', 'Mystery', 'Romance', 'Thriller']",106471
428,"Bronx Tale, A (1993)",['Drama'],106489
429,Cabin Boy (1994),['Comedy'],109361
430,Calendar Girl (1993),"['Comedy', 'Drama']",106505
431,Carlito's Way (1993),"['Crime', 'Drama']",106519
432,City Slickers II: The Legend of Curly's Gold (1994),"['Adventure', 'Comedy', 'Western']",109439
433,Clean Slate (1994),['Comedy'],109443
434,Cliffhanger (1993),"['Action', 'Adventure', 'Thriller']",106582
435,Coneheads (1993),"['Comedy', 'Sci-Fi']",106598
436,Color of Night (1994),"['Drama', 'Thriller']",109456
437,Cops and Robbersons (1994),['Comedy'],109480
438,"Cowboy Way, The (1994)","['Action', 'Comedy', 'Drama']",109493
439,Dangerous Game (1993),['Drama'],106660
440,Dave (1993),"['Comedy', 'Romance']",106673
441,Dazed and Confused (1993),['Comedy'],106677
442,Demolition Man (1993),"['Action', 'Adventure', 'Sci-Fi']",106697
443,"Endless Summer 2, The (1994)","['Adventure', 'Documentary']",109729
444,Even Cowgirls Get the Blues (1993),"['Comedy', 'Romance']",106834
445,Fatal Instinct (1993),['Comedy'],106873
446,Farewell My Concubine (Ba wang bie ji) (1993),"['Drama', 'Romance']",106332
447,"Favor, The (1994)","['Comedy', 'Romance']",109783
448,Fearless (1993),['Drama'],106881
449,Fear of a Black Hat (1994),['Comedy'],106880
450,With Honors (1994),"['Comedy', 'Drama']",111732
451,Flesh and Bone (1993),"['Drama', 'Mystery', 'Romance']",106926
452,Widows' Peak (1994),['Drama'],111712
453,For Love or Money (1993),"['Comedy', 'Romance']",106941
454,"Firm, The (1993)","['Drama', 'Thriller']",106918
455,Free Willy (1993),"['Adventure', 'Children', 'Drama']",106965
456,Fresh (1994),"['Crime', 'Drama', 'Thriller']",109842
457,"Fugitive, The (1993)",['Thriller'],106977
458,Geronimo: An American Legend (1993),"['Drama', 'Western']",107004
459,"Getaway, The (1994)","['Action', 'Adventure', 'Crime', 'Drama', 'Romance', 'Thriller']",109890
460,Getting Even with Dad (1994),['Comedy'],109891
461,Go Fish (1994),"['Drama', 'Romance']",109913
462,"Good Man in Africa, A (1994)","['Action', 'Adventure']",109920
463,Guilty as Sin (1993),"['Crime', 'Drama', 'Thriller']",107057
464,Hard Target (1993),"['Action', 'Adventure', 'Crime', 'Thriller']",107076
465,Heaven & Earth (1993),"['Action', 'Drama', 'War']",107096
466,Hot Shots! Part Deux (1993),"['Action', 'Comedy', 'War']",107144
467,Live Nude Girls (1995),['Comedy'],113674
468,"Englishman Who Went Up a Hill But Came Down a Mountain, The (1995)","['Comedy', 'Romance']",112966
469,"House of the Spirits, The (1993)","['Drama', 'Romance']",107151
470,House Party 3 (1994),['Comedy'],110064
471,"Hudsucker Proxy, The (1994)",['Comedy'],110074
472,I'll Do Anything (1994),"['Comedy', 'Drama']",110097
473,In the Army Now (1994),"['Comedy', 'War']",110123
474,In the Line of Fire (1993),"['Action', 'Thriller']",107206
475,In the Name of the Father (1993),['Drama'],107207
476,"Inkwell, The (1994)","['Comedy', 'Drama']",110137
477,What's Love Got to Do with It? (1993),"['Drama', 'Musical']",108551
478,Jimmy Hollywood (1994),"['Comedy', 'Crime', 'Drama']",110197
479,Judgment Night (1993),"['Action', 'Crime', 'Thriller']",107286
480,Jurassic Park (1993),"['Action', 'Adventure', 'Sci-Fi', 'Thriller']",107290
481,Kalifornia (1993),"['Drama', 'Thriller']",107302
482,Killing Zoe (1994),"['Crime', 'Drama', 'Thriller']",110265
483,King of the Hill (1993),['Drama'],107322
484,Lassie (1994),"['Adventure', 'Children']",110305
485,Last Action Hero (1993),"['Action', 'Adventure', 'Comedy', 'Fantasy']",107362
486,Life with Mikey (1993),['Comedy'],107413
487,Lightning Jack (1994),"['Comedy', 'Western']",110353
488,M. Butterfly (1993),"['Drama', 'Romance']",107468
489,Made in America (1993),['Comedy'],107478
490,Malice (1993),['Thriller'],107497
491,"Man Without a Face, The (1993)",['Drama'],107501
492,Manhattan Murder Mystery (1993),"['Comedy', 'Mystery']",107507
493,Menace II Society (1993),"['Action', 'Crime', 'Drama']",107554
494,Executive Decision (1996),"['Action', 'Adventure', 'Thriller']",116253
495,In the Realm of the Senses (Ai no corrida) (1976),['Drama'],74102
496,What Happened Was... (1994),"['Comedy', 'Drama', 'Romance', 'Thriller']",111689
497,Much Ado About Nothing (1993),"['Comedy', 'Romance']",107616
498,Mr. Jones (1993),"['Drama', 'Romance']",107611
499,Mr. Wonderful (1993),"['Comedy', 'Romance']",107613
500,Mrs. Doubtfire (1993),"['Comedy', 'Drama']",107614
501,Naked (1993),['Drama'],107653
502,"Next Karate Kid, The (1994)","['Action', 'Children', 'Romance']",110657
503,"New Age, The (1994)",['Drama'],110649
504,No Escape (1994),"['Action', 'Drama', 'Sci-Fi']",110678
505,North (1994),['Comedy'],110687
506,Orlando (1992),"['Drama', 'Fantasy', 'Romance']",107756
507,"Perfect World, A (1993)","['Crime', 'Drama', 'Thriller']",107808
508,Philadelphia (1993),['Drama'],107818
509,"Piano, The (1993)","['Drama', 'Romance']",107822
510,Poetic Justice (1993),['Drama'],107840
511,"Program, The (1993)","['Action', 'Drama']",107889
512,"Puppet Masters, The (1994)","['Horror', 'Sci-Fi']",111003
513,Radioland Murders (1994),"['Comedy', 'Mystery', 'Romance']",110939
514,"Ref, The (1994)",['Comedy'],110955
515,"Remains of the Day, The (1993)","['Drama', 'Romance']",107943
516,Renaissance Man (1994),"['Comedy', 'Drama']",110971
517,Rising Sun (1993),"['Action', 'Drama', 'Mystery']",107969
518,"Road to Wellville, The (1994)",['Comedy'],111001
519,RoboCop 3 (1993),"['Action', 'Crime', 'Drama', 'Sci-Fi', 'Thriller']",107978
520,Robin Hood: Men in Tights (1993),['Comedy'],107977
521,Romeo Is Bleeding (1993),"['Crime', 'Thriller']",107983
522,Romper Stomper (1992),"['Action', 'Drama']",105275
523,Ruby in Paradise (1993),['Drama'],108000
524,Rudy (1993),['Drama'],108002
525,"Saint of Fort Washington, The (1993)",['Drama'],108026
526,"Savage Nights (Nuits fauves, Les) (1992)",['Drama'],105032
527,Schindler's List (1993),"['Drama', 'War']",108052
528,"Scout, The (1994)","['Comedy', 'Drama']",111094
529,Searching for Bobby Fischer (1993),['Drama'],108065
531,"Secret Garden, The (1993)","['Children', 'Drama']",108071
532,Serial Mom (1994),"['Comedy', 'Crime', 'Horror']",111127
533,"Shadow, The (1994)","['Action', 'Adventure', 'Fantasy', 'Mystery']",111143
534,Shadowlands (1993),"['Drama', 'Romance']",108101
535,Short Cuts (1993),['Drama'],108122
536,"Simple Twist of Fate, A (1994)",['Drama'],111194
537,Sirens (1994),['Drama'],111201
538,Six Degrees of Separation (1993),['Drama'],108149
539,Sleepless in Seattle (1993),"['Comedy', 'Drama', 'Romance']",108160
540,Sliver (1993),['Thriller'],108162
541,Blade Runner (1982),"['Action', 'Sci-Fi', 'Thriller']",83658
542,Son in Law (1993),"['Comedy', 'Drama', 'Romance']",108186
543,So I Married an Axe Murderer (1993),"['Comedy', 'Romance', 'Thriller']",108174
544,Striking Distance (1993),"['Action', 'Crime']",108238
546,Super Mario Bros. (1993),"['Action', 'Adventure', 'Children', 'Comedy', 'Fantasy', 'Sci-Fi']",108255
547,Surviving the Game (1994),"['Action', 'Adventure', 'Thriller']",111323
548,Terminal Velocity (1994),"['Action', 'Mystery', 'Thriller']",111400
549,Thirty-Two Short Films About Glenn Gould (1993),"['Drama', 'Musical']",108328
550,Threesome (1994),"['Comedy', 'Romance']",111418
551,"Nightmare Before Christmas, The (1993)","['Animation', 'Children', 'Fantasy', 'Musical']",107688
552,"Three Musketeers, The (1993)","['Action', 'Adventure', 'Comedy', 'Romance']",108333
553,Tombstone (1993),"['Action', 'Drama', 'Western']",108358
554,Trial by Jury (1994),"['Crime', 'Drama', 'Thriller']",111488
555,True Romance (1993),"['Crime', 'Thriller']",108399
556,"War Room, The (1993)",['Documentary'],108515
558,"Pagemaster, The (1994)","['Action', 'Adventure', 'Animation', 'Children', 'Fantasy']",110763
560,"Beans of Egypt, Maine, The (1994)",['Drama'],109226
561,Killer (Bulletproof Heart) (1994),"['Drama', 'Thriller']",110259
562,Welcome to the Dollhouse (1995),"['Comedy', 'Drama']",114906
563,Germinal (1993),"['Drama', 'Romance']",107002
564,Chasers (1994),['Comedy'],109403
565,Cronos (1993),"['Drama', 'Horror']",104029
567,Kika (1993),"['Comedy', 'Drama']",107315
568,Bhaji on the Beach (1993),"['Comedy', 'Drama']",106408
569,Little Big League (1994),"['Comedy', 'Drama']",110363
570,"Slingshot, The (Kådisbellan) (1993)","['Comedy', 'Drama']",107349
571,"Wedding Gift, The (1994)","['Drama', 'Romance']",111709
574,Spanking the Monkey (1994),"['Comedy', 'Drama']",111252
575,"Little Rascals, The (1994)","['Children', 'Comedy']",110366
577,Andre (1994),"['Adventure', 'Children', 'Drama']",109120
580,Princess Caraboo (1994),['Drama'],110892
581,"Celluloid Closet, The (1995)",['Documentary'],112651
583,Dear Diary (Caro Diario) (1994),"['Comedy', 'Drama']",109382
585,"Brady Bunch Movie, The (1995)",['Comedy'],112572
586,Home Alone (1990),"['Children', 'Comedy']",99785
587,Ghost (1990),"['Comedy', 'Drama', 'Fantasy', 'Romance', 'Thriller']",99653
588,Aladdin (1992),"['Adventure', 'Animation', 'Children', 'Comedy', 'Musical']",103639
589,Terminator 2: Judgment Day (1991),"['Action', 'Sci-Fi']",103064
590,Dances with Wolves (1990),"['Adventure', 'Drama', 'Western']",99348
592,Batman (1989),"['Action', 'Crime', 'Thriller']",96895
593,"Silence of the Lambs, The (1991)","['Crime', 'Horror', 'Thriller']",102926
594,Snow White and the Seven Dwarfs (1937),"['Animation', 'Children', 'Drama', 'Fantasy', 'Musical']",29583
595,Beauty and the Beast (1991),"['Animation', 'Children', 'Fantasy', 'Musical', 'Romance', 'IMAX']",101414
596,Pinocchio (1940),"['Animation', 'Children', 'Fantasy', 'Musical']",32910
597,Pretty Woman (1990),"['Comedy', 'Romance']",100405
598,Window to Paris (Okno v Parizh) (1994),"['Comedy', 'Fantasy']",110719
599,"Wild Bunch, The (1969)","['Adventure', 'Western']",65214
600,Love and a .45 (1994),"['Action', 'Comedy', 'Crime']",110395
601,"Wooden Man's Bride, The (Yan shen) (1994)",['Drama'],111752
602,"Great Day in Harlem, A (1994)",['Documentary'],109934
603,"Bye Bye, Love (1995)",['Comedy'],112606
605,One Fine Day (1996),"['Drama', 'Romance']",117247
606,Candyman: Farewell to the Flesh (1995),"['Fantasy', 'Horror']",112625
608,Fargo (1996),"['Comedy', 'Crime', 'Drama', 'Thriller']",116282
609,Homeward Bound II: Lost in San Francisco (1996),"['Adventure', 'Children']",116552
610,Heavy Metal (1981),"['Action', 'Adventure', 'Animation', 'Horror', 'Sci-Fi']",82509
611,Hellraiser: Bloodline (1996),"['Action', 'Horror', 'Sci-Fi']",116514
612,"Pallbearer, The (1996)",['Comedy'],117283
613,Jane Eyre (1996),"['Drama', 'Romance']",116684
614,Loaded (1994),"['Drama', 'Thriller']",110374
615,Bread and Chocolate (Pane e cioccolata) (1973),"['Comedy', 'Drama']",70506
616,"Aristocats, The (1970)","['Animation', 'Children']",65421
617,"Flower of My Secret, The (La flor de mi secreto) (1995)","['Comedy', 'Drama']",113083
618,Two Much (1995),"['Comedy', 'Romance']",118001
619,Ed (1996),['Comedy'],116165
621,My Favorite Season (1993),['Drama'],107471
626,"Thin Line Between Love and Hate, A (1996)",['Comedy'],117891
627,"Last Supper, The (1995)","['Drama', 'Thriller']",113613
628,Primal Fear (1996),"['Crime', 'Drama', 'Mystery', 'Thriller']",117381
630,Carried Away (1996),"['Drama', 'Romance']",115837
631,All Dogs Go to Heaven 2 (1996),"['Adventure', 'Animation', 'Children', 'Fantasy', 'Musical', 'Romance']",115509
632,Land and Freedom (Tierra y libertad) (1995),"['Drama', 'War']",114671
633,Denise Calls Up (1995),['Comedy'],112844
634,Theodore Rex (1995),['Comedy'],114658
635,"Family Thing, A (1996)","['Comedy', 'Drama']",116275
637,Sgt. Bilko (1996),['Comedy'],117608
638,Jack and Sarah (1995),['Romance'],113448
639,Girl 6 (1996),"['Comedy', 'Drama']",116414
640,Diabolique (1996),"['Drama', 'Thriller']",116095
645,Nelly & Monsieur Arnaud (1995),['Drama'],113947
647,Courage Under Fire (1996),"['Action', 'Crime', 'Drama', 'War']",115956
648,Mission: Impossible (1996),"['Action', 'Adventure', 'Mystery', 'Thriller']",117060
649,Cold Fever (Á köldum klaka) (1995),"['Comedy', 'Drama']",109028
650,Moll Flanders (1996),['Drama'],117071
653,Dragonheart (1996),"['Action', 'Adventure', 'Fantasy']",116136
656,Eddie (1996),['Comedy'],116168
659,Purple Noon (Plein soleil) (1960),"['Crime', 'Drama', 'Thriller']",54189
660,August (1996),['Drama'],115591
661,James and the Giant Peach (1996),"['Adventure', 'Animation', 'Children', 'Fantasy', 'Musical']",116683
662,Fear (1996),['Thriller'],116287
663,Kids in the Hall: Brain Candy (1996),['Comedy'],116768
664,Faithful (1996),['Comedy'],116269
665,Underground (1995),"['Comedy', 'Drama', 'War']",114787
667,Bloodsport 2 (a.k.a. Bloodsport II: The Next Kumite) (1996),['Action'],112536
668,Song of the Little Road (Pather Panchali) (1955),['Drama'],48473
670,"World of Apu, The (Apur Sansar) (1959)",['Drama'],52572
671,Mystery Science Theater 3000: The Movie (1996),"['Comedy', 'Sci-Fi']",117128
673,Space Jam (1996),"['Adventure', 'Animation', 'Children', 'Comedy', 'Fantasy', 'Sci-Fi']",117705
674,Barbarella (1968),"['Adventure', 'Comedy', 'Sci-Fi']",62711
678,Some Folks Call It a Sling Blade (1993),"['Drama', 'Thriller']",108181
679,"Run of the Country, The (1995)",['Drama'],114307
680,"Alphaville (Alphaville, une étrange aventure de Lemmy Caution) (1965)","['Drama', 'Mystery', 'Romance', 'Sci-Fi', 'Thriller']",58898
681,Coup de torchon (Clean Slate) (1981),['Crime'],82206
685,It's My Party (1996),['Drama'],113443
687,Country Life (1994),"['Drama', 'Romance']",109491
688,Operation Dumbo Drop (1995),"['Action', 'Adventure', 'Comedy', 'War']",114048
691,Mrs. Winterbourne (1996),"['Comedy', 'Romance']",117104
692,Solo (1996),"['Action', 'Sci-Fi', 'Thriller']",117688
694,"Substitute, The (1996)","['Action', 'Crime', 'Drama']",117774
695,True Crime (1996),"['Mystery', 'Thriller']",114736
697,Feeling Minnesota (1996),"['Drama', 'Romance']",116289
698,Delta of Venus (1995),['Drama'],109593
700,Angus (1995),['Comedy'],112368
701,Daens (1992),['Drama'],104046
702,Faces (1968),['Drama'],62952
703,Boys (1996),['Drama'],115742
704,"Quest, The (1996)","['Action', 'Adventure']",117420
705,Cosi (1996),['Comedy'],115951
706,Sunset Park (1996),['Drama'],117784
707,Mulholland Falls (1996),"['Crime', 'Drama', 'Thriller']",117107
708,"Truth About Cats & Dogs, The (1996)","['Comedy', 'Romance']",117979
709,Oliver & Company (1988),"['Adventure', 'Animation', 'Children', 'Comedy', 'Musical']",95776
710,Celtic Pride (1996),['Comedy'],115851
711,Flipper (1996),"['Adventure', 'Children']",116322
712,Captives (1994),"['Crime', 'Drama', 'Romance', 'Thriller']",109374
713,Of Love and Shadows (1994),['Drama'],110712
714,Dead Man (1995),"['Drama', 'Mystery', 'Western']",112817
715,"Horseman on the Roof, The (Hussard sur le toit, Le) (1995)","['Drama', 'Romance']",113362
716,Switchblade Sisters (1975),['Crime'],73778
718,"Visitors, The (Visiteurs, Les) (1993)","['Comedy', 'Fantasy', 'Sci-Fi']",108500
719,Multiplicity (1996),['Comedy'],117108
720,Wallace & Gromit: The Best of Aardman Animation (1996),"['Adventure', 'Animation', 'Comedy']",118114
722,"Haunted World of Edward D. Wood Jr., The (1996)",['Documentary'],113270
724,"Craft, The (1996)","['Drama', 'Fantasy', 'Horror', 'Thriller']",115963
725,"Great White Hype, The (1996)",['Comedy'],116448
726,Last Dance (1996),['Drama'],116827
728,Cold Comfort Farm (1995),['Comedy'],112701
731,Heaven's Prisoners (1996),"['Crime', 'Thriller']",116508
732,Original Gangstas (1996),['Crime'],117260
733,"Rock, The (1996)","['Action', 'Adventure', 'Thriller']",117500
735,Cemetery Man (Dellamorte Dellamore) (1994),['Horror'],109592
736,Twister (1996),"['Action', 'Adventure', 'Romance', 'Thriller']",117998
737,Barb Wire (1996),"['Action', 'Sci-Fi']",115624
741,Ghost in the Shell (Kôkaku kidôtai) (1995),"['Animation', 'Sci-Fi']",113568
742,Thinner (1996),"['Horror', 'Thriller']",117894
743,Spy Hard (1996),['Comedy'],117723
745,Wallace & Gromit: A Close Shave (1995),"['Animation', 'Children', 'Comedy']",112691
746,Force of Evil (1948),['Film-Noir'],40366
747,"Stupids, The (1996)",['Comedy'],117768
748,"Arrival, The (1996)","['Action', 'Sci-Fi', 'Thriller']",115571
750,Dr. Strangelove or: How I Learned to Stop Worrying and Love the Bomb (1964),"['Comedy', 'War']",57012
751,Careful (1992),"['Comedy', 'Horror']",103926
753,"Month by the Lake, A (1995)","['Comedy', 'Drama', 'Romance']",113849
754,Gold Diggers: The Secret of Bear Mountain (1995),"['Adventure', 'Children']",113188
755,Kim (1950),"['Children', 'Drama']",42644
756,Carmen Miranda: Bananas Is My Business (1994),['Documentary'],109381
757,Ashes of Time (Dung che sai duk) (1994),['Drama'],109688
759,Maya Lin: A Strong Clear Vision (1994),['Documentary'],110480
760,Stalingrad (1993),"['Drama', 'War']",108211
761,"Phantom, The (1996)","['Action', 'Adventure']",117331
762,Striptease (1996),"['Comedy', 'Crime']",117765
764,Heavy (1995),"['Drama', 'Romance']",113280
765,Jack (1996),"['Comedy', 'Drama']",116669
766,I Shot Andy Warhol (1996),['Drama'],116594
767,"Grass Harp, The (1995)","['Comedy', 'Drama']",113211
769,Marlene Dietrich: Shadow and Light (1996),['Documentary'],116992
771,"Life Is Rosy (a.k.a. Life Is Beautiful) (Vie est belle, La) (1987)","['Comedy', 'Drama']",94265
775,Spirits of the Dead (1968),"['Horror', 'Mystery']",63715
778,Trainspotting (1996),"['Comedy', 'Crime', 'Drama']",117951
779,'Til There Was You (1997),"['Drama', 'Romance']",118523
780,Independence Day (a.k.a. ID4) (1996),"['Action', 'Adventure', 'Sci-Fi', 'Thriller']",116629
781,Stealing Beauty (1996),['Drama'],117737
782,"Fan, The (1996)","['Drama', 'Thriller']",116277
783,"Hunchback of Notre Dame, The (1996)","['Animation', 'Children', 'Drama', 'Musical', 'Romance']",116583
784,"Cable Guy, The (1996)","['Comedy', 'Thriller']",115798
785,Kingpin (1996),['Comedy'],116778
786,Eraser (1996),"['Action', 'Drama', 'Thriller']",116213
788,"Nutty Professor, The (1996)","['Comedy', 'Fantasy', 'Romance', 'Sci-Fi']",117218
793,My Life and Times With Antonin Artaud (En compagnie d'Antonin Artaud) (1993),['Drama'],106810
794,Midnight Dancers (Sibak) (1994),"['Comedy', 'Drama']",111180
798,Daylight (1996),"['Action', 'Adventure', 'Drama', 'Thriller']",116040
799,"Frighteners, The (1996)","['Comedy', 'Horror', 'Thriller']",116365
800,Lone Star (1996),"['Drama', 'Mystery', 'Western']",116905
801,Harriet the Spy (1996),"['Children', 'Comedy']",116493
802,Phenomenon (1996),"['Drama', 'Romance']",117333
803,Walking and Talking (1996),"['Comedy', 'Drama', 'Romance']",118113
804,She's the One (1996),"['Comedy', 'Romance']",117628
805,"Time to Kill, A (1996)","['Drama', 'Thriller']",117913
806,American Buffalo (1996),"['Crime', 'Drama']",115530
807,"Rendezvous in Paris (Rendez-vous de Paris, Les) (1995)","['Comedy', 'Romance']",114266
808,Alaska (1996),"['Adventure', 'Children']",115493
809,Fled (1996),"['Action', 'Adventure']",116320
810,Kazaam (1996),"['Children', 'Comedy', 'Fantasy']",116756
813,Larger Than Life (1996),['Comedy'],116823
818,"Very Brady Sequel, A (1996)",['Comedy'],118073
824,Kaspar Hauser (1993),"['Drama', 'Mystery']",110246
828,"Adventures of Pinocchio, The (1996)","['Adventure', 'Children']",115472
829,Joe's Apartment (1996),"['Comedy', 'Fantasy', 'Musical']",116707
830,"First Wives Club, The (1996)",['Comedy'],116313
831,Stonewall (1995),['Drama'],114550
832,Ransom (1996),"['Crime', 'Thriller']",117438
833,High School High (1996),['Comedy'],116531
834,Phat Beach (1996),['Comedy'],117332
835,Foxfire (1996),['Drama'],116353
836,Chain Reaction (1996),"['Action', 'Adventure', 'Thriller']",115857
837,Matilda (1996),"['Children', 'Comedy', 'Fantasy']",117008
838,Emma (1996),"['Comedy', 'Drama', 'Romance']",116191
839,"Crow: City of Angels, The (1996)","['Action', 'Thriller']",115986
840,House Arrest (1996),"['Children', 'Comedy']",116571
841,"Eyes Without a Face (Yeux sans visage, Les) (1959)",['Horror'],53459
842,Tales from the Crypt Presents: Bordello of Blood (1996),"['Comedy', 'Horror']",117826
844,"Story of Xinghua, The (Xinghua san yue tian) (1994)",['Drama'],108227
846,Flirt (1995),['Drama'],113080
848,"Spitfire Grill, The (1996)",['Drama'],117718
849,Escape from L.A. (1996),"['Action', 'Adventure', 'Sci-Fi', 'Thriller']",116225
850,Cyclo (Xich lo) (1995),"['Crime', 'Drama']",112767
851,Basquiat (1996),['Drama'],115632
852,Tin Cup (1996),"['Comedy', 'Drama', 'Romance']",117918
853,Dingo (1991),['Drama'],104109
854,"Ballad of Narayama, The (Narayama Bushiko) (1958)",['Drama'],51980
858,"Godfather, The (1972)","['Crime', 'Drama']",68646
860,"Maybe, Maybe Not (Bewegte Mann, Der) (1994)",['Comedy'],109255
861,Supercop (Police Story 3: Supercop) (Jing cha gu shi III: Chao ji jing cha) (1992),"['Action', 'Comedy', 'Crime', 'Thriller']",104558
862,Manny & Lo (1996),['Drama'],116985
866,Bound (1996),"['Crime', 'Drama', 'Romance', 'Thriller']",115736
867,Carpool (1996),"['Comedy', 'Crime']",115836
868,Death in Brunswick (1991),['Comedy'],101692
869,Kansas City (1996),"['Crime', 'Drama', 'Musical', 'Thriller']",116745
870,Gone Fishin' (1997),['Comedy'],119214
872,Vive L'Amour (Ai qing wan sui) (1994),['Drama'],109066
875,Nothing to Lose (1994),"['Action', 'Crime', 'Drama']",110693
876,Supercop 2 (Project S) (Chao ji ji hua) (1993),"['Action', 'Comedy', 'Crime', 'Thriller']",106544
877,Girls Town (1996),"['Comedy', 'Drama']",116418
879,"Relic, The (1997)","['Horror', 'Thriller']",120004
880,"Island of Dr. Moreau, The (1996)","['Sci-Fi', 'Thriller']",116654
881,First Kid (1996),"['Children', 'Comedy']",116311
882,"Trigger Effect, The (1996)","['Drama', 'Thriller']",117965
885,Bogus (1996),"['Children', 'Drama', 'Fantasy']",115725
886,Bulletproof (1996),"['Action', 'Comedy', 'Crime']",115783
888,Land Before Time III: The Time of the Great Giving (1995),"['Adventure', 'Animation', 'Children', 'Musical']",113596
891,Halloween: The Curse of Michael Myers (Halloween 6: The Curse of Michael Myers) (1995),"['Horror', 'Thriller']",113253
892,Twelfth Night (1996),"['Comedy', 'Drama', 'Romance']",117991
893,Mother Night (1996),['Drama'],117093
896,Wild Reeds (Les roseaux sauvages) (1994),['Drama'],111019
897,For Whom the Bell Tolls (1943),"['Adventure', 'Drama', 'Romance', 'War']",35896
898,"Philadelphia Story, The (1940)","['Comedy', 'Drama', 'Romance']",32904
899,Singin' in the Rain (1952),"['Comedy', 'Musical', 'Romance']",45152
900,"American in Paris, An (1951)","['Musical', 'Romance']",43278
901,Funny Face (1957),"['Comedy', 'Musical']",50419
902,Breakfast at Tiffany's (1961),"['Drama', 'Romance']",54698
903,Vertigo (1958),"['Drama', 'Mystery', 'Romance', 'Thriller']",52357
904,Rear Window (1954),"['Mystery', 'Thriller']",47396
905,It Happened One Night (1934),"['Comedy', 'Romance']",25316
906,Gaslight (1944),"['Drama', 'Thriller']",36855
907,"Gay Divorcee, The (1934)","['Comedy', 'Musical', 'Romance']",25164
908,North by Northwest (1959),"['Action', 'Adventure', 'Mystery', 'Romance', 'Thriller']",53125
909,"Apartment, The (1960)","['Comedy', 'Drama', 'Romance']",53604
910,Some Like It Hot (1959),"['Comedy', 'Crime']",53291
911,Charade (1963),"['Comedy', 'Crime', 'Mystery', 'Romance', 'Thriller']",56923
912,Casablanca (1942),"['Drama', 'Romance']",34583
913,"Maltese Falcon, The (1941)","['Film-Noir', 'Mystery']",33870
914,My Fair Lady (1964),"['Comedy', 'Drama', 'Musical', 'Romance']",58385
915,Sabrina (1954),"['Comedy', 'Romance']",47437
916,Roman Holiday (1953),"['Comedy', 'Drama', 'Romance']",46250
917,"Little Princess, The (1939)","['Children', 'Drama']",31580
918,Meet Me in St. Louis (1944),['Musical'],37059
919,"Wizard of Oz, The (1939)","['Adventure', 'Children', 'Fantasy', 'Musical']",32138
920,Gone with the Wind (1939),"['Drama', 'Romance', 'War']",31381
921,My Favorite Year (1982),['Comedy'],84370
922,Sunset Blvd. (a.k.a. Sunset Boulevard) (1950),"['Drama', 'Film-Noir', 'Romance']",43014
923,Citizen Kane (1941),"['Drama', 'Mystery']",33467
924,2001: A Space Odyssey (1968),"['Adventure', 'Drama', 'Sci-Fi']",62622
926,All About Eve (1950),['Drama'],42192
927,"Women, The (1939)",['Comedy'],32143
928,Rebecca (1940),"['Drama', 'Mystery', 'Romance', 'Thriller']",32976
929,Foreign Correspondent (1940),"['Drama', 'Film-Noir', 'Mystery', 'Thriller']",32484
930,Notorious (1946),"['Film-Noir', 'Romance', 'Thriller']",38787
931,Spellbound (1945),"['Mystery', 'Romance', 'Thriller']",38109
932,"Affair to Remember, An (1957)","['Drama', 'Romance']",50105
933,To Catch a Thief (1955),"['Crime', 'Mystery', 'Romance', 'Thriller']",48728
934,Father of the Bride (1950),['Comedy'],42451
935,"Band Wagon, The (1953)","['Comedy', 'Musical']",45537
936,Ninotchka (1939),"['Comedy', 'Romance']",31725
937,Love in the Afternoon (1957),"['Comedy', 'Romance']",50658
938,Gigi (1958),['Musical'],51658
940,"Adventures of Robin Hood, The (1938)","['Action', 'Adventure', 'Romance']",29843
941,"Mark of Zorro, The (1940)",['Adventure'],32762
942,Laura (1944),"['Crime', 'Film-Noir', 'Mystery']",37008
943,"Ghost and Mrs. Muir, The (1947)","['Drama', 'Fantasy', 'Romance']",39420
944,Lost Horizon (1937),['Drama'],29162
945,Top Hat (1935),"['Comedy', 'Musical', 'Romance']",27125
946,To Be or Not to Be (1942),"['Comedy', 'Drama', 'War']",35446
947,My Man Godfrey (1936),"['Comedy', 'Romance']",28010
948,Giant (1956),"['Drama', 'Romance', 'Western']",49261
949,East of Eden (1955),['Drama'],48028
950,"Thin Man, The (1934)","['Comedy', 'Crime']",25878
951,His Girl Friday (1940),"['Comedy', 'Romance']",32599
952,Around the World in 80 Days (1956),"['Adventure', 'Comedy']",48960
953,It's a Wonderful Life (1946),"['Drama', 'Fantasy', 'Romance']",38650
954,Mr. Smith Goes to Washington (1939),['Drama'],31679
955,Bringing Up Baby (1938),"['Comedy', 'Romance']",29947
956,Penny Serenade (1941),"['Drama', 'Romance']",34012
957,"Scarlet Letter, The (1926)",['Drama'],17350
959,Of Human Bondage (1934),['Drama'],25586
960,Angel on My Shoulder (1946),"['Crime', 'Drama']",38300
961,Little Lord Fauntleroy (1936),['Drama'],27893
963,"Inspector General, The (1949)",['Musical'],41509
964,Angel and the Badman (1947),"['Romance', 'Western']",39152
965,"39 Steps, The (1935)","['Drama', 'Mystery', 'Thriller']",26029
966,"Walk in the Sun, A (1945)",['War'],38235
967,"Outlaw, The (1943)",['Western'],36241
968,Night of the Living Dead (1968),"['Horror', 'Sci-Fi', 'Thriller']",63350
969,"African Queen, The (1951)","['Adventure', 'Comedy', 'Romance', 'War']",43265
970,Beat the Devil (1953),"['Adventure', 'Comedy', 'Crime', 'Drama', 'Romance']",46414
971,Cat on a Hot Tin Roof (1958),['Drama'],51459
972,"Last Time I Saw Paris, The (1954)",['Drama'],47162
973,Meet John Doe (1941),"['Comedy', 'Drama']",33891
974,Algiers (1938),"['Drama', 'Romance']",29855
976,"Farewell to Arms, A (1932)","['Romance', 'War']",22879
980,"Yes, Madam (a.k.a. Police Assassins) (a.k.a. In the Line of Duty 2) (Huang gu shi jie) (1985)",['Action'],93229
981,Dangerous Ground (1997),['Drama'],118927
982,Picnic (1955),['Drama'],48491
984,"Pompatus of Love, The (1996)","['Comedy', 'Drama']",117357
986,Fly Away Home (1996),"['Adventure', 'Children']",116329
987,Bliss (1997),"['Drama', 'Romance']",118742
988,Grace of My Heart (1996),"['Comedy', 'Drama']",116442
990,Maximum Risk (1996),"['Action', 'Adventure', 'Thriller']",117011
991,Michael Collins (1996),['Drama'],117039
992,"Rich Man's Wife, The (1996)",['Thriller'],117473
993,Infinity (1996),['Drama'],116635
994,Big Night (1996),"['Comedy', 'Drama']",115678
996,Last Man Standing (1996),"['Action', 'Crime', 'Drama', 'Thriller']",116830
997,Caught (1996),"['Drama', 'Thriller']",115847
998,Set It Off (1996),"['Action', 'Crime']",117603
999,2 Days in the Valley (1996),"['Crime', 'Film-Noir']",115438
1000,Curdled (1996),['Crime'],115994
1002,Ed's Next Move (1996),"['Comedy', 'Romance']",116167
1003,Extreme Measures (1996),"['Drama', 'Thriller']",116259
1004,"Glimmer Man, The (1996)","['Action', 'Thriller']",116421
1005,D3: The Mighty Ducks (1996),"['Children', 'Comedy']",116000
1006,"Chamber, The (1996)",['Drama'],115862
1007,"Apple Dumpling Gang, The (1975)","['Children', 'Comedy', 'Western']",72653
1008,"Davy Crockett, King of the Wild Frontier (1955)","['Adventure', 'Western']",47977
1009,Escape to Witch Mountain (1975),"['Adventure', 'Children', 'Fantasy']",72951
1010,"Love Bug, The (1969)","['Children', 'Comedy']",64603
1011,Herbie Rides Again (1974),"['Adventure', 'Children', 'Comedy']",71607
1012,Old Yeller (1957),"['Children', 'Drama']",50798
1013,"Parent Trap, The (1961)","['Children', 'Comedy', 'Romance']",55277
1014,Pollyanna (1960),"['Children', 'Comedy', 'Drama']",54195
1015,Homeward Bound: The Incredible Journey (1993),"['Adventure', 'Children', 'Drama']",107131
1016,"Shaggy Dog, The (1959)","['Children', 'Comedy']",53271
1017,Swiss Family Robinson (1960),"['Adventure', 'Children']",54357
1018,That Darn Cat! (1965),"['Children', 'Comedy', 'Mystery']",59793
1019,"20,000 Leagues Under the Sea (1954)","['Adventure', 'Drama', 'Sci-Fi']",46672
1020,Cool Runnings (1993),['Comedy'],106611
1021,Angels in the Outfield (1994),"['Children', 'Comedy']",109127
1022,Cinderella (1950),"['Animation', 'Children', 'Fantasy', 'Musical', 'Romance']",42332
1023,Winnie the Pooh and the Blustery Day (1968),"['Animation', 'Children', 'Musical']",63819
1024,"Three Caballeros, The (1945)","['Animation', 'Children', 'Musical']",38166
1025,"Sword in the Stone, The (1963)","['Animation', 'Children', 'Fantasy', 'Musical']",57546
1026,So Dear to My Heart (1949),"['Children', 'Drama']",41890
1027,Robin Hood: Prince of Thieves (1991),"['Adventure', 'Drama']",102798
1028,Mary Poppins (1964),"['Children', 'Comedy', 'Fantasy', 'Musical']",58331
1029,Dumbo (1941),"['Animation', 'Children', 'Drama', 'Musical']",33563
1030,Pete's Dragon (1977),"['Adventure', 'Animation', 'Children', 'Musical']",76538
1031,Bedknobs and Broomsticks (1971),"['Adventure', 'Children', 'Musical']",66817
1032,Alice in Wonderland (1951),"['Adventure', 'Animation', 'Children', 'Fantasy', 'Musical']",43274
1033,"Fox and the Hound, The (1981)","['Animation', 'Children', 'Drama']",82406
1034,Freeway (1996),"['Comedy', 'Crime', 'Drama', 'Thriller']",116361
1035,"Sound of Music, The (1965)","['Musical', 'Romance']",59742
1036,Die Hard (1988),"['Action', 'Crime', 'Thriller']",95016
1037,"Lawnmower Man, The (1992)","['Action', 'Horror', 'Sci-Fi', 'Thriller']",104692
1038,Unhook the Stars (1996),['Drama'],118044
1040,"Secret Agent, The (1996)",['Drama'],117582
1041,Secrets & Lies (1996),['Drama'],117589
1042,That Thing You Do! (1996),"['Comedy', 'Drama']",117887
1043,To Gillian on Her 37th Birthday (1996),"['Drama', 'Romance']",117924
1044,Surviving Picasso (1996),['Drama'],117791
1046,Beautiful Thing (1996),"['Drama', 'Romance']",115640
1047,"Long Kiss Goodnight, The (1996)","['Action', 'Drama', 'Thriller']",116908
1049,"Ghost and the Darkness, The (1996)","['Action', 'Adventure']",116409
1050,Looking for Richard (1996),"['Documentary', 'Drama']",116913
1051,Trees Lounge (1996),['Drama'],117958
1053,Normal Life (1996),"['Crime', 'Drama', 'Romance']",117202
1054,Get on the Bus (1996),['Drama'],116404
1055,Shadow Conspiracy (1997),['Thriller'],120107
1056,Jude (1996),['Drama'],116722
1057,Everyone Says I Love You (1996),"['Comedy', 'Musical', 'Romance']",116242
1058,Bitter Sugar (Azúcar amarga) (1996),['Drama'],115600
1059,William Shakespeare's Romeo + Juliet (1996),"['Drama', 'Romance']",117509
1060,Swingers (1996),"['Comedy', 'Drama']",117802
1061,Sleepers (1996),['Thriller'],117665
1062,"Sunchaser, The (1996)",['Drama'],117781
1063,Johns (1996),['Drama'],116714
1064,Aladdin and the King of Thieves (1996),"['Animation', 'Children', 'Comedy', 'Fantasy', 'Musical', 'Romance']",115491
1066,Shall We Dance (1937),"['Comedy', 'Musical', 'Romance']",29546
1067,"Damsel in Distress, A (1937)","['Comedy', 'Musical', 'Romance']",28757
1068,Crossfire (1947),"['Crime', 'Film-Noir']",39286
1069,"Murder, My Sweet (1944)","['Crime', 'Film-Noir', 'Thriller']",37101
1073,Willy Wonka & the Chocolate Factory (1971),"['Children', 'Comedy', 'Fantasy', 'Musical']",67992
1076,"Innocents, The (1961)","['Drama', 'Horror', 'Thriller']",55018
1077,Sleeper (1973),"['Comedy', 'Sci-Fi']",70707
1078,Bananas (1971),"['Comedy', 'War']",66808
1079,"Fish Called Wanda, A (1988)","['Comedy', 'Crime']",95159
1080,Monty Python's Life of Brian (1979),['Comedy'],79470
1081,Victor/Victoria (1982),"['Comedy', 'Musical', 'Romance']",84865
1082,"Candidate, The (1972)",['Drama'],68334
1083,"Great Race, The (1965)","['Comedy', 'Musical']",59243
1084,Bonnie and Clyde (1967),"['Crime', 'Drama']",61418
1085,"Old Man and the Sea, The (1958)","['Adventure', 'Drama']",52027
1086,Dial M for Murder (1954),"['Crime', 'Mystery', 'Thriller']",46912
1087,Madame Butterfly (1995),['Musical'],113731
1088,Dirty Dancing (1987),"['Drama', 'Musical', 'Romance']",92890
1089,Reservoir Dogs (1992),"['Crime', 'Mystery', 'Thriller']",105236
1090,Platoon (1986),"['Drama', 'War']",91763
1091,Weekend at Bernie's (1989),['Comedy'],98627
1092,Basic Instinct (1992),"['Crime', 'Mystery', 'Thriller']",103772
1093,"Doors, The (1991)",['Drama'],101761
1094,"Crying Game, The (1992)","['Drama', 'Romance', 'Thriller']",104036
1095,Glengarry Glen Ross (1992),['Drama'],104348
1096,Sophie's Choice (1982),['Drama'],84707
1097,E.T. the Extra-Terrestrial (1982),"['Children', 'Drama', 'Sci-Fi']",83866
1099,"Christmas Carol, A (1938)","['Children', 'Drama', 'Fantasy']",29992
1100,Days of Thunder (1990),"['Action', 'Drama', 'Romance']",99371
1101,Top Gun (1986),"['Action', 'Romance']",92099
1102,American Strays (1996),['Action'],115531
1103,Rebel Without a Cause (1955),['Drama'],48545
1104,"Streetcar Named Desire, A (1951)",['Drama'],44081
1105,Children of the Corn IV: The Gathering (1996),['Horror'],115885
1107,Loser (1991),['Comedy'],102336
1111,Microcosmos (Microcosmos: Le peuple de l'herbe) (1996),['Documentary'],117040
1112,Palookaville (1996),"['Action', 'Comedy', 'Drama']",117284
1113,"Associate, The (1996)",['Comedy'],115580
1114,"Funeral, The (1996)","['Crime', 'Drama']",116378
1116,"Single Girl, A (Fille seule, La) (1995)",['Drama'],113057
1117,"Eighth Day, The (Huitième jour, Le) (1996)",['Drama'],116581
1119,Drunks (1995),['Drama'],112907
1120,"People vs. Larry Flynt, The (1996)","['Comedy', 'Drama']",117318
1121,Glory Daze (1995),['Drama'],116422
1123,"Perfect Candidate, A (1996)",['Documentary'],117320
1124,On Golden Pond (1981),['Drama'],82846
1125,"Return of the Pink Panther, The (1975)","['Comedy', 'Crime']",72081
1126,Drop Dead Fred (1991),"['Comedy', 'Fantasy']",101775
1127,"Abyss, The (1989)","['Action', 'Adventure', 'Sci-Fi', 'Thriller']",96754
1128,"Fog, The (1980)",['Horror'],80749
1129,Escape from New York (1981),"['Action', 'Adventure', 'Sci-Fi', 'Thriller']",82340
1130,"Howling, The (1980)","['Horror', 'Mystery']",82533
1131,Jean de Florette (1986),"['Drama', 'Mystery']",91288
1132,Manon of the Spring (Manon des sources) (1986),['Drama'],91480
1135,Private Benjamin (1980),['Comedy'],81375
1136,Monty Python and the Holy Grail (1975),"['Adventure', 'Comedy', 'Fantasy']",71853
1144,"Line King: The Al Hirschfeld Story, The (1996)",['Documentary'],116886
1147,When We Were Kings (1996),['Documentary'],118147
1148,Wallace & Gromit: The Wrong Trousers (1993),"['Animation', 'Children', 'Comedy', 'Crime']",108598
1150,"Return of Martin Guerre, The (Retour de Martin Guerre, Le) (1982)",['Drama'],84589
1151,Faust (1994),"['Animation', 'Comedy', 'Thriller']",109781
1152,He Walked by Night (1948),"['Crime', 'Film-Noir', 'Thriller']",40427
1153,Raw Deal (1948),['Film-Noir'],40723
1154,T-Men (1947),['Film-Noir'],39881
1161,"Tin Drum, The (Blechtrommel, Die) (1979)","['Drama', 'War']",78875
1162,"Ruling Class, The (1972)","['Comedy', 'Drama']",69198
1163,Mina Tannenbaum (1994),['Drama'],110521
1164,2 ou 3 choses que je sais d'elle (2 or 3 Things I Know About Her) (1967),['Drama'],60304
1167,Dear God (1996),['Comedy'],116059
1168,Bad Moon (1996),"['Action', 'Adventure', 'Horror']",115610
1169,American Dream (1990),['Documentary'],99028
1170,Best of the Best 3: No Turning Back (1995),['Action'],112483
1171,Bob Roberts (1992),['Comedy'],103850
1172,Cinema Paradiso (Nuovo cinema Paradiso) (1989),['Drama'],95765
1173,"Cook the Thief His Wife & Her Lover, The (1989)","['Comedy', 'Drama']",97108
1174,Dead Tired (Grosse Fatigue) (1994),['Comedy'],109942
1175,Delicatessen (1991),"['Comedy', 'Drama', 'Romance']",101700
1176,"Double Life of Veronique, The (Double Vie de Véronique, La) (1991)","['Drama', 'Fantasy', 'Romance']",101765
1177,Enchanted April (1992),"['Drama', 'Romance']",101811
1178,Paths of Glory (1957),"['Drama', 'War']",50825
1179,"Grifters, The (1990)","['Crime', 'Drama', 'Film-Noir']",99703
1180,Hear My Song (1991),['Comedy'],102014
1183,"English Patient, The (1996)","['Drama', 'Romance', 'War']",116209
1184,Mediterraneo (1991),"['Comedy', 'Drama']",102426
1185,My Left Foot (1989),['Drama'],97937
1186,"Sex, Lies, and Videotape (1989)",['Drama'],98724
1187,Passion Fish (1992),['Drama'],105107
1188,Strictly Ballroom (1992),"['Comedy', 'Romance']",105488
1189,"Thin Blue Line, The (1988)",['Documentary'],96257
1190,Tie Me Up! Tie Me Down! (¡Átame!) (1990),"['Crime', 'Drama', 'Romance']",101026
1191,Madonna: Truth or Dare (1991),"['Documentary', 'Musical']",102370
1192,Paris Is Burning (1990),['Documentary'],100332
1193,One Flew Over the Cuckoo's Nest (1975),['Drama'],73486
1194,Cheech and Chong's Up in Smoke (1978),['Comedy'],78446
1196,Star Wars: Episode V - The Empire Strikes Back (1980),"['Action', 'Adventure', 'Sci-Fi']",80684
1197,"Princess Bride, The (1987)","['Action', 'Adventure', 'Comedy', 'Fantasy', 'Romance']",93779
1198,Raiders of the Lost Ark (Indiana Jones and the Raiders of the Lost Ark) (1981),"['Action', 'Adventure']",82971
1199,Brazil (1985),"['Fantasy', 'Sci-Fi']",88846
1200,Aliens (1986),"['Action', 'Adventure', 'Horror', 'Sci-Fi']",90605
1201,"Good, the Bad and the Ugly, The (Buono, il brutto, il cattivo, Il) (1966)","['Action', 'Adventure', 'Western']",60196
1202,Withnail & I (1987),['Comedy'],94336
1203,12 Angry Men (1957),['Drama'],50083
1204,Lawrence of Arabia (1962),"['Adventure', 'Drama', 'War']",56172
1206,"Clockwork Orange, A (1971)","['Crime', 'Drama', 'Sci-Fi', 'Thriller']",66921
1207,To Kill a Mockingbird (1962),['Drama'],56592
1208,Apocalypse Now (1979),"['Action', 'Drama', 'War']",78788
1209,Once Upon a Time in the West (C'era una volta il West) (1968),"['Action', 'Drama', 'Western']",64116
1210,Star Wars: Episode VI - Return of the Jedi (1983),"['Action', 'Adventure', 'Sci-Fi']",86190
1211,"Wings of Desire (Himmel über Berlin, Der) (1987)","['Drama', 'Fantasy', 'Romance']",93191
1212,"Third Man, The (1949)","['Film-Noir', 'Mystery', 'Thriller']",41959
1213,Goodfellas (1990),"['Crime', 'Drama']",99685
1214,Alien (1979),"['Horror', 'Sci-Fi']",78748
1215,Army of Darkness (1993),"['Action', 'Adventure', 'Comedy', 'Fantasy', 'Horror']",106308
1216,"Big Blue, The (Grand bleu, Le) (1988)","['Adventure', 'Drama', 'Romance']",95250
1217,Ran (1985),"['Drama', 'War']",89881
1218,"Killer, The (Die xue shuang xiong) (1989)","['Action', 'Crime', 'Drama', 'Thriller']",97202
1219,Psycho (1960),"['Crime', 'Horror']",54215
1220,"Blues Brothers, The (1980)","['Action', 'Comedy', 'Musical']",80455
1221,"Godfather: Part II, The (1974)","['Crime', 'Drama']",71562
1222,Full Metal Jacket (1987),"['Drama', 'War']",93058
1223,"Grand Day Out with Wallace and Gromit, A (1989)","['Adventure', 'Animation', 'Children', 'Comedy', 'Sci-Fi']",104361
1224,Henry V (1989),"['Action', 'Drama', 'Romance', 'War']",97499
1225,Amadeus (1984),['Drama'],86879
1226,"Quiet Man, The (1952)","['Drama', 'Romance']",45061
1227,Once Upon a Time in America (1984),"['Crime', 'Drama']",87843
1228,Raging Bull (1980),['Drama'],81398
1230,Annie Hall (1977),"['Comedy', 'Romance']",75686
1231,"Right Stuff, The (1983)",['Drama'],86197
1232,Stalker (1979),"['Drama', 'Mystery', 'Sci-Fi']",79944
1233,"Boot, Das (Boat, The) (1981)","['Action', 'Drama', 'War']",82096
1234,"Sting, The (1973)","['Comedy', 'Crime']",70735
1235,Harold and Maude (1971),"['Comedy', 'Drama', 'Romance']",67185
1236,Trust (1990),"['Comedy', 'Drama', 'Romance']",103130
1237,"Seventh Seal, The (Sjunde inseglet, Det) (1957)",['Drama'],50976
1238,Local Hero (1983),['Comedy'],85859
1240,"Terminator, The (1984)","['Action', 'Sci-Fi', 'Thriller']",88247
1241,Dead Alive (Braindead) (1992),"['Comedy', 'Fantasy', 'Horror']",103873
1242,Glory (1989),"['Drama', 'War']",97441
1243,Rosencrantz and Guildenstern Are Dead (1990),"['Comedy', 'Drama']",100519
1244,Manhattan (1979),"['Comedy', 'Drama', 'Romance']",79522
1245,Miller's Crossing (1990),"['Crime', 'Drama', 'Film-Noir', 'Thriller']",100150
1246,Dead Poets Society (1989),['Drama'],97165
1247,"Graduate, The (1967)","['Comedy', 'Drama', 'Romance']",61722
1248,Touch of Evil (1958),"['Crime', 'Film-Noir', 'Thriller']",52311
1249,"Femme Nikita, La (Nikita) (1990)","['Action', 'Crime', 'Romance', 'Thriller']",100263
1250,"Bridge on the River Kwai, The (1957)","['Adventure', 'Drama', 'War']",50212
1251,8 1/2 (8½) (1963),"['Drama', 'Fantasy']",56801
1252,Chinatown (1974),"['Crime', 'Film-Noir', 'Mystery', 'Thriller']",71315
1253,"Day the Earth Stood Still, The (1951)","['Drama', 'Sci-Fi', 'Thriller']",43456
1254,"Treasure of the Sierra Madre, The (1948)","['Action', 'Adventure', 'Drama', 'Western']",40897
1255,Bad Taste (1987),"['Comedy', 'Horror', 'Sci-Fi']",92610
1256,Duck Soup (1933),"['Comedy', 'Musical', 'War']",23969
1257,Better Off Dead... (1985),"['Comedy', 'Romance']",88794
1258,"Shining, The (1980)",['Horror'],81505
1259,Stand by Me (1986),"['Adventure', 'Drama']",92005
1260,M (1931),"['Crime', 'Film-Noir', 'Thriller']",22100
1261,Evil Dead II (Dead by Dawn) (1987),"['Action', 'Comedy', 'Fantasy', 'Horror']",92991
1262,"Great Escape, The (1963)","['Action', 'Adventure', 'Drama', 'War']",57115
1263,"Deer Hunter, The (1978)","['Drama', 'War']",77416
1264,Diva (1981),"['Action', 'Drama', 'Mystery', 'Romance', 'Thriller']",82269
1265,Groundhog Day (1993),"['Comedy', 'Fantasy', 'Romance']",107048
1266,Unforgiven (1992),"['Drama', 'Western']",105695
1267,"Manchurian Candidate, The (1962)","['Crime', 'Thriller', 'War']",56218
1268,Pump Up the Volume (1990),"['Comedy', 'Drama']",100436
1269,Arsenic and Old Lace (1944),"['Comedy', 'Mystery', 'Thriller']",36613
1270,Back to the Future (1985),"['Adventure', 'Comedy', 'Sci-Fi']",88763
1271,Fried Green Tomatoes (1991),"['Comedy', 'Crime', 'Drama']",101921
1272,Patton (1970),"['Drama', 'War']",66206
1273,Down by Law (1986),"['Comedy', 'Drama', 'Film-Noir']",90967
1274,Akira (1988),"['Action', 'Adventure', 'Animation', 'Sci-Fi']",94625
1275,Highlander (1986),"['Action', 'Adventure', 'Fantasy']",91203
1276,Cool Hand Luke (1967),['Drama'],61512
1277,Cyrano de Bergerac (1990),"['Comedy', 'Drama', 'Romance']",99334
1278,Young Frankenstein (1974),"['Comedy', 'Fantasy']",72431
1279,Night on Earth (1991),"['Comedy', 'Drama']",102536
1280,Raise the Red Lantern (Da hong deng long gao gao gua) (1991),['Drama'],101640
1281,"Great Dictator, The (1940)","['Comedy', 'Drama', 'War']",32553
1282,Fantasia (1940),"['Animation', 'Children', 'Fantasy', 'Musical']",32455
1283,High Noon (1952),"['Drama', 'Western']",44706
1284,"Big Sleep, The (1946)","['Crime', 'Film-Noir', 'Mystery']",38355
1285,Heathers (1989),['Comedy'],97493
1286,Somewhere in Time (1980),"['Drama', 'Romance']",81534
1287,Ben-Hur (1959),"['Action', 'Adventure', 'Drama']",52618
1288,This Is Spinal Tap (1984),['Comedy'],88258
1289,Koyaanisqatsi (a.k.a. Koyaanisqatsi: Life Out of Balance) (1983),['Documentary'],85809
1290,Some Kind of Wonderful (1987),"['Drama', 'Romance']",94006
1291,Indiana Jones and the Last Crusade (1989),"['Action', 'Adventure']",97576
1292,Being There (1979),"['Comedy', 'Drama']",78841
1293,Gandhi (1982),['Drama'],83987
1295,"Unbearable Lightness of Being, The (1988)",['Drama'],96332
1296,"Room with a View, A (1986)","['Drama', 'Romance']",91867
1297,Real Genius (1985),['Comedy'],89886
1298,Pink Floyd: The Wall (1982),"['Drama', 'Musical']",84503
1299,"Killing Fields, The (1984)","['Drama', 'War']",87553
1300,My Life as a Dog (Mitt liv som hund) (1985),"['Comedy', 'Drama']",89606
1301,Forbidden Planet (1956),"['Drama', 'Sci-Fi']",49223
1302,Field of Dreams (1989),"['Children', 'Drama', 'Fantasy']",97351
1303,"Man Who Would Be King, The (1975)","['Adventure', 'Drama']",73341
1304,Butch Cassidy and the Sundance Kid (1969),"['Action', 'Western']",64115
1305,"Paris, Texas (1984)","['Drama', 'Romance']",87884
1306,Until the End of the World (Bis ans Ende der Welt) (1991),"['Adventure', 'Drama', 'Sci-Fi']",101458
1307,When Harry Met Sally... (1989),"['Comedy', 'Romance']",98635
1310,Hype! (1996),['Documentary'],116589
1311,Santa with Muscles (1996),['Comedy'],117550
1312,Female Perversions (1996),['Drama'],116293
1313,Mad Dog Time (1996),['Crime'],116953
1315,Paris Was a Woman (1995),['Documentary'],114093
1317,I'm Not Rappaport (1996),['Comedy'],116601
1318,Blue Juice (1995),"['Comedy', 'Drama']",112537
1320,Alien³ (a.k.a. Alien 3) (1992),"['Action', 'Horror', 'Sci-Fi', 'Thriller']",103644
1321,"American Werewolf in London, An (1981)","['Comedy', 'Horror', 'Thriller']",82010
1322,Amityville 1992: It's About Time (1992),['Horror'],103678
1323,Amityville 3-D (1983),['Horror'],85159
1324,Amityville: Dollhouse (1996),['Horror'],115535
1325,Amityville: A New Generation (1993),['Horror'],106262
1326,Amityville II: The Possession (1982),['Horror'],83550
1327,"Amityville Horror, The (1979)","['Drama', 'Horror', 'Mystery', 'Thriller']",78767
1328,"Amityville Curse, The (1990)",['Horror'],99030
1329,Blood for Dracula (Andy Warhol's Dracula) (1974),['Horror'],71233
1330,April Fool's Day (1986),['Horror'],90655
1331,Audrey Rose (1977),['Horror'],75704
1332,"Believers, The (1987)","['Horror', 'Thriller']",92632
1333,"Birds, The (1963)","['Horror', 'Thriller']",56869
1334,"Blob, The (1958)","['Horror', 'Sci-Fi']",51418
1335,Blood Beach (1981),"['Horror', 'Mystery']",82083
1336,Body Parts (1991),"['Horror', 'Thriller']",101492
1337,"Body Snatcher, The (1945)","['Drama', 'Horror', 'Thriller']",37549
1339,Dracula (Bram Stoker's Dracula) (1992),"['Fantasy', 'Horror', 'Romance', 'Thriller']",103874
1340,"Bride of Frankenstein, The (Bride of Frankenstein) (1935)","['Drama', 'Horror', 'Sci-Fi']",26138
1341,Burnt Offerings (1976),['Horror'],74258
1342,Candyman (1992),"['Horror', 'Thriller']",103919
1343,Cape Fear (1991),['Thriller'],101540
1344,Cape Fear (1962),"['Crime', 'Drama', 'Thriller']",55824
1345,Carrie (1976),"['Drama', 'Fantasy', 'Horror', 'Thriller']",74285
1346,Cat People (1982),"['Drama', 'Fantasy', 'Horror']",83722
1347,"Nightmare on Elm Street, A (1984)","['Horror', 'Thriller']",87800
1348,"Nosferatu (Nosferatu, eine Symphonie des Grauens) (1922)",['Horror'],13442
1350,"Omen, The (1976)","['Horror', 'Mystery', 'Thriller']",75005
1351,Blood and Wine (Blood & Wine) (1996),"['Crime', 'Drama', 'Thriller']",115710
1352,Albino Alligator (1996),"['Crime', 'Thriller']",115495
1353,"Mirror Has Two Faces, The (1996)","['Comedy', 'Drama', 'Romance']",117057
1354,Breaking the Waves (1996),"['Drama', 'Mystery']",115751
1355,Nightwatch (1997),"['Horror', 'Thriller']",119791
1356,Star Trek: First Contact (1996),"['Action', 'Adventure', 'Sci-Fi', 'Thriller']",117731
1357,Shine (1996),"['Drama', 'Romance']",117631
1358,Sling Blade (1996),['Drama'],117666
1359,Jingle All the Way (1996),"['Children', 'Comedy']",116705
1361,Paradise Lost: The Child Murders at Robin Hood Hills (1996),['Documentary'],117293
1363,"Preacher's Wife, The (1996)",['Drama'],117372
1365,Ridicule (1996),['Drama'],117477
1366,"Crucible, The (1996)",['Drama'],115988
1367,101 Dalmatians (1996),"['Adventure', 'Children', 'Comedy']",115433
1370,Die Hard 2 (1990),"['Action', 'Adventure', 'Thriller']",99423
1371,Star Trek: The Motion Picture (1979),"['Adventure', 'Sci-Fi']",79945
1372,Star Trek VI: The Undiscovered Country (1991),"['Action', 'Mystery', 'Sci-Fi']",102975
1373,Star Trek V: The Final Frontier (1989),"['Action', 'Sci-Fi']",98382
1374,Star Trek II: The Wrath of Khan (1982),"['Action', 'Adventure', 'Sci-Fi', 'Thriller']",84726
1375,Star Trek III: The Search for Spock (1984),"['Action', 'Adventure', 'Sci-Fi']",88170
1376,Star Trek IV: The Voyage Home (1986),"['Adventure', 'Comedy', 'Sci-Fi']",92007
1377,Batman Returns (1992),"['Action', 'Crime']",103776
1378,Young Guns (1988),"['Action', 'Comedy', 'Western']",96487
1379,Young Guns II (1990),"['Action', 'Western']",100994
1380,Grease (1978),"['Comedy', 'Musical', 'Romance']",77631
1381,Grease 2 (1982),"['Comedy', 'Musical', 'Romance']",84021
1382,Marked for Death (1990),"['Action', 'Drama']",100114
1383,Adrenalin: Fear the Rush (1996),"['Action', 'Sci-Fi']",115471
1384,"Substance of Fire, The (1996)",['Drama'],117773
1385,Under Siege (1992),"['Action', 'Drama', 'Thriller']",105690
1387,Jaws (1975),"['Action', 'Horror']",73195
1388,Jaws 2 (1978),"['Horror', 'Thriller']",77766
1389,Jaws 3-D (1983),"['Action', 'Horror']",85750
1390,My Fellow Americans (1996),['Comedy'],117119
1391,Mars Attacks! (1996),"['Action', 'Comedy', 'Sci-Fi']",116996
1392,Citizen Ruth (1996),"['Comedy', 'Drama']",115906
1393,Jerry Maguire (1996),"['Drama', 'Romance']",116695
1394,Raising Arizona (1987),['Comedy'],93822
1395,Tin Men (1987),"['Comedy', 'Drama']",94155
1396,Sneakers (1992),"['Action', 'Comedy', 'Crime', 'Drama', 'Sci-Fi']",105435
1397,Bastard Out of Carolina (1996),['Drama'],115633
1398,In Love and War (1996),"['Romance', 'War']",116621
1399,Marvin's Room (1996),['Drama'],116999
1401,Ghosts of Mississippi (1996),['Drama'],116410
1404,Night Falls on Manhattan (1996),"['Crime', 'Drama']",119783
1405,Beavis and Butt-Head Do America (1996),"['Adventure', 'Animation', 'Comedy', 'Crime']",115641
1406,"Judgement in Stone, A (Cérémonie, La) (1995)",['Drama'],112769
1407,Scream (1996),"['Comedy', 'Horror', 'Mystery', 'Thriller']",117571
1408,"Last of the Mohicans, The (1992)","['Action', 'Romance', 'War', 'Western']",104691
1409,Michael (1996),"['Comedy', 'Drama', 'Fantasy', 'Romance']",117038
1410,"Evening Star, The (1996)","['Comedy', 'Drama']",116240
1411,Hamlet (1996),"['Crime', 'Drama', 'Romance']",116477
1412,Some Mother's Son (1996),['Drama'],117690
1413,"Whole Wide World, The (1996)",['Drama'],118163
1414,Mother (1996),['Comedy'],117091
1415,"Thieves (Voleurs, Les) (1996)","['Crime', 'Drama', 'Romance']",118100
1416,Evita (1996),"['Drama', 'Musical']",116250
1417,"Portrait of a Lady, The (1996)",['Drama'],117364
1419,Walkabout (1971),"['Adventure', 'Drama']",67959
1421,Grateful Dead (1995),['Documentary'],113212
1422,Murder at 1600 (1997),"['Crime', 'Drama', 'Mystery', 'Thriller']",119731
1423,Hearts and Minds (1996),['Drama'],116506
1425,Fierce Creatures (1997),['Comedy'],119115
1426,Zeus and Roxanne (1997),['Children'],120550
1427,Turbulence (1997),"['Action', 'Thriller']",120390
1428,Angel Baby (1995),['Drama'],112362
1429,First Strike (Police Story 4: First Strike) (Ging chaat goo si 4: Ji gaan daan yam mo) (1996),"['Action', 'Adventure', 'Comedy', 'Thriller']",116704
1430,Underworld (1996),"['Comedy', 'Thriller']",120414
1431,Beverly Hills Ninja (1997),"['Action', 'Comedy']",118708
1432,Metro (1997),"['Action', 'Comedy', 'Crime', 'Drama', 'Thriller']",119664
1437,"Cement Garden, The (1993)",['Drama'],106535
1438,Dante's Peak (1997),"['Action', 'Thriller']",118928
1439,Meet Wally Sparks (1997),['Comedy'],119644
1440,Amos & Andrew (1993),['Comedy'],106266
1441,Benny & Joon (1993),"['Comedy', 'Romance']",106387
1442,Prefontaine (1997),['Drama'],119937
1444,Guantanamera (1994),['Comedy'],109949
1445,McHale's Navy (1997),"['Comedy', 'War']",119640
1446,Kolya (Kolja) (1996),"['Comedy', 'Drama']",116790
1447,Gridlock'd (1997),['Crime'],119225
1449,Waiting for Guffman (1996),['Comedy'],118111
1450,Prisoner of the Mountains (Kavkazsky plennik) (1996),['War'],116754
1453,"Beautician and the Beast, The (1997)","['Comedy', 'Romance']",118691
1454,SubUrbia (1997),"['Comedy', 'Drama']",120238
1455,Hotel de Love (1996),"['Comedy', 'Romance']",116565
1456,"Pest, The (1997)",['Comedy'],119887
1457,Fools Rush In (1997),"['Comedy', 'Drama', 'Romance']",119141
1458,Touch (1997),"['Drama', 'Fantasy', 'Romance']",120357
1459,Absolute Power (1997),"['Mystery', 'Thriller']",118548
1460,That Darn Cat (1997),"['Children', 'Comedy', 'Mystery']",120317
1461,Vegas Vacation (National Lampoon's Las Vegas Vacation) (1997),['Comedy'],120434
1463,That Old Feeling (1997),"['Comedy', 'Romance']",120318
1464,Lost Highway (1997),"['Crime', 'Drama', 'Fantasy', 'Film-Noir', 'Mystery', 'Romance']",116922
1465,Rosewood (1997),"['Action', 'Drama']",120036
1466,Donnie Brasco (1997),"['Crime', 'Drama']",119008
1468,Booty Call (1997),"['Comedy', 'Romance']",118750
1471,Boys Life 2 (1997),['Drama'],118762
1472,City of Industry (1997),"['Crime', 'Thriller']",118859
1473,Best Men (1997),"['Action', 'Comedy', 'Crime', 'Drama']",118702
1474,Jungle2Jungle (a.k.a. Jungle 2 Jungle) (1997),"['Children', 'Comedy']",119432
1475,Kama Sutra: A Tale of Love (1996),['Romance'],116743
1476,Private Parts (1997),"['Comedy', 'Drama']",119951
1477,Love Jones (1997),['Romance'],119572
1479,"Saint, The (1997)","['Action', 'Romance', 'Sci-Fi', 'Thriller']",120053
1480,Smilla's Sense of Snow (1997),"['Drama', 'Thriller']",120152
1482,"Van, The (1996)","['Comedy', 'Drama']",118064
1483,Crash (1996),"['Drama', 'Thriller']",115964
1484,"Daytrippers, The (1996)","['Comedy', 'Drama', 'Mystery', 'Romance']",116041
1485,Liar Liar (1997),['Comedy'],119528
1487,Selena (1997),"['Drama', 'Musical']",120094
1488,"Devil's Own, The (1997)","['Action', 'Drama', 'Thriller']",118972
1489,Cats Don't Dance (1997),"['Animation', 'Children', 'Musical']",118829
1490,B*A*P*S (1997),['Comedy'],118663
1495,Turbo: A Power Rangers Movie (1997),"['Action', 'Adventure', 'Children']",120389
1496,Anna Karenina (1997),"['Drama', 'Romance']",118623
1497,Double Team (1997),['Action'],119013
1498,Inventing the Abbotts (1997),"['Drama', 'Romance']",119381
1499,Anaconda (1997),"['Action', 'Adventure', 'Thriller']",118615
1500,Grosse Pointe Blank (1997),"['Comedy', 'Crime', 'Romance']",119229
1501,Keys to Tulsa (1997),['Crime'],116762
1502,Kissed (1996),"['Drama', 'Romance']",116783
1503,8 Heads in a Duffel Bag (1997),['Comedy'],118541
1507,Paradise Road (1997),"['Drama', 'War']",119859
1508,Traveller (1997),['Drama'],120366
1509,All Over Me (1997),['Drama'],118586
1511,"Chef in Love, A (Shekvarebuli kulinaris ataserti retsepti) (1997)","['Comedy', 'Romance']",117050
1513,Romy and Michele's High School Reunion (1997),['Comedy'],120032
1514,Temptress Moon (Feng Yue) (1996),['Romance'],116295
1515,Volcano (1997),"['Action', 'Drama', 'Thriller']",120461
1516,Children of the Revolution (1996),['Comedy'],115886
1517,Austin Powers: International Man of Mystery (1997),"['Action', 'Adventure', 'Comedy']",118655
1518,Breakdown (1997),"['Action', 'Thriller']",118771
1520,Commandments (1997),['Romance'],115927
1523,"Truth or Consequences, N.M. (1997)","['Action', 'Crime', 'Romance']",120383
1525,Warriors of Virtue (1997),"['Action', 'Adventure', 'Children', 'Fantasy']",120479
1526,Fathers' Day (1997),['Comedy'],119109
1527,"Fifth Element, The (1997)","['Action', 'Adventure', 'Comedy', 'Sci-Fi']",119116
1529,Nowhere (1997),"['Comedy', 'Drama']",119809
1533,"Promise, The (La promesse) (1996)",['Drama'],117398
1534,"Bonheur, Le (1965)",['Drama'],58985
1535,Love! Valour! Compassion! (1997),"['Drama', 'Romance']",119578
1537,Shall We Dance? (Shall We Dansu?) (1996),"['Comedy', 'Drama', 'Romance']",117615
1538,"Second Jungle Book: Mowgli & Baloo, The (1997)","['Adventure', 'Children']",120087
1539,Twin Town (1997),"['Comedy', 'Crime']",120394
1541,Addicted to Love (1997),"['Comedy', 'Romance']",118556
1542,Brassed Off (1996),"['Comedy', 'Drama', 'Romance']",115744
1543,"Designated Mourner, The (1997)",['Drama'],118964
1544,"Lost World: Jurassic Park, The (1997)","['Action', 'Adventure', 'Sci-Fi', 'Thriller']",119567
1545,Ponette (1996),['Drama'],117359
1546,Schizopolis (1996),['Comedy'],117561
1547,Shiloh (1997),"['Children', 'Drama']",120118
1549,Rough Magic (1995),"['Drama', 'Romance']",114303
1550,Trial and Error (1997),"['Comedy', 'Romance']",120373
1551,Buddy (1997),"['Adventure', 'Children', 'Drama']",118787
1552,Con Air (1997),"['Action', 'Adventure', 'Thriller']",118880
1554,"Pillow Book, The (1996)","['Drama', 'Romance']",114134
1556,Speed 2: Cruise Control (1997),"['Action', 'Romance', 'Thriller']",120179
1562,Batman & Robin (1997),"['Action', 'Adventure', 'Fantasy', 'Thriller']",118688
1563,Dream With the Fishes (1997),['Drama'],119019
1564,For Roseanna (Roseanna's Grave) (1997),"['Comedy', 'Drama', 'Romance']",120034
1565,Head Above Water (1996),"['Comedy', 'Thriller']",116502
1566,Hercules (1997),"['Adventure', 'Animation', 'Children', 'Comedy', 'Musical']",119282
1567,"Last Time I Committed Suicide, The (1997)",['Drama'],119502
1569,My Best Friend's Wedding (1997),"['Comedy', 'Romance']",119738
1570,Tetsuo II: Body Hammer (1992),"['Horror', 'Sci-Fi']",105569
1571,When the Cat's Away (Chacun cherche son chat) (1996),"['Comedy', 'Romance']",115856
1572,"Contempt (Mépris, Le) (1963)",['Drama'],57345
1573,Face/Off (1997),"['Action', 'Crime', 'Drama', 'Thriller']",119094
1574,Fall (1997),['Romance'],119098
1575,Gabbeh (1996),['Drama'],116384
1580,Men in Black (a.k.a. MIB) (1997),"['Action', 'Comedy', 'Sci-Fi']",119654
1581,Out to Sea (1997),['Comedy'],119848
1582,Wild America (1997),"['Adventure', 'Children']",120512
1583,"Simple Wish, A (1997)","['Children', 'Fantasy']",120133
1584,Contact (1997),"['Drama', 'Sci-Fi']",118884
1585,Love Serenade (1996),['Comedy'],116930
1586,G.I. Jane (1997),"['Action', 'Drama']",119173
1587,Conan the Barbarian (1982),"['Action', 'Adventure', 'Fantasy']",82198
1588,George of the Jungle (1997),"['Children', 'Comedy']",119190
1589,Cop Land (1997),"['Action', 'Crime', 'Drama', 'Thriller']",118887
1590,Event Horizon (1997),"['Horror', 'Sci-Fi', 'Thriller']",119081
1591,Spawn (1997),"['Action', 'Adventure', 'Sci-Fi', 'Thriller']",120177
1592,Air Bud (1997),"['Children', 'Comedy']",118570
1593,Picture Perfect (1997),"['Comedy', 'Romance']",119896
1594,In the Company of Men (1997),"['Comedy', 'Drama']",119361
1595,Free Willy 3: The Rescue (1997),"['Adventure', 'Children', 'Drama']",119152
1596,Career Girls (1997),['Drama'],118818
1597,Conspiracy Theory (1997),"['Drama', 'Mystery', 'Romance', 'Thriller']",118883
1598,Desperate Measures (1998),"['Crime', 'Drama', 'Thriller']",118966
1599,Steel (1997),['Action'],120207
1600,She's So Lovely (1997),"['Drama', 'Romance']",120112
1601,Hoodlum (1997),"['Crime', 'Drama', 'Film-Noir']",119311
1602,Leave It to Beaver (1997),['Comedy'],119509
1603,Mimic (1997),"['Horror', 'Sci-Fi', 'Thriller']",119675
1604,Money Talks (1997),"['Action', 'Comedy']",119695
1605,Excess Baggage (1997),"['Adventure', 'Romance']",119086
1606,Kull the Conqueror (1997),"['Action', 'Adventure']",119484
1608,Air Force One (1997),"['Action', 'Thriller']",118571
1609,187 (One Eight Seven) (1997),"['Drama', 'Thriller']",118531
1610,"Hunt for Red October, The (1990)","['Action', 'Adventure', 'Thriller']",99810
1611,My Own Private Idaho (1991),"['Drama', 'Romance']",102494
1612,"Kiss Me, Guido (1997)",['Comedy'],119465
1613,Star Maps (1997),['Drama'],120197
1614,In & Out (1997),['Comedy'],119360
1615,"Edge, The (1997)","['Adventure', 'Drama']",119051
1616,"Peacemaker, The (1997)","['Action', 'Thriller', 'War']",119874
1617,L.A. Confidential (1997),"['Crime', 'Film-Noir', 'Mystery', 'Thriller']",119488
1619,Seven Years in Tibet (1997),"['Adventure', 'Drama', 'War']",120102
1620,Kiss the Girls (1997),"['Crime', 'Drama', 'Mystery', 'Thriller']",119468
1621,Soul Food (1997),['Drama'],120169
1622,Kicked in the Head (1997),"['Comedy', 'Drama']",119457
1623,Wishmaster (1997),['Horror'],120524
1624,"Thousand Acres, A (1997)",['Drama'],120323
1625,"Game, The (1997)","['Drama', 'Mystery', 'Thriller']",119174
1626,Fire Down Below (1997),"['Action', 'Drama', 'Thriller']",119123
1627,U Turn (1997),"['Crime', 'Drama', 'Mystery']",120399
1629,"MatchMaker, The (1997)","['Comedy', 'Romance']",119632
1631,"Assignment, The (1997)","['Action', 'Thriller']",118647
1632,"Smile Like Yours, A (1997)","['Comedy', 'Romance']",120151
1633,Ulee's Gold (1997),['Drama'],120402
1635,"Ice Storm, The (1997)",['Drama'],119349
1639,Chasing Amy (1997),"['Comedy', 'Drama', 'Romance']",118842
1640,How to Be a Player (1997),['Comedy'],119326
1641,"Full Monty, The (1997)","['Comedy', 'Drama']",119164
1642,Indian Summer (a.k.a. Alive & Kicking) (1996),"['Comedy', 'Drama']",116631
1643,"Mrs. Brown (a.k.a. Her Majesty, Mrs. Brown) (1997)","['Drama', 'Romance']",119280
1644,I Know What You Did Last Summer (1997),"['Horror', 'Mystery', 'Thriller']",119345
1645,"Devil's Advocate, The (1997)","['Drama', 'Mystery', 'Thriller']",118971
1646,RocketMan (a.k.a. Rocket Man) (1997),"['Children', 'Comedy', 'Romance', 'Sci-Fi']",120029
1647,Playing God (1997),"['Crime', 'Drama', 'Thriller']",119906
1648,"House of Yes, The (1997)","['Comedy', 'Drama']",119324
1649,"Fast, Cheap & Out of Control (1997)",['Documentary'],119107
1650,Washington Square (1997),['Drama'],120481
1651,Telling Lies in America (1997),['Drama'],120303
1652,Year of the Horse (1997),['Documentary'],120539
1653,Gattaca (1997),"['Drama', 'Sci-Fi', 'Thriller']",119177
1654,FairyTale: A True Story (1997),"['Children', 'Drama', 'Fantasy']",119095
1655,Phantoms (1998),"['Drama', 'Horror', 'Thriller']",119891
1656,Swept from the Sea (1997),"['Drama', 'Romance']",120257
1657,Wonderland (1997),"['Comedy', 'Documentary']",120529
1658,"Life Less Ordinary, A (1997)","['Romance', 'Thriller']",119535
1659,Hurricane Streets (1997),['Drama'],119338
1660,Eve's Bayou (1997),['Drama'],119080
1661,Switchback (1997),"['Crime', 'Mystery', 'Thriller']",119210
1662,Gang Related (1997),['Crime'],118900
1663,Stripes (1981),"['Comedy', 'War']",83131
1665,Bean (1997),['Comedy'],118689
1666,Hugo Pool (1997),['Romance'],119327
1667,Mad City (1997),"['Action', 'Drama']",119592
1668,One Night Stand (1997),['Drama'],119832
1669,"Tango Lesson, The (1997)",['Romance'],120275
1670,Welcome to Sarajevo (1997),"['Drama', 'War']",120490
1671,Deceiver (1997),"['Crime', 'Drama', 'Thriller']",119527
1672,"Rainmaker, The (1997)",['Drama'],119978
1673,Boogie Nights (1997),['Drama'],118749
1674,Witness (1985),"['Drama', 'Romance', 'Thriller']",90329
1675,Incognito (1997),"['Crime', 'Thriller']",119365
1676,Starship Troopers (1997),"['Action', 'Sci-Fi']",120201
1677,Critical Care (1997),"['Comedy', 'Drama']",118901
1678,"Joy Luck Club, The (1993)","['Drama', 'Romance']",107282
1679,Chairman of the Board (1998),['Comedy'],118836
1680,Sliding Doors (1998),"['Drama', 'Romance']",120148
1681,Mortal Kombat: Annihilation (1997),"['Action', 'Adventure', 'Fantasy']",119707
1682,"Truman Show, The (1998)","['Comedy', 'Drama', 'Sci-Fi']",120382
1683,"Wings of the Dove, The (1997)","['Drama', 'Romance']",120520
1684,Mrs. Dalloway (1997),"['Drama', 'Romance']",119723
1686,Red Corner (1997),"['Crime', 'Thriller']",119994
1687,"Jackal, The (1997)","['Action', 'Thriller']",119395
1688,Anastasia (1997),"['Adventure', 'Animation', 'Children', 'Drama', 'Musical']",118617
1689,"Man Who Knew Too Little, The (1997)","['Comedy', 'Crime', 'Thriller']",120483
1690,Alien: Resurrection (1997),"['Action', 'Horror', 'Sci-Fi']",118583
1692,Alien Escape (1995),"['Horror', 'Sci-Fi']",112318
1693,Amistad (1997),"['Drama', 'Mystery']",118607
1694,"Apostle, The (1997)",['Drama'],118632
1695,Artemisia (1997),['Drama'],123385
1696,Bent (1997),"['Drama', 'War']",118698
1699,"Butcher Boy, The (1997)","['Comedy', 'Drama']",118804
1701,Deconstructing Harry (1997),"['Comedy', 'Drama']",118954
1702,Flubber (1997),"['Children', 'Comedy', 'Fantasy']",119137
1703,For Richer or Poorer (1997),['Comedy'],119142
1704,Good Will Hunting (1997),"['Drama', 'Romance']",119217
1707,Home Alone 3 (1997),"['Children', 'Comedy']",119303
1711,Midnight in the Garden of Good and Evil (1997),"['Crime', 'Drama', 'Mystery']",119668
1713,Mouse Hunt (1997),"['Children', 'Comedy']",119715
1715,Office Killer (1997),['Thriller'],119819
1717,Scream 2 (1997),"['Comedy', 'Horror', 'Mystery', 'Thriller']",120082
1719,"Sweet Hereafter, The (1997)",['Drama'],120255
1721,Titanic (1997),"['Drama', 'Romance']",120338
1722,Tomorrow Never Dies (1997),"['Action', 'Adventure', 'Thriller']",120347
1725,"Education of Little Tree, The (1997)",['Drama'],119052
1726,"Postman, The (1997)","['Action', 'Adventure', 'Drama', 'Sci-Fi']",119925
1727,"Horse Whisperer, The (1998)","['Drama', 'Romance']",119314
1728,"Winter Guest, The (1997)",['Drama'],120521
1729,Jackie Brown (1997),"['Crime', 'Drama', 'Thriller']",119396
1730,Kundun (1997),['Drama'],119485
1731,Mr. Magoo (1997),['Comedy'],119718
1732,"Big Lebowski, The (1998)","['Comedy', 'Crime']",118715
1733,Afterglow (1997),"['Drama', 'Romance']",118566
1734,My Life in Pink (Ma vie en rose) (1997),"['Comedy', 'Drama']",119590
1735,Great Expectations (1998),"['Drama', 'Romance']",119223
1739,3 Ninjas: High Noon On Mega Mountain (1998),"['Action', 'Children', 'Comedy']",118539
1744,Firestorm (1998),"['Action', 'Adventure', 'Thriller']",120670
1746,Senseless (1998),['Comedy'],120820
1747,Wag the Dog (1997),['Comedy'],120885
1748,Dark City (1998),"['Adventure', 'Film-Noir', 'Sci-Fi', 'Thriller']",118929
1749,"Leading Man, The (1996)",['Romance'],116845
1750,Star Kid (1997),"['Adventure', 'Children', 'Fantasy', 'Sci-Fi']",120478
1752,Hard Rain (1998),"['Action', 'Crime', 'Thriller']",120696
1753,Half Baked (1998),['Comedy'],120693
1754,Fallen (1998),"['Crime', 'Drama', 'Fantasy', 'Thriller']",119099
1755,Shooting Fish (1997),"['Comedy', 'Romance']",120122
1756,"Prophecy II, The (1998)",['Horror'],118643
1757,Fallen Angels (Duo luo tian shi) (1995),"['Drama', 'Romance']",112913
1759,"Four Days in September (O Que É Isso, Companheiro?) (1997)",['Drama'],119815
1760,Spice World (1997),['Comedy'],120185
1762,Deep Rising (1998),"['Action', 'Horror', 'Sci-Fi']",118956
1767,Music From Another Room (1998),"['Drama', 'Romance']",119734
1769,"Replacement Killers, The (1998)","['Action', 'Crime', 'Thriller']",120008
1770,B. Monkey (1998),"['Crime', 'Romance', 'Thriller']",120594
1771,Night Flier (1997),['Horror'],119784
1772,Blues Brothers 2000 (1998),"['Action', 'Comedy', 'Musical']",118747
1777,"Wedding Singer, The (1998)","['Comedy', 'Romance']",120888
1779,Sphere (1998),"['Sci-Fi', 'Thriller']",120184
1780,Ayn Rand: A Sense of Life (1997),['Documentary'],118662
1783,Palmetto (1998),"['Crime', 'Drama', 'Mystery', 'Romance', 'Thriller']",120782
1784,As Good as It Gets (1997),"['Comedy', 'Drama', 'Romance']",119822
1785,King of New York (1990),"['Crime', 'Thriller']",99939
1788,Men with Guns (1997),"['Action', 'Drama']",119656
1791,Twilight (1998),"['Crime', 'Drama', 'Thriller']",119594
1792,U.S. Marshals (1998),"['Action', 'Crime', 'Thriller']",120873
1793,Welcome to Woop-Woop (1997),['Comedy'],120491
1794,Love and Death on Long Island (1997),"['Comedy', 'Drama']",119574
1797,Everest (1998),"['Documentary', 'IMAX']",120661
1798,Hush (1998),['Thriller'],118744
1799,Suicide Kings (1997),"['Comedy', 'Crime', 'Drama', 'Mystery', 'Thriller']",120241
1801,"Man in the Iron Mask, The (1998)","['Action', 'Adventure', 'Drama']",120744
1804,"Newton Boys, The (1998)","['Crime', 'Drama']",120769
1805,Wild Things (1998),"['Crime', 'Drama', 'Mystery', 'Thriller']",120890
1806,Paulie (1998),"['Adventure', 'Children', 'Comedy']",125454
1807,"Cool, Dry Place, A (1998)",['Drama'],120642
1809,Fireworks (Hana-bi) (1997),"['Crime', 'Drama']",119250
1810,Primary Colors (1998),"['Comedy', 'Drama']",119942
1812,Wide Awake (1998),"['Children', 'Comedy', 'Drama']",120510
1814,"Price Above Rubies, A (1998)",['Drama'],120793
1816,Two Girls and a Guy (1997),"['Comedy', 'Drama']",124179
1817,No Looking Back (1998),"['Drama', 'Romance']",119560
1821,"Object of My Affection, The (1998)","['Comedy', 'Romance']",120772
1822,Meet the Deedles (1998),"['Children', 'Comedy']",120645
1824,Homegrown (1998),"['Comedy', 'Thriller']",119305
1825,"Player's Club, The (1998)","['Comedy', 'Drama']",119905
1826,Barney's Great Adventure (1998),"['Adventure', 'Children']",120598
1827,"Big One, The (1997)","['Comedy', 'Documentary']",124295
1829,Chinese Box (1997),"['Drama', 'Romance']",118851
1831,Lost in Space (1998),"['Action', 'Adventure', 'Sci-Fi']",120738
1833,Mercury Rising (1998),"['Action', 'Drama', 'Thriller']",120749
1834,"Spanish Prisoner, The (1997)","['Crime', 'Drama', 'Mystery', 'Thriller']",120176
1835,City of Angels (1998),"['Drama', 'Fantasy', 'Romance']",120632
1836,"Last Days of Disco, The (1998)","['Comedy', 'Drama']",120728
1837,"Odd Couple II, The (1998)",['Comedy'],120773
1839,My Giant (1998),['Comedy'],120765
1840,He Got Game (1998),['Drama'],124718
1841,"Gingerbread Man, The (1998)","['Drama', 'Thriller']",119196
1844,Live Flesh (Carne trémula) (1997),"['Drama', 'Romance']",118819
1845,Zero Effect (1998),"['Comedy', 'Mystery', 'Thriller']",120906
1846,Nil By Mouth (1997),['Drama'],119792
1848,"Borrowers, The (1997)","['Adventure', 'Children', 'Comedy', 'Fantasy']",118755
1853,"Alan Smithee Film: Burn Hollywood Burn, An (1997)",['Comedy'],118577
1854,Kissing a Fool (1998),"['Comedy', 'Romance']",120723
1855,Krippendorf's Tribe (1998),['Comedy'],120725
1856,Kurt & Courtney (1998),['Documentary'],138563
1857,"Real Blonde, The (1997)",['Comedy'],119987
1858,Mr. Nice Guy (Yat goh ho yan) (1997),"['Action', 'Comedy']",117786
1859,Taste of Cherry (Ta'm e guilass) (1997),['Drama'],120265
1860,Character (Karakter) (1997),['Drama'],119448
1862,Species II (1998),"['Horror', 'Sci-Fi']",120841
1863,Major League: Back to the Minors (1998),['Comedy'],120742
1865,Wild Man Blues (1997),['Documentary'],141986
1866,"Big Hit, The (1998)","['Action', 'Comedy', 'Crime']",120609
1867,Tarzan and the Lost City (1998),"['Action', 'Adventure']",120856
1869,Black Dog (1998),"['Action', 'Thriller']",120610
1870,"Dancer, Texas Pop. 81 (1998)","['Comedy', 'Drama']",118925
1873,"Misérables, Les (1998)","['Crime', 'Drama', 'Romance', 'War']",119683
1874,Still Breathing (1997),"['Comedy', 'Romance']",120211
1875,Clockwatchers (1997),['Comedy'],118866
1876,Deep Impact (1998),"['Drama', 'Sci-Fi', 'Thriller']",120647
1878,Woo (1998),"['Comedy', 'Romance']",120531
1879,"Hanging Garden, The (1997)","['Drama', 'Romance']",125128
1880,Lawn Dogs (1997),['Drama'],119506
1881,Quest for Camelot (1998),"['Adventure', 'Animation', 'Children', 'Fantasy', 'Musical']",120800
1882,Godzilla (1998),"['Action', 'Sci-Fi', 'Thriller']",120685
1883,Bulworth (1998),"['Comedy', 'Drama', 'Romance']",118798
1884,Fear and Loathing in Las Vegas (1998),"['Adventure', 'Comedy', 'Drama']",120669
1885,"Opposite of Sex, The (1998)","['Comedy', 'Drama', 'Romance']",120777
1886,I Got the Hook Up (1998),['Comedy'],131436
1887,Almost Heroes (1998),"['Adventure', 'Comedy', 'Western']",119053
1888,Hope Floats (1998),"['Comedy', 'Drama', 'Romance']",119313
1889,Insomnia (1997),"['Drama', 'Mystery', 'Thriller']",119375
1891,"Ugly, The (1997)","['Horror', 'Thriller']",120401
1892,"Perfect Murder, A (1998)",['Thriller'],120787
1893,Beyond Silence (Jenseits der Stille) (1996),['Drama'],116692
1894,Six Days Seven Nights (1998),"['Adventure', 'Comedy', 'Romance']",120828
1895,Can't Hardly Wait (1998),"['Comedy', 'Drama', 'Romance']",127723
1896,Cousin Bette (1998),['Comedy'],118894
1897,High Art (1998),"['Drama', 'Romance']",139362
1899,Passion in the Desert (1998),"['Adventure', 'Drama']",125980
1900,"Children of Heaven, The (Bacheha-Ye Aseman) (1997)","['Comedy', 'Drama']",118849
1901,Dear Jesse (1997),['Documentary'],150290
1902,Dream for an Insomniac (1996),"['Drama', 'Romance']",116141
1904,Henry Fool (1997),"['Comedy', 'Drama']",122529
1906,Mr. Jealousy (1997),"['Comedy', 'Romance']",119717
1907,Mulan (1998),"['Adventure', 'Animation', 'Children', 'Comedy', 'Drama', 'Musical', 'Romance']",120762
1909,"X-Files: Fight the Future, The (1998)","['Action', 'Crime', 'Mystery', 'Sci-Fi', 'Thriller']",120902
1910,I Went Down (1997),"['Comedy', 'Crime', 'Drama']",126344
1911,Dr. Dolittle (1998),['Comedy'],118998
1912,Out of Sight (1998),"['Comedy', 'Crime', 'Drama', 'Romance', 'Thriller']",120780
1913,Picnic at Hanging Rock (1975),"['Drama', 'Mystery']",73540
1914,Smoke Signals (1998),"['Comedy', 'Drama']",120321
1916,Buffalo '66 (a.k.a. Buffalo 66) (1998),"['Drama', 'Romance']",118789
1917,Armageddon (1998),"['Action', 'Romance', 'Sci-Fi', 'Thriller']",120591
1918,Lethal Weapon 4 (1998),"['Action', 'Comedy', 'Crime', 'Thriller']",122151
1919,Madeline (1998),"['Children', 'Comedy']",123987
1920,Small Soldiers (1998),"['Animation', 'Children', 'Fantasy', 'War']",122718
1921,Pi (1998),"['Drama', 'Sci-Fi', 'Thriller']",138704
1922,Whatever (1998),['Drama'],140688
1923,There's Something About Mary (1998),"['Comedy', 'Romance']",129387
1924,Plan 9 from Outer Space (1959),"['Horror', 'Sci-Fi']",52077
1925,Wings (1927),"['Action', 'Drama', 'Romance', 'War']",18578
1926,"Broadway Melody, The (1929)",['Musical'],19729
1927,All Quiet on the Western Front (1930),"['Action', 'Drama', 'War']",20629
1928,Cimarron (1931),"['Drama', 'Western']",21746
1929,Grand Hotel (1932),"['Drama', 'Romance']",22958
1931,Mutiny on the Bounty (1935),"['Adventure', 'Drama']",26752
1932,"Great Ziegfeld, The (1936)","['Drama', 'Musical']",27698
1933,"Life of Emile Zola, The (1937)",['Drama'],29146
1934,You Can't Take It with You (1938),"['Comedy', 'Romance']",30993
1935,How Green Was My Valley (1941),"['Drama', 'Musical', 'Romance']",33729
1936,Mrs. Miniver (1942),"['Drama', 'War']",35093
1937,Going My Way (1944),"['Comedy', 'Drama', 'Musical']",36872
1938,"Lost Weekend, The (1945)",['Drama'],37884
1939,"Best Years of Our Lives, The (1946)","['Drama', 'War']",36868
1940,Gentleman's Agreement (1947),['Drama'],39416
1941,Hamlet (1948),['Drama'],40416
1942,All the King's Men (1949),['Drama'],41113
1943,"Greatest Show on Earth, The (1952)",['Drama'],44672
1944,From Here to Eternity (1953),"['Drama', 'Romance', 'War']",45793
1945,On the Waterfront (1954),"['Crime', 'Drama']",47296
1946,Marty (1955),"['Drama', 'Romance']",48356
1947,West Side Story (1961),"['Drama', 'Musical', 'Romance']",55614
1948,Tom Jones (1963),"['Adventure', 'Comedy', 'Romance']",57590
1949,"Man for All Seasons, A (1966)",['Drama'],60665
1950,In the Heat of the Night (1967),"['Drama', 'Mystery']",61811
1951,Oliver! (1968),"['Drama', 'Musical']",63385
1952,Midnight Cowboy (1969),['Drama'],64665
1953,"French Connection, The (1971)","['Action', 'Crime', 'Thriller']",67116
1954,Rocky (1976),['Drama'],75148
1955,Kramer vs. Kramer (1979),['Drama'],79417
1956,Ordinary People (1980),['Drama'],81283
1957,Chariots of Fire (1981),['Drama'],82158
1958,Terms of Endearment (1983),"['Comedy', 'Drama']",86425
1959,Out of Africa (1985),"['Drama', 'Romance']",89755
1960,"Last Emperor, The (1987)",['Drama'],93389
1961,Rain Man (1988),['Drama'],95953
1962,Driving Miss Daisy (1989),['Drama'],97239
1963,Take the Money and Run (1969),"['Comedy', 'Crime']",65063
1964,Klute (1971),"['Drama', 'Mystery']",67309
1965,Repo Man (1984),"['Comedy', 'Sci-Fi']",87995
1966,Metropolitan (1990),['Comedy'],100142
1967,Labyrinth (1986),"['Adventure', 'Fantasy', 'Musical']",91369
1968,"Breakfast Club, The (1985)","['Comedy', 'Drama']",88847
1969,"Nightmare on Elm Street 2: Freddy's Revenge, A (1985)",['Horror'],89686
1970,"Nightmare on Elm Street 3: Dream Warriors, A (1987)","['Horror', 'Thriller']",93629
1971,"Nightmare on Elm Street 4: The Dream Master, A (1988)","['Horror', 'Thriller']",95742
1972,"Nightmare on Elm Street 5: The Dream Child, A (1989)",['Horror'],97981
1973,"Freddy's Dead: The Final Nightmare (Nightmare on Elm Street Part 6: Freddy's Dead, A) (1991)",['Horror'],101917
1974,Friday the 13th (1980),"['Horror', 'Mystery', 'Thriller']",80761
1975,Friday the 13th Part 2 (1981),['Horror'],82418
1976,Friday the 13th Part 3: 3D (1982),['Horror'],83972
1977,Friday the 13th Part IV: The Final Chapter (1984),['Horror'],87298
1978,Friday the 13th Part V: A New Beginning (1985),['Horror'],89173
1979,Friday the 13th Part VI: Jason Lives (1986),['Horror'],91080
1980,Friday the 13th Part VII: The New Blood (1988),['Horror'],95179
1981,Friday the 13th Part VIII: Jason Takes Manhattan (1989),['Horror'],97388
1982,Halloween (1978),['Horror'],77651
1983,Halloween II (1981),['Horror'],82495
1984,Halloween III: Season of the Witch (1982),['Horror'],85636
1985,Halloween 4: The Return of Michael Myers (1988),['Horror'],95271
1986,Halloween 5: The Revenge of Michael Myers (1989),['Horror'],97474
1987,Prom Night (1980),['Horror'],81383
1988,Hello Mary Lou: Prom Night II (1987),['Horror'],93176
1989,Prom Night III: The Last Kiss (1989),['Horror'],98136
1990,Prom Night IV: Deliver Us From Evil (1992),['Horror'],105179
1991,Child's Play (1988),"['Horror', 'Thriller']",94862
1992,Child's Play 2 (1990),"['Horror', 'Thriller']",99253
1993,Child's Play 3 (1991),"['Comedy', 'Horror', 'Thriller']",103956
1994,Poltergeist (1982),"['Horror', 'Thriller']",84516
1995,Poltergeist II: The Other Side (1986),"['Horror', 'Thriller']",91778
1996,Poltergeist III (1988),"['Horror', 'Thriller']",95889
1997,"Exorcist, The (1973)","['Horror', 'Mystery']",70047
1998,Exorcist II: The Heretic (1977),['Horror'],76009
1999,"Exorcist III, The (1990)",['Horror'],99528
2000,Lethal Weapon (1987),"['Action', 'Comedy', 'Crime', 'Drama']",93409
2001,Lethal Weapon 2 (1989),"['Action', 'Comedy', 'Crime', 'Drama']",97733
2002,Lethal Weapon 3 (1992),"['Action', 'Comedy', 'Crime', 'Drama']",104714
2003,Gremlins (1984),"['Comedy', 'Horror']",87363
2004,Gremlins 2: The New Batch (1990),"['Comedy', 'Horror']",99700
2005,"Goonies, The (1985)","['Action', 'Adventure', 'Children', 'Comedy', 'Fantasy']",89218
2006,"Mask of Zorro, The (1998)","['Action', 'Comedy', 'Romance']",120746
2007,Polish Wedding (1998),['Comedy'],119910
2008,"This World, Then the Fireworks (1997)","['Crime', 'Drama', 'Film-Noir']",117898
2009,Soylent Green (1973),"['Drama', 'Mystery', 'Sci-Fi', 'Thriller']",70723
2010,Metropolis (1927),"['Drama', 'Sci-Fi']",17136
2011,Back to the Future Part II (1989),"['Adventure', 'Comedy', 'Sci-Fi']",96874
2012,Back to the Future Part III (1990),"['Adventure', 'Comedy', 'Sci-Fi', 'Western']",99088
2013,"Poseidon Adventure, The (1972)","['Action', 'Adventure', 'Drama']",69113
2014,Freaky Friday (1977),"['Children', 'Comedy', 'Fantasy']",76054
2015,"Absent-Minded Professor, The (1961)","['Children', 'Comedy', 'Fantasy']",54594
2016,"Apple Dumpling Gang Rides Again, The (1979)","['Children', 'Comedy', 'Western']",78790
2017,Babes in Toyland (1961),"['Children', 'Fantasy', 'Musical']",54649
2018,Bambi (1942),"['Animation', 'Children', 'Drama']",34492
2019,Seven Samurai (Shichinin no samurai) (1954),"['Action', 'Adventure', 'Drama']",47478
2020,Dangerous Liaisons (1988),"['Drama', 'Romance']",94947
2021,Dune (1984),"['Adventure', 'Sci-Fi']",87182
2022,"Last Temptation of Christ, The (1988)",['Drama'],95497
2023,"Godfather: Part III, The (1990)","['Crime', 'Drama', 'Mystery', 'Thriller']",99674
2024,"Rapture, The (1991)","['Drama', 'Mystery']",102757
2025,Lolita (1997),"['Drama', 'Romance']",119558
2026,Disturbing Behavior (1998),"['Horror', 'Thriller']",134619
2027,Jane Austen's Mafia! (1998),"['Comedy', 'Crime']",120741
2028,Saving Private Ryan (1998),"['Action', 'Drama', 'War']",120815
2029,Billy's Hollywood Screen Kiss (1997),"['Comedy', 'Romance']",137386
2031,"Million Dollar Duck, The (a.k.a. $1,000,000 Duck) (1971)","['Children', 'Comedy']",66728
2032,"Barefoot Executive, The (1971)","['Children', 'Comedy']",66811
2033,"Black Cauldron, The (1985)","['Adventure', 'Animation', 'Children', 'Fantasy']",88814
2034,"Black Hole, The (1979)","['Children', 'Sci-Fi']",78869
2035,Blackbeard's Ghost (1968),"['Children', 'Comedy']",62737
2036,Blank Check (1994),"['Children', 'Comedy']",109287
2037,Candleshoe (1977),"['Adventure', 'Children', 'Comedy']",75807
2038,"Cat from Outer Space, The (1978)","['Children', 'Comedy', 'Sci-Fi']",77305
2040,"Computer Wore Tennis Shoes, The (1969)","['Children', 'Comedy']",65566
2041,Condorman (1981),"['Action', 'Adventure', 'Children', 'Comedy']",82199
2042,D2: The Mighty Ducks (1994),"['Children', 'Comedy']",109520
2043,Darby O'Gill and the Little People (1959),"['Adventure', 'Children', 'Fantasy']",52722
2044,"Devil and Max Devlin, The (1981)","['Comedy', 'Fantasy']",82263
2045,"Far Off Place, A (1993)","['Adventure', 'Children', 'Drama', 'Romance']",106868
2046,Flight of the Navigator (1986),"['Adventure', 'Children', 'Sci-Fi']",91059
2047,"Gnome-Mobile, The (1967)","['Adventure', 'Children', 'Fantasy', 'Musical']",61715
2048,"Great Mouse Detective, The (1986)","['Action', 'Animation', 'Children', 'Crime']",91149
2049,"Happiest Millionaire, The (1967)","['Comedy', 'Musical']",61749
2050,Herbie Goes Bananas (1980),"['Adventure', 'Children', 'Comedy']",80861
2051,Herbie Goes to Monte Carlo (1977),"['Adventure', 'Children', 'Comedy']",76137
2052,Hocus Pocus (1993),"['Children', 'Comedy', 'Fantasy', 'Horror']",107120
2053,"Honey, I Blew Up the Kid (1992)","['Children', 'Comedy', 'Sci-Fi']",104437
2054,"Honey, I Shrunk the Kids (1989)","['Adventure', 'Children', 'Comedy', 'Fantasy', 'Sci-Fi']",97523
2055,Hot Lead and Cold Feet (1978),"['Action', 'Comedy', 'Western']",77698
2056,In Search of the Castaways (1962),"['Adventure', 'Children']",56095
2057,"Incredible Journey, The (1963)","['Adventure', 'Children']",57180
2058,"Negotiator, The (1998)","['Action', 'Crime', 'Drama', 'Mystery', 'Thriller']",120768
2059,"Parent Trap, The (1998)","['Children', 'Comedy', 'Romance']",120783
2060,BASEketball (1998),['Comedy'],131857
2061,Full Tilt Boogie (1997),['Documentary'],119165
2062,"Governess, The (1998)","['Drama', 'Romance']",120687
2064,Roger & Me (1989),['Documentary'],98213
2065,"Purple Rose of Cairo, The (1985)","['Comedy', 'Drama', 'Fantasy', 'Romance']",89853
2066,Out of the Past (1947),['Film-Noir'],39689
2067,Doctor Zhivago (1965),"['Drama', 'Romance', 'War']",59113
2068,Fanny and Alexander (Fanny och Alexander) (1982),"['Drama', 'Fantasy', 'Mystery']",83922
2069,"Trip to Bountiful, The (1985)",['Drama'],90203
2070,Tender Mercies (1983),"['Drama', 'Romance', 'Western']",86423
2071,And the Band Played On (1993),['Drama'],106273
2072,"'burbs, The (1989)",['Comedy'],96734
2073,Fandango (1985),['Comedy'],89126
2074,"Night Porter, The (Portiere di notte, Il) (1974)","['Crime', 'Drama', 'Romance']",71910
2075,Mephisto (1981),"['Drama', 'War']",82736
2076,Blue Velvet (1986),"['Drama', 'Mystery', 'Thriller']",90756
2077,"Journey of Natty Gann, The (1985)","['Adventure', 'Children']",89385
2078,"Jungle Book, The (1967)","['Animation', 'Children', 'Comedy', 'Musical']",61852
2079,Kidnapped (1960),"['Adventure', 'Children', 'Drama']",53994
2080,Lady and the Tramp (1955),"['Animation', 'Children', 'Comedy', 'Romance']",48280
2081,"Little Mermaid, The (1989)","['Animation', 'Children', 'Comedy', 'Musical', 'Romance']",97757
2082,"Mighty Ducks, The (1992)","['Children', 'Comedy']",104868
2083,"Muppet Christmas Carol, The (1992)","['Children', 'Comedy', 'Musical']",104940
2084,Newsies (1992),"['Children', 'Musical']",104990
2085,101 Dalmatians (One Hundred and One Dalmatians) (1961),"['Adventure', 'Animation', 'Children']",55254
2086,One Magic Christmas (1985),"['Drama', 'Fantasy']",89731
2087,Peter Pan (1953),"['Animation', 'Children', 'Fantasy', 'Musical']",46183
2088,Popeye (1980),"['Adventure', 'Comedy', 'Musical']",81353
2089,"Rescuers Down Under, The (1990)","['Adventure', 'Animation', 'Children']",100477
2090,"Rescuers, The (1977)","['Adventure', 'Animation', 'Children', 'Crime', 'Drama']",76618
2091,Return from Witch Mountain (1978),"['Children', 'Sci-Fi']",78158
2092,"Return of Jafar, The (1994)","['Adventure', 'Animation', 'Children', 'Fantasy', 'Musical', 'Romance']",107952
2093,Return to Oz (1985),"['Adventure', 'Children', 'Fantasy']",89908
2094,"Rocketeer, The (1991)","['Action', 'Adventure', 'Sci-Fi']",102803
2095,"Shaggy D.A., The (1976)","['Children', 'Comedy']",75200
2096,Sleeping Beauty (1959),"['Animation', 'Children', 'Musical']",53285
2097,Something Wicked This Way Comes (1983),"['Children', 'Drama', 'Fantasy', 'Mystery', 'Thriller']",86336
2098,Son of Flubber (1963),"['Children', 'Comedy']",57518
2099,Song of the South (1946),"['Adventure', 'Animation', 'Children', 'Musical']",38969
2100,Splash (1984),"['Comedy', 'Fantasy', 'Romance']",88161
2101,Squanto: A Warrior's Tale (1994),"['Adventure', 'Drama']",111271
2102,Steamboat Willie (1928),"['Animation', 'Children', 'Comedy', 'Musical']",19422
2103,Tall Tale (1995),"['Adventure', 'Children', 'Fantasy', 'Western']",111359
2104,Tex (1982),['Drama'],84783
2105,Tron (1982),"['Action', 'Adventure', 'Sci-Fi']",84827
2106,Swing Kids (1993),"['Drama', 'War']",108265
2107,Halloween H20: 20 Years Later (Halloween 7: The Revenge of Laurie Strode) (1998),"['Horror', 'Thriller']",120694
2108,L.A. Story (1991),"['Comedy', 'Romance']",102250
2109,"Jerk, The (1979)",['Comedy'],79367
2110,Dead Men Don't Wear Plaid (1982),"['Comedy', 'Crime', 'Thriller']",83798
2111,"Man with Two Brains, The (1983)",['Comedy'],85894
2112,Grand Canyon (1991),"['Crime', 'Drama']",101969
2113,Graveyard Shift (Stephen King's Graveyard Shift) (1990),"['Horror', 'Thriller']",99697
2114,"Outsiders, The (1983)",['Drama'],86066
2115,Indiana Jones and the Temple of Doom (1984),"['Action', 'Adventure', 'Fantasy']",87469
2116,"Lord of the Rings, The (1978)","['Adventure', 'Animation', 'Children', 'Fantasy']",77869
2117,1984 (Nineteen Eighty-Four) (1984),"['Drama', 'Sci-Fi']",87803
2118,"Dead Zone, The (1983)",['Thriller'],85407
2119,Maximum Overdrive (1986),['Horror'],91499
2120,Needful Things (1993),"['Drama', 'Horror']",107665
2121,Cujo (1983),"['Horror', 'Thriller']",85382
2122,Children of the Corn (1984),"['Horror', 'Thriller']",87050
2123,All Dogs Go to Heaven (1989),"['Animation', 'Children', 'Comedy', 'Drama', 'Fantasy']",96787
2124,"Addams Family, The (1991)","['Children', 'Comedy', 'Fantasy']",101272
2125,Ever After: A Cinderella Story (1998),"['Comedy', 'Drama', 'Romance']",120631
2126,Snake Eyes (1998),"['Action', 'Crime', 'Mystery', 'Thriller']",120832
2128,Safe Men (1998),['Comedy'],120813
2129,"Saltmen of Tibet, The (Salzmänner von Tibet, Die) (1997)",['Documentary'],120056
2130,Atlantic City (1980),"['Crime', 'Drama', 'Romance']",80388
2131,Autumn Sonata (Höstsonaten) (1978),['Drama'],77711
2132,Who's Afraid of Virginia Woolf? (1966),['Drama'],61184
2133,Adventures in Babysitting (1987),"['Adventure', 'Comedy']",92513
2134,Weird Science (1985),"['Comedy', 'Fantasy', 'Sci-Fi']",90305
2135,Doctor Dolittle (1967),"['Adventure', 'Children', 'Musical']",61584
2136,"Nutty Professor, The (1963)","['Comedy', 'Sci-Fi']",57372
2137,Charlotte's Web (1973),"['Animation', 'Children']",70016
2138,Watership Down (1978),"['Adventure', 'Animation', 'Children', 'Drama', 'Fantasy']",78480
2139,"Secret of NIMH, The (1982)","['Adventure', 'Animation', 'Children', 'Drama']",84649
2140,"Dark Crystal, The (1982)","['Adventure', 'Fantasy']",83791
2141,"American Tail, An (1986)","['Adventure', 'Animation', 'Children', 'Comedy']",90633
2142,"American Tail: Fievel Goes West, An (1991)","['Adventure', 'Animation', 'Children', 'Musical', 'Western']",101329
2143,Legend (1985),"['Adventure', 'Fantasy', 'Romance']",89469
2144,Sixteen Candles (1984),"['Comedy', 'Romance']",88128
2145,Pretty in Pink (1986),"['Comedy', 'Drama', 'Romance']",91790
2146,St. Elmo's Fire (1985),"['Drama', 'Romance']",90060
2147,"Clan of the Cave Bear, The (1986)","['Adventure', 'Drama', 'Fantasy']",90848
2148,House (1986),"['Comedy', 'Fantasy', 'Horror']",91223
2149,House II: The Second Story (1987),"['Comedy', 'Fantasy', 'Horror']",93220
2150,"Gods Must Be Crazy, The (1980)","['Adventure', 'Comedy']",80801
2151,"Gods Must Be Crazy II, The (1989)",['Comedy'],97443
2152,Air Bud: Golden Receiver (1998),"['Children', 'Comedy']",140796
2153,"Avengers, The (1998)","['Action', 'Adventure']",118661
2154,How Stella Got Her Groove Back (1998),"['Drama', 'Romance']",120703
2155,"Slums of Beverly Hills, The (1998)","['Comedy', 'Drama']",120831
2156,"Best Man, The (Testimone dello sposo, Il) (1998)","['Comedy', 'Drama', 'Romance']",133413
2158,"Henry: Portrait of a Serial Killer, Part 2 (1998)","['Crime', 'Horror']",116516
2159,Henry: Portrait of a Serial Killer (1986),"['Crime', 'Horror', 'Thriller']",99763
2160,Rosemary's Baby (1968),"['Drama', 'Horror', 'Thriller']",63522
2161,"NeverEnding Story, The (1984)","['Adventure', 'Children', 'Fantasy']",88323
2162,"NeverEnding Story II: The Next Chapter, The (1990)","['Adventure', 'Children', 'Fantasy']",100240
2163,Attack of the Killer Tomatoes! (1978),"['Comedy', 'Horror']",80391
2164,Surf Nazis Must Die (1987),"['Action', 'Comedy', 'Drama', 'Horror']",94077
2165,Your Friends and Neighbors (1998),"['Comedy', 'Drama']",119517
2166,Return to Paradise (1998),"['Crime', 'Drama', 'Romance', 'Thriller']",124595
2167,Blade (1998),"['Action', 'Horror', 'Thriller']",120611
2168,Dance with Me (1998),"['Drama', 'Romance']",120576
2169,Dead Man on Campus (1998),['Comedy'],118301
2170,Wrongfully Accused (1998),"['Action', 'Comedy']",120901
2171,Next Stop Wonderland (1998),"['Comedy', 'Drama', 'Romance']",119778
2173,"Navigator: A Mediaeval Odyssey, The (1988)","['Adventure', 'Fantasy', 'Sci-Fi']",95709
2174,Beetlejuice (1988),"['Comedy', 'Fantasy']",94721
2176,Rope (1948),"['Crime', 'Drama', 'Thriller']",40746
2177,Family Plot (1976),"['Comedy', 'Thriller']",74512
2178,Frenzy (1972),['Thriller'],68611
2179,Topaz (1969),['Thriller'],65112
2180,Torn Curtain (1966),['Thriller'],61107
2181,Marnie (1964),"['Drama', 'Mystery', 'Romance', 'Thriller']",58329
2182,"Wrong Man, The (1956)","['Drama', 'Film-Noir', 'Thriller']",51207
2183,"Man Who Knew Too Much, The (1956)","['Adventure', 'Drama', 'Mystery', 'Thriller']",49470
2184,"Trouble with Harry, The (1955)","['Comedy', 'Mystery']",48750
2185,I Confess (1953),['Thriller'],45897
2186,Strangers on a Train (1951),"['Crime', 'Drama', 'Film-Noir', 'Thriller']",44079
2187,Stage Fright (1950),"['Mystery', 'Romance', 'Thriller']",42994
2188,54 (1998),['Drama'],120577
2189,I Married A Strange Person! (1997),"['Animation', 'Comedy', 'Fantasy', 'Sci-Fi']",119346
2190,Why Do Fools Fall In Love? (1998),['Drama'],123324
2191,"Merry War, A (1997)",['Comedy'],119453
2193,Willow (1988),"['Action', 'Adventure', 'Fantasy']",96446
2194,"Untouchables, The (1987)","['Action', 'Crime', 'Drama']",94226
2195,Dirty Work (1998),['Comedy'],120654
2196,Knock Off (1998),['Action'],120724
2197,Firelight (1997),['Drama'],119125
2198,Modulations (1998),['Documentary'],139468
2201,"Paradine Case, The (1947)",['Drama'],39694
2202,Lifeboat (1944),"['Drama', 'War']",37017
2203,Shadow of a Doubt (1943),"['Crime', 'Drama', 'Thriller']",36342
2204,Saboteur (1942),"['Mystery', 'Thriller']",35279
2205,Mr. & Mrs. Smith (1941),"['Comedy', 'Romance']",33922
2206,Suspicion (1941),"['Film-Noir', 'Mystery', 'Thriller']",34248
2207,Jamaica Inn (1939),['Drama'],31505
2208,"Lady Vanishes, The (1938)","['Drama', 'Mystery', 'Thriller']",30341
2209,Young and Innocent (1937),"['Crime', 'Thriller']",29811
2210,Sabotage (1936),['Thriller'],28212
2211,Secret Agent (1936),['Thriller'],28231
2212,"Man Who Knew Too Much, The (1934)","['Drama', 'Thriller']",25452
2221,Blackmail (1929),"['Drama', 'Thriller']",19702
2226,"Ring, The (1927)",['Drama'],18328
2227,"Lodger: A Story of the London Fog, The (1927)","['Crime', 'Drama', 'Thriller']",17075
2231,Rounders (1998),['Drama'],128442
2232,Cube (1997),"['Horror', 'Mystery', 'Sci-Fi', 'Thriller']",123755
2234,Let's Talk About Sex (1998),['Drama'],165857
2236,Simon Birch (1998),['Drama'],124879
2237,Without Limits (1998),['Drama'],119934
2238,Seven Beauties (Pasqualino Settebellezze) (1976),"['Comedy', 'Drama']",75040
2239,Swept Away (Travolti da un insolito destino nell'azzurro mare d'Agosto) (1975),"['Comedy', 'Drama']",73817
2240,My Bodyguard (1980),['Drama'],81207
2241,Class (1983),['Comedy'],85346
2243,Broadcast News (1987),"['Comedy', 'Drama', 'Romance']",92699
2244,"Allnighter, The (1987)","['Comedy', 'Romance']",92537
2245,Working Girl (1988),"['Comedy', 'Drama', 'Romance']",96463
2247,Married to the Mob (1988),['Comedy'],95593
2248,Say Anything... (1989),"['Comedy', 'Drama', 'Romance']",98258
2249,My Blue Heaven (1990),['Comedy'],100212
2250,Men Don't Leave (1990),['Drama'],100134
2252,Hero (1992),"['Comedy', 'Drama']",104412
2253,Toys (1992),"['Comedy', 'Fantasy']",105629
2255,Young Doctors in Love (1982),['Comedy'],84938
2257,No Small Affair (1984),"['Comedy', 'Romance']",87810
2259,Blame It on Rio (1984),"['Comedy', 'Romance']",86973
2260,Wisdom (1986),"['Crime', 'Drama']",92225
2261,One Crazy Summer (1986),['Comedy'],91680
2262,About Last Night... (1986),"['Comedy', 'Drama', 'Romance']",90583
2263,"Seventh Sign, The (1988)","['Drama', 'Fantasy', 'Thriller']",96073
2264,We're No Angels (1989),"['Comedy', 'Crime']",98625
2265,Nothing But Trouble (1991),"['Adventure', 'Comedy']",102558
2266,"Butcher's Wife, The (1991)","['Comedy', 'Romance']",101523
2267,Mortal Thoughts (1991),"['Mystery', 'Thriller']",102469
2268,"Few Good Men, A (1992)","['Crime', 'Drama', 'Thriller']",104257
2269,Indecent Proposal (1993),"['Drama', 'Romance']",107211
2271,Permanent Midnight (1998),['Drama'],120788
2272,One True Thing (1998),['Drama'],120776
2273,Rush Hour (1998),"['Action', 'Comedy', 'Crime', 'Thriller']",120812
2275,Six-String Samurai (1998),"['Action', 'Adventure', 'Sci-Fi']",118736
2276,"Soldier's Daughter Never Cries, A (1998)",['Drama'],120835
2278,Ronin (1998),"['Action', 'Crime', 'Thriller']",122690
2279,Urban Legend (1998),"['Horror', 'Thriller']",146336
2280,Clay Pigeons (1998),['Crime'],118863
2282,Pecker (1998),"['Comedy', 'Drama']",126604
2283,"Sheltering Sky, The (1990)",['Drama'],100594
2284,Bandit Queen (1994),['Drama'],109206
2285,If.... (1968),['Drama'],63850
2286,"Fiendish Plot of Dr. Fu Manchu, The (1980)",['Comedy'],80731
2287,Them! (1954),"['Horror', 'Sci-Fi', 'Thriller']",47573
2288,"Thing, The (1982)","['Action', 'Horror', 'Sci-Fi', 'Thriller']",84787
2289,"Player, The (1992)","['Comedy', 'Crime', 'Drama']",105151
2290,Stardust Memories (1980),"['Comedy', 'Drama']",81554
2291,Edward Scissorhands (1990),"['Drama', 'Fantasy', 'Romance']",99487
2292,Overnight Delivery (1998),"['Comedy', 'Romance']",117276
2294,Antz (1998),"['Adventure', 'Animation', 'Children', 'Comedy', 'Fantasy']",120587
2295,"Impostors, The (1998)",['Comedy'],120823
2296,"Night at the Roxbury, A (1998)",['Comedy'],120770
2297,What Dreams May Come (1998),"['Adventure', 'Drama', 'Fantasy', 'Romance']",120889
2298,Strangeland (1998),['Thriller'],124102
2300,"Producers, The (1968)",['Comedy'],63462
2301,History of the World: Part I (1981),"['Comedy', 'Musical']",82517
2302,My Cousin Vinny (1992),['Comedy'],104952
2303,Nashville (1975),"['Drama', 'Musical']",73440
2305,Slam (1998),['Drama'],139615
2306,Holy Man (1998),['Comedy'],120701
2307,One Tough Cop (1998),"['Action', 'Crime']",122642
2310,"Mighty, The (1998)",['Drama'],119670
2311,2010: The Year We Make Contact (1984),['Sci-Fi'],86837
2312,Children of a Lesser God (1986),['Drama'],90830
2313,"Elephant Man, The (1980)",['Drama'],80678
2314,Beloved (1998),['Drama'],120603
2315,Bride of Chucky (Child's Play 4) (1998),"['Comedy', 'Horror', 'Thriller']",144120
2316,Practical Magic (1998),"['Drama', 'Fantasy', 'Mystery', 'Romance']",120791
2317,"Alarmist, The (a.k.a. Life During Wartime) (1997)",['Comedy'],119534
2318,Happiness (1998),"['Comedy', 'Drama']",147612
2320,Apt Pupil (1998),"['Drama', 'Thriller']",118636
2321,Pleasantville (1998),"['Comedy', 'Drama', 'Fantasy']",120789
2322,Soldier (1998),"['Action', 'Sci-Fi', 'War']",120157
2323,"Cruise, The (1998)",['Documentary'],150230
2324,Life Is Beautiful (La Vita è bella) (1997),"['Comedy', 'Drama', 'Romance', 'War']",118799
2325,Orgazmo (1997),['Comedy'],124819
2327,Tales from the Darkside: The Movie (1990),"['Fantasy', 'Horror', 'Thriller']",100740
2328,Vampires (1998),"['Horror', 'Western']",120877
2329,American History X (1998),"['Crime', 'Drama']",120586
2330,Hands on a Hard Body (1996),"['Comedy', 'Documentary']",116481
2331,Living Out Loud (1998),"['Comedy', 'Drama', 'Romance']",120722
2332,Belly (1998),"['Crime', 'Drama']",158493
2333,Gods and Monsters (1998),['Drama'],120684
2334,"Siege, The (1998)","['Action', 'Thriller']",133952
2335,"Waterboy, The (1998)",['Comedy'],120484
2336,Elizabeth (1998),['Drama'],127536
2337,Velvet Goldmine (1998),['Drama'],120879
2338,I Still Know What You Did Last Summer (1998),"['Horror', 'Mystery', 'Thriller']",130018
2339,I'll Be Home For Christmas (1998),"['Comedy', 'Romance']",155753
2340,Meet Joe Black (1998),['Romance'],119643
2341,Dancing at Lughnasa (1998),['Drama'],120643
2342,Hard Core Logo (1996),"['Comedy', 'Drama']",116488
2344,Runaway Train (1985),"['Action', 'Adventure', 'Drama', 'Thriller']",89941
2345,Desert Bloom (1986),['Drama'],90934
2346,"Stepford Wives, The (1975)","['Mystery', 'Sci-Fi', 'Thriller']",73747
2347,"Pope of Greenwich Village, The (1984)",['Drama'],87932
2348,Sid and Nancy (1986),['Drama'],91954
2349,Mona Lisa (1986),"['Comedy', 'Thriller']",91538
2351,"Nights of Cabiria (Notti di Cabiria, Le) (1957)",['Drama'],50783
2352,"Big Chill, The (1983)","['Comedy', 'Drama']",85244
2353,Enemy of the State (1998),"['Action', 'Thriller']",120660
2354,"Rugrats Movie, The (1998)","['Animation', 'Children', 'Comedy']",134067
2355,"Bug's Life, A (1998)","['Adventure', 'Animation', 'Children', 'Comedy']",120623
2356,Celebrity (1998),['Comedy'],120533
2357,Central Station (Central do Brasil) (1998),['Drama'],140888
2358,Savior (1998),"['Drama', 'War']",120070
2359,Waking Ned Devine (a.k.a. Waking Ned) (1998),['Comedy'],166396
2360,"Celebration, The (Festen) (1998)",['Drama'],154420
2361,Pink Flamingos (1972),['Comedy'],69089
2362,Glen or Glenda (1953),['Drama'],45826
2363,Godzilla (Gojira) (1954),"['Drama', 'Horror', 'Sci-Fi']",47034
2364,"Godzilla 1985: The Legend Is Reborn (Gojira) (Godzilla) (Return of Godzilla, The) (1984)","['Action', 'Horror', 'Sci-Fi', 'Thriller']",87344
2365,King Kong vs. Godzilla (Kingukongu tai Gojira) (1962),"['Action', 'Sci-Fi']",56142
2366,King Kong (1933),"['Action', 'Adventure', 'Fantasy', 'Horror']",24216
2367,King Kong (1976),"['Adventure', 'Fantasy', 'Romance', 'Sci-Fi', 'Thriller']",74751
2368,King Kong Lives (1986),"['Adventure', 'Sci-Fi']",91344
2369,Desperately Seeking Susan (1985),"['Comedy', 'Drama', 'Romance']",89017
2370,"Emerald Forest, The (1985)","['Action', 'Adventure', 'Drama']",89087
2371,Fletch (1985),"['Comedy', 'Crime', 'Mystery']",89155
2372,Fletch Lives (1989),['Comedy'],97366
2373,Red Sonja (1985),"['Action', 'Adventure', 'Fantasy']",89893
2374,Gung Ho (1986),"['Comedy', 'Drama']",91159
2375,"Money Pit, The (1986)",['Comedy'],91541
2376,"View to a Kill, A (1985)","['Action', 'Adventure', 'Thriller']",90264
2377,Lifeforce (1985),"['Horror', 'Sci-Fi']",89489
2378,Police Academy (1984),"['Comedy', 'Crime']",87928
2379,Police Academy 2: Their First Assignment (1985),"['Comedy', 'Crime']",89822
2380,Police Academy 3: Back in Training (1986),"['Comedy', 'Crime']",91777
2381,Police Academy 4: Citizens on Patrol (1987),"['Comedy', 'Crime']",93756
2382,Police Academy 5: Assignment: Miami Beach (1988),"['Comedy', 'Crime']",95882
2383,Police Academy 6: City Under Siege (1989),"['Comedy', 'Crime']",98105
2384,Babe: Pig in the City (1998),"['Adventure', 'Children', 'Drama']",120595
2385,Home Fries (1998),"['Comedy', 'Romance']",119304
2386,Jerry Springer: Ringmaster (1998),"['Comedy', 'Drama']",165494
2387,Very Bad Things (1998),"['Comedy', 'Crime']",124198
2388,Steam: The Turkish Bath (Hamam) (1997),"['Drama', 'Romance']",119248
2389,Psycho (1998),"['Crime', 'Horror', 'Thriller']",155975
2390,Little Voice (1998),['Comedy'],147004
2391,"Simple Plan, A (1998)","['Crime', 'Drama', 'Thriller']",120324
2392,Jack Frost (1998),"['Children', 'Comedy', 'Drama']",141109
2393,Star Trek: Insurrection (1998),"['Action', 'Drama', 'Romance', 'Sci-Fi']",120844
2394,"Prince of Egypt, The (1998)","['Animation', 'Musical']",120794
2395,Rushmore (1998),"['Comedy', 'Drama']",128445
2396,Shakespeare in Love (1998),"['Comedy', 'Drama', 'Romance']",138097
2397,Mass Appeal (1984),['Drama'],87688
2398,Miracle on 34th Street (1947),"['Comedy', 'Drama']",39628
2399,Santa Claus: The Movie (1985),"['Adventure', 'Children', 'Fantasy']",89961
2400,Prancer (1989),"['Children', 'Drama', 'Fantasy']",98115
2401,Pale Rider (1985),['Western'],89767
2402,Rambo: First Blood Part II (1985),"['Action', 'Adventure', 'Thriller']",89880
2403,First Blood (Rambo: First Blood) (1982),"['Action', 'Adventure', 'Drama', 'Thriller']",83944
2404,Rambo III (1988),"['Action', 'Adventure', 'Thriller', 'War']",95956
2405,"Jewel of the Nile, The (1985)","['Action', 'Adventure', 'Comedy', 'Romance']",89370
2406,Romancing the Stone (1984),"['Action', 'Adventure', 'Comedy', 'Romance']",88011
2407,Cocoon (1985),"['Comedy', 'Sci-Fi']",88933
2408,Cocoon: The Return (1988),"['Comedy', 'Sci-Fi']",94890
2409,Rocky II (1979),"['Action', 'Drama']",79817
2410,Rocky III (1982),"['Action', 'Drama']",84602
2411,Rocky IV (1985),"['Action', 'Drama']",89927
2412,Rocky V (1990),"['Action', 'Drama']",100507
2413,Clue (1985),"['Comedy', 'Crime', 'Mystery', 'Thriller']",88930
2414,Young Sherlock Holmes (1985),"['Action', 'Adventure', 'Children', 'Fantasy', 'Mystery', 'Thriller']",90357
2415,Violets Are Blue... (1986),"['Drama', 'Romance']",92173
2416,Back to School (1986),['Comedy'],90685
2417,Heartburn (1986),"['Comedy', 'Drama']",91188
2418,Nothing in Common (1986),['Comedy'],91653
2419,Extremities (1986),"['Drama', 'Thriller']",91024
2420,"Karate Kid, The (1984)",['Drama'],87538
2421,"Karate Kid, Part II, The (1986)","['Action', 'Adventure', 'Drama']",91326
2422,"Karate Kid, Part III, The (1989)","['Action', 'Adventure', 'Children', 'Drama']",97647
2423,Christmas Vacation (National Lampoon's Christmas Vacation) (1989),['Comedy'],97958
2424,You've Got Mail (1998),"['Comedy', 'Romance']",128853
2425,"General, The (1998)",['Crime'],120706
2426,"Theory of Flight, The (1998)","['Comedy', 'Drama', 'Romance']",120861
2427,"Thin Red Line, The (1998)","['Action', 'Drama', 'War']",120863
2428,"Faculty, The (1998)","['Horror', 'Sci-Fi']",133751
2429,Mighty Joe Young (1998),"['Action', 'Adventure', 'Drama', 'Fantasy', 'Thriller']",120751
2430,Mighty Joe Young (1949),"['Adventure', 'Children', 'Drama']",41650
2431,Patch Adams (1998),"['Comedy', 'Drama']",129290
2432,Stepmom (1998),['Drama'],120686
2433,"Civil Action, A (1998)",['Drama'],120633
2434,Down in the Delta (1998),['Drama'],142231
2435,Hurlyburly (1998),['Drama'],119336
2436,Tea with Mussolini (1999),"['Comedy', 'Drama', 'War']",120857
2437,Wilde (1997),['Drama'],120514
2439,Affliction (1997),['Drama'],118564
2440,Another Day in Paradise (1998),['Drama'],127722
2441,"Hi-Lo Country, The (1998)","['Drama', 'Romance', 'Western']",120699
2442,Hilary and Jackie (1998),['Drama'],150915
2443,Playing by Heart (1998),"['Drama', 'Romance']",145734
2445,At First Sight (1999),['Drama'],132512
2446,In Dreams (1999),"['Horror', 'Thriller']",120710
2447,Varsity Blues (1999),"['Comedy', 'Drama']",139699
2448,Virus (1999),"['Horror', 'Sci-Fi']",120458
2449,"Garbage Pail Kids Movie, The (1987)","['Adventure', 'Children', 'Comedy']",93072
2450,Howard the Duck (1986),"['Adventure', 'Comedy', 'Sci-Fi']",91225
2451,"Gate, The (1987)",['Horror'],93075
2453,"Boy Who Could Fly, The (1986)","['Drama', 'Fantasy']",90768
2454,"Fly, The (1958)","['Horror', 'Mystery', 'Sci-Fi']",51622
2455,"Fly, The (1986)","['Drama', 'Horror', 'Sci-Fi', 'Thriller']",91064
2456,"Fly II, The (1989)","['Horror', 'Sci-Fi']",97368
2457,Running Scared (1986),"['Action', 'Comedy']",91875
2458,Armed and Dangerous (1986),"['Comedy', 'Crime']",90660
2459,"Texas Chainsaw Massacre, The (1974)",['Horror'],72271
2460,"Texas Chainsaw Massacre 2, The (1986)",['Horror'],92076
2461,Leatherface: Texas Chainsaw Massacre III (1990),"['Comedy', 'Horror', 'Thriller']",99994
2462,Texas Chainsaw Massacre: The Next Generation (a.k.a. The Return of the Texas Chainsaw Massacre) (1994),['Horror'],110978
2463,Ruthless People (1986),['Comedy'],91877
2464,Trick or Treat (1986),['Horror'],92112
2465,Deadly Friend (1986),['Horror'],90917
2466,Belizaire the Cajun (1986),['Drama'],90710
2467,"Name of the Rose, The (Name der Rose, Der) (1986)","['Crime', 'Drama', 'Mystery', 'Thriller']",91605
2468,Jumpin' Jack Flash (1986),"['Action', 'Comedy', 'Romance', 'Thriller']",91306
2469,Peggy Sue Got Married (1986),"['Comedy', 'Drama']",91738
2470,Crocodile Dundee (1986),"['Adventure', 'Comedy']",90555
2471,Crocodile Dundee II (1988),"['Action', 'Adventure', 'Comedy']",92493
2472,Tough Guys (1986),['Comedy'],92105
2473,Soul Man (1986),['Comedy'],91991
2474,"Color of Money, The (1986)",['Drama'],90863
2475,52 Pick-Up (1986),"['Action', 'Mystery', 'Thriller']",90567
2476,Heartbreak Ridge (1986),"['Action', 'War']",91187
2477,Firewalker (1986),['Adventure'],91055
2478,¡Three Amigos! (1986),"['Comedy', 'Western']",92086
2479,Gloria (1999),"['Drama', 'Thriller']",120683
2481,My Name Is Joe (1998),"['Drama', 'Romance']",151691
2482,Still Crazy (1998),"['Comedy', 'Romance']",149151
2483,"Day of the Beast, The (Día de la Bestia, El) (1995)","['Adventure', 'Comedy', 'Thriller']",112922
2485,She's All That (1999),"['Comedy', 'Romance']",160862
2487,"Blood, Guts, Bullets and Octane (1998)","['Action', 'Comedy']",163984
2488,Peeping Tom (1960),"['Drama', 'Horror', 'Thriller']",54167
2490,Payback (1999),"['Action', 'Thriller']",120784
2491,Simply Irresistible (1999),"['Comedy', 'Romance']",145893
2492,20 Dates (1998),"['Comedy', 'Romance']",138987
2493,"Harmonists, The (1997)",['Drama'],128133
2494,"Last Days, The (1998)",['Documentary'],174852
2495,"Fantastic Planet, The (Planète sauvage, La) (1973)","['Animation', 'Sci-Fi']",70544
2496,Blast from the Past (1999),"['Comedy', 'Romance']",124298
2497,Message in a Bottle (1999),['Romance'],139462
2498,My Favorite Martian (1999),"['Comedy', 'Sci-Fi']",120764
2499,God Said 'Ha!' (1998),['Comedy'],119207
2500,Jawbreaker (1999),['Comedy'],155776
2501,October Sky (1999),['Drama'],132477
2502,Office Space (1999),"['Comedy', 'Crime']",151804
2503,"Apple, The (Sib) (1998)",['Drama'],156901
2504,200 Cigarettes (1999),"['Comedy', 'Drama']",137338
2505,8MM (1999),"['Drama', 'Mystery', 'Thriller']",134273
2506,"Other Sister, The (1999)","['Comedy', 'Drama', 'Romance']",123209
2507,Breakfast of Champions (1999),"['Comedy', 'Sci-Fi']",120618
2509,Eight Days a Week (1997),['Comedy'],119054
2510,Just the Ticket (1999),"['Comedy', 'Romance']",134948
2511,"Long Goodbye, The (1973)","['Crime', 'Film-Noir']",70334
2512,"Ballad of Narayama, The (Narayama bushiko) (1983)",['Drama'],84390
2513,Pet Sematary (1989),['Horror'],98084
2514,Pet Sematary II (1992),"['Comedy', 'Horror']",105128
2515,Children of the Corn II: The Final Sacrifice (1993),['Horror'],106557
2516,Children of the Corn III (1994),['Horror'],109415
2517,Christine (1983),['Horror'],85333
2518,Night Shift (1982),['Comedy'],84412
2519,House on Haunted Hill (1959),"['Drama', 'Horror', 'Thriller']",51744
2520,Airport (1970),['Drama'],65377
2521,Airport 1975 (1974),"['Action', 'Drama', 'Thriller']",71110
2522,Airport '77 (1977),['Drama'],75648
2523,Rollercoaster (1977),"['Drama', 'Thriller']",76636
2524,"Towering Inferno, The (1974)","['Action', 'Adventure', 'Drama', 'Thriller']",72308
2525,Alligator (1980),"['Action', 'Horror', 'Sci-Fi']",80354
2526,Meteor (1979),['Sci-Fi'],79550
2527,Westworld (1973),"['Action', 'Sci-Fi', 'Thriller', 'Western']",70909
2528,Logan's Run (1976),"['Action', 'Adventure', 'Sci-Fi']",74812
2529,Planet of the Apes (1968),"['Action', 'Drama', 'Sci-Fi']",63442
2530,Beneath the Planet of the Apes (1970),"['Action', 'Sci-Fi']",65462
2531,Battle for the Planet of the Apes (1973),"['Action', 'Sci-Fi']",69768
2532,Conquest of the Planet of the Apes (1972),"['Action', 'Sci-Fi']",68408
2533,Escape from the Planet of the Apes (1971),"['Action', 'Sci-Fi']",67065
2535,Earthquake (1974),"['Action', 'Drama', 'Thriller']",71455
2536,"Concorde: Airport '79, The (1979)",['Drama'],78740
2537,Beyond the Poseidon Adventure (1979),['Adventure'],78856
2539,Analyze This (1999),['Comedy'],122933
2540,"Corruptor, The (1999)","['Action', 'Crime', 'Drama', 'Thriller']",142192
2541,Cruel Intentions (1999),['Drama'],139134
2542,"Lock, Stock & Two Smoking Barrels (1998)","['Comedy', 'Crime', 'Thriller']",120735
2543,Six Ways to Sunday (1997),['Comedy'],127288
2544,"School of Flesh, The (École de la chair, L') (1998)","['Drama', 'Romance']",157208
2545,Relax... It's Just Sex (1998),['Comedy'],159696
2546,"Deep End of the Ocean, The (1999)",['Drama'],120646
2548,"Rage: Carrie 2, The (1999)",['Horror'],144814
2549,Wing Commander (1999),"['Action', 'Sci-Fi']",131646
2550,"Haunting, The (1963)","['Horror', 'Thriller']",57129
2551,Dead Ringers (1988),"['Drama', 'Horror', 'Thriller']",94964
2552,My Boyfriend's Back (1993),['Comedy'],107626
2553,Village of the Damned (1960),"['Horror', 'Sci-Fi', 'Thriller']",54443
2554,Children of the Damned (1963),"['Horror', 'Sci-Fi', 'Thriller']",56931
2555,Baby Geniuses (1999),['Comedy'],118665
2557,I Stand Alone (Seul contre tous) (1998),"['Drama', 'Thriller']",157016
2558,Forces of Nature (1999),"['Comedy', 'Romance']",141098
2559,"King and I, The (1999)","['Animation', 'Children']",160429
2560,Ravenous (1999),"['Horror', 'Thriller']",129332
2561,True Crime (1999),"['Crime', 'Thriller']",139668
2562,Bandits (1997),['Drama'],118682
2563,Dangerous Beauty (1998),['Drama'],118892
2565,"King and I, The (1956)","['Drama', 'Musical', 'Romance']",49408
2566,Doug's 1st Movie (1999),"['Animation', 'Children']",187819
2567,EDtv (1999),['Comedy'],131369
2568,"Mod Squad, The (1999)","['Action', 'Crime']",120757
2570,"Walk on the Moon, A (1999)","['Drama', 'Romance']",120613
2571,"Matrix, The (1999)","['Action', 'Sci-Fi', 'Thriller']",133093
2572,10 Things I Hate About You (1999),"['Comedy', 'Romance']",147800
2573,Tango (1998),"['Drama', 'Musical']",120274
2574,"Out-of-Towners, The (1999)",['Comedy'],129280
2575,"Dreamlife of Angels, The (Vie rêvée des anges, La) (1998)",['Drama'],120449
2577,Metroland (1997),"['Comedy', 'Drama']",119665
2578,"Sticky Fingers of Time, The (1997)",['Sci-Fi'],127302
2579,Following (1998),"['Crime', 'Mystery', 'Thriller']",154506
2580,Go (1999),"['Comedy', 'Crime']",139239
2581,Never Been Kissed (1999),"['Comedy', 'Romance']",151738
2582,Twin Dragons (Shuang long hui) (1992),"['Action', 'Comedy']",105399
2583,Cookie's Fortune (1999),"['Comedy', 'Drama']",126250
2585,"Lovers of the Arctic Circle, The (Los Amantes del Círculo Polar) (1998)","['Drama', 'Romance']",133363
2586,Goodbye Lover (1999),"['Comedy', 'Crime', 'Thriller']",119219
2587,Life (1999),"['Comedy', 'Crime', 'Drama']",123964
2589,Friends & Lovers (1999),"['Comedy', 'Drama', 'Romance']",143261
2590,Hideous Kinky (1998),['Drama'],136244
2593,"Monster, The (Mostro, Il) (1994)",['Comedy'],110570
2594,Open Your Eyes (Abre los ojos) (1997),"['Drama', 'Romance', 'Sci-Fi', 'Thriller']",125659
2596,SLC Punk! (1998),"['Comedy', 'Drama']",133189
2597,Lost & Found (1999),"['Comedy', 'Romance']",120836
2598,Pushing Tin (1999),['Comedy'],120797
2599,Election (1999),['Comedy'],126886
2600,eXistenZ (1999),"['Action', 'Sci-Fi', 'Thriller']",120907
2605,Entrapment (1999),"['Crime', 'Thriller']",137494
2606,Idle Hands (1999),"['Comedy', 'Horror']",138510
2607,Get Real (1998),"['Drama', 'Romance']",162973
2609,"King of Masks, The (Bian Lian) (1996)",['Drama'],115669
2610,Three Seasons (1999),['Drama'],138874
2611,"Winslow Boy, The (1999)",['Drama'],155388
2612,Mildred Pierce (1945),"['Drama', 'Film-Noir']",37913
2613,Night of the Comet (1984),"['Comedy', 'Horror', 'Sci-Fi']",87799
2614,Chopping Mall (a.k.a. Killbots) (1986),"['Action', 'Horror', 'Sci-Fi']",90837
2615,My Science Project (1985),"['Adventure', 'Sci-Fi']",89652
2616,Dick Tracy (1990),"['Action', 'Crime']",99422
2617,"Mummy, The (1999)","['Action', 'Adventure', 'Comedy', 'Fantasy', 'Horror', 'Thriller']",120616
2618,"Castle, The (1997)",['Comedy'],118826
2620,This Is My Father (1998),"['Drama', 'Romance']",120865
2621,Xiu Xiu: The Sent-Down Girl (Tian yu) (1998),['Drama'],115005
2622,William Shakespeare's A Midsummer Night's Dream (1999),"['Comedy', 'Fantasy']",140379
2624,After Life (Wandafuru raifu) (1998),"['Drama', 'Fantasy']",165078
2625,Black Mask (Hak hap) (1996),"['Action', 'Adventure', 'Crime', 'Sci-Fi', 'Thriller']",115693
2626,Edge of Seventeen (1998),"['Comedy', 'Drama', 'Romance']",138414
2627,Endurance (1999),"['Documentary', 'Drama']",120659
2628,Star Wars: Episode I - The Phantom Menace (1999),"['Action', 'Adventure', 'Sci-Fi']",120915
2629,"Love Letter, The (1999)","['Comedy', 'Romance']",166252
2630,Besieged (a.k.a. L' Assedio) (1998),['Drama'],149723
2633,"Mummy, The (1932)","['Horror', 'Romance']",23245
2634,"Mummy, The (1959)",['Horror'],53085
2635,"Mummy's Curse, The (1944)",['Horror'],37098
2636,"Mummy's Ghost, The (1944)",['Horror'],37099
2637,"Mummy's Hand, The (1940)",['Horror'],32818
2638,"Mummy's Tomb, The (1942)",['Horror'],35096
2639,Mommie Dearest (1981),['Drama'],82766
2640,Superman (1978),"['Action', 'Adventure', 'Sci-Fi']",78346
2641,Superman II (1980),"['Action', 'Sci-Fi']",81573
2642,Superman III (1983),"['Action', 'Adventure', 'Sci-Fi']",86393
2643,Superman IV: The Quest for Peace (1987),"['Action', 'Adventure', 'Sci-Fi']",94074
2644,Dracula (1931),['Horror'],21814
2646,House of Dracula (1945),['Horror'],37793
2647,House of Frankenstein (1944),['Horror'],36931
2648,Frankenstein (1931),"['Drama', 'Horror', 'Sci-Fi']",21884
2649,Son of Frankenstein (1939),['Horror'],31951
2650,"Ghost of Frankenstein, The (1942)",['Horror'],34786
2651,Frankenstein Meets the Wolf Man (1943),['Horror'],35899
2652,"Curse of Frankenstein, The (1957)",['Horror'],50280
2653,Son of Dracula (1943),['Horror'],36376
2654,"Wolf Man, The (1941)","['Drama', 'Fantasy', 'Horror']",34398
2655,Howling II: Your Sister Is a Werewolf (1985),['Horror'],89308
2656,Tarantula (1955),"['Horror', 'Sci-Fi']",48696
2657,"Rocky Horror Picture Show, The (1975)","['Comedy', 'Horror', 'Musical', 'Sci-Fi']",73629
2659,It Came from Hollywood (1982),"['Comedy', 'Documentary']",84156
2660,"Thing from Another World, The (1951)","['Horror', 'Sci-Fi']",44121
2661,It Came from Outer Space (1953),['Sci-Fi'],45920
2662,"War of the Worlds, The (1953)","['Action', 'Drama', 'Sci-Fi']",46534
2663,It Came from Beneath the Sea (1955),['Sci-Fi'],48215
2664,Invasion of the Body Snatchers (1956),"['Horror', 'Sci-Fi', 'Thriller']",49366
2665,Earth vs. the Flying Saucers (1956),['Sci-Fi'],49169
2667,"Mole People, The (1956)","['Horror', 'Sci-Fi']",49516
2668,Swamp Thing (1982),"['Horror', 'Sci-Fi']",84745
2669,Pork Chop Hill (1959),['War'],53183
2670,Run Silent Run Deep (1958),['War'],52151
2671,Notting Hill (1999),"['Comedy', 'Romance']",125439
2672,"Thirteenth Floor, The (1999)","['Drama', 'Sci-Fi', 'Thriller']",139809
2673,Eternity and a Day (Mia aoniotita kai mia mera) (1998),['Drama'],156794
2674,"Loss of Sexual Innocence, The (1999)","['Drama', 'Fantasy']",126859
2676,Instinct (1999),"['Drama', 'Thriller']",128278
2677,Buena Vista Social Club (1999),"['Documentary', 'Musical']",186508
2678,Desert Blue (1999),['Comedy'],126261
2681,Free Enterprise (1998),"['Comedy', 'Romance', 'Sci-Fi']",141105
2682,Limbo (1999),['Drama'],164085
2683,Austin Powers: The Spy Who Shagged Me (1999),"['Action', 'Adventure', 'Comedy']",145660
2686,"Red Violin, The (Violon rouge, Le) (1998)","['Drama', 'Mystery']",120802
2687,Tarzan (1999),"['Adventure', 'Animation', 'Children', 'Drama']",120855
2688,"General's Daughter, The (1999)","['Crime', 'Drama', 'Mystery', 'Thriller']",144214
2689,Get Bruce (1999),['Documentary'],184510
2690,"Ideal Husband, An (1999)","['Comedy', 'Romance']",122541
2691,"Legend of 1900, The (a.k.a. The Legend of the Pianist on the Ocean) (Leggenda del pianista sull'oceano) (1998)",['Drama'],120731
2692,Run Lola Run (Lola rennt) (1998),"['Action', 'Crime']",130827
2693,Trekkies (1997),['Documentary'],120370
2694,Big Daddy (1999),['Comedy'],142342
2696,"Dinner Game, The (Dîner de cons, Le) (1998)",['Comedy'],119038
2697,My Son the Fanatic (1997),"['Comedy', 'Drama', 'Romance']",119743
2699,Arachnophobia (1990),"['Comedy', 'Horror']",99052
2700,"South Park: Bigger, Longer and Uncut (1999)","['Animation', 'Comedy', 'Musical']",158983
2701,Wild Wild West (1999),"['Action', 'Comedy', 'Sci-Fi', 'Western']",120891
2702,Summer of Sam (1999),['Drama'],162677
2704,"Lovers on the Bridge, The (Amants du Pont-Neuf, Les) (1991)","['Drama', 'Romance']",101318
2705,"Late August, Early September (Fin août, début septembre) (1998)",['Drama'],167925
2706,American Pie (1999),"['Comedy', 'Romance']",163651
2707,Arlington Road (1999),['Thriller'],137363
2708,"Autumn Tale, An (Conte d'automne) (1998)",['Romance'],137439
2709,Muppets From Space (1999),"['Children', 'Comedy']",158811
2710,"Blair Witch Project, The (1999)","['Drama', 'Horror', 'Thriller']",185937
2711,My Life So Far (1999),['Drama'],120899
2712,Eyes Wide Shut (1999),"['Drama', 'Mystery', 'Thriller']",120663
2713,Lake Placid (1999),"['Horror', 'Thriller']",139414
2714,"Wood, The (1999)",['Drama'],161100
2715,"Velocity of Gary, The (1998)","['Comedy', 'Romance']",120878
2716,Ghostbusters (a.k.a. Ghost Busters) (1984),"['Action', 'Comedy', 'Sci-Fi']",87332
2717,Ghostbusters II (1989),"['Comedy', 'Fantasy', 'Sci-Fi']",97428
2718,Drop Dead Gorgeous (1999),['Comedy'],157503
2719,"Haunting, The (1999)","['Horror', 'Thriller']",171363
2720,Inspector Gadget (1999),"['Action', 'Adventure', 'Children', 'Comedy']",141369
2721,Trick (1999),"['Comedy', 'Romance']",162710
2722,Deep Blue Sea (1999),"['Action', 'Horror', 'Sci-Fi', 'Thriller']",149261
2723,Mystery Men (1999),"['Action', 'Comedy', 'Fantasy']",132347
2724,Runaway Bride (1999),"['Comedy', 'Romance']",163187
2725,Twin Falls Idaho (1999),['Drama'],162830
2726,"Killing, The (1956)","['Crime', 'Film-Noir']",49406
2727,Killer's Kiss (1955),"['Crime', 'Film-Noir']",48254
2728,Spartacus (1960),"['Action', 'Drama', 'Romance', 'War']",54331
2729,Lolita (1962),"['Drama', 'Romance']",56193
2730,Barry Lyndon (1975),"['Drama', 'Romance', 'War']",72684
2731,"400 Blows, The (Les quatre cents coups) (1959)","['Crime', 'Drama']",53198
2732,Jules and Jim (Jules et Jim) (1961),"['Drama', 'Romance']",55032
2733,Vibes (1988),"['Adventure', 'Comedy', 'Romance']",96378
2734,"Mosquito Coast, The (1986)","['Adventure', 'Drama', 'Thriller']",91557
2735,"Golden Child, The (1986)","['Action', 'Adventure', 'Comedy', 'Fantasy', 'Mystery']",91129
2736,Brighton Beach Memoirs (1986),['Comedy'],90774
2737,Assassination (1987),"['Action', 'Drama', 'Thriller']",92585
2738,Crimes of the Heart (1986),"['Comedy', 'Drama']",90886
2739,"Color Purple, The (1985)",['Drama'],88939
2741,No Mercy (1986),"['Action', 'Crime', 'Thriller']",91637
2743,Native Son (1986),['Drama'],91613
2744,Otello (1986),['Drama'],91699
2745,"Mission, The (1986)",['Drama'],91530
2746,Little Shop of Horrors (1986),"['Comedy', 'Horror', 'Musical']",91419
2747,"Little Shop of Horrors, The (1960)","['Comedy', 'Horror']",54033
2748,Allan Quatermain and the Lost City of Gold (1987),"['Action', 'Adventure', 'Comedy']",92534
2749,"Morning After, The (1986)","['Drama', 'Mystery']",91554
2750,Radio Days (1987),"['Comedy', 'Drama']",93818
2751,From the Hip (1987),"['Comedy', 'Drama']",93051
2752,Outrageous Fortune (1987),"['Comedy', 'Mystery']",93690
2753,"Bedroom Window, The (1987)",['Thriller'],92627
2755,Light of Day (1987),['Drama'],93415
2756,Wanted: Dead or Alive (1987),['Action'],94293
2757,Frances (1982),['Drama'],83967
2758,Plenty (1985),['Drama'],89816
2759,Dick (1999),['Comedy'],144168
2761,"Iron Giant, The (1999)","['Adventure', 'Animation', 'Children', 'Drama', 'Sci-Fi']",129167
2762,"Sixth Sense, The (1999)","['Drama', 'Horror', 'Mystery']",167404
2763,"Thomas Crown Affair, The (1999)","['Action', 'Mystery']",155267
2764,"Thomas Crown Affair, The (1968)","['Crime', 'Drama', 'Romance', 'Thriller']",63688
2765,"Acid House, The (1998)","['Comedy', 'Drama']",122515
2766,"Adventures of Sebastian Cole, The (1998)","['Comedy', 'Drama']",168449
2767,Illuminata (1998),['Comedy'],120709
2768,Stiff Upper Lips (1998),['Comedy'],120210
2769,"Yards, The (2000)","['Crime', 'Drama']",138946
2770,Bowfinger (1999),['Comedy'],131325
2771,Brokedown Palace (1999),['Drama'],120620
2772,Detroit Rock City (1999),['Comedy'],165710
2773,Alice and Martin (Alice et Martin) (1998),['Drama'],176422
2774,Better Than Chocolate (1999),"['Comedy', 'Romance']",168987
2775,Head On (1998),['Drama'],138487
2776,"Marcello Mastroianni: I Remember Yes, I Remember (Marcello Mastroianni: mi ricordo, sì, io mi ricordo) (1997)",['Documentary'],119614
2778,Never Talk to Strangers (1995),"['Crime', 'Drama', 'Romance', 'Thriller']",113965
2779,Heaven Can Wait (1978),['Comedy'],77663
2780,"Raven, The (1963)","['Comedy', 'Horror']",57449
2781,"Tingler, The (1959)",['Horror'],53363
2782,"Pit and the Pendulum, The (1961)",['Horror'],55304
2783,"Tomb of Ligeia, The (1965)",['Horror'],59821
2784,"Masque of the Red Death, The (1964)",['Horror'],58333
2785,Tales of Terror (1962),['Horror'],56552
2786,Haunted Honeymoon (1986),['Comedy'],91178
2787,Cat's Eye (1985),['Horror'],88889
2788,Monty Python's And Now for Something Completely Different (1971),['Comedy'],66765
2789,Damien: Omen II (1978),['Horror'],77394
2790,"Final Conflict, The (a.k.a. Omen III: The Final Conflict) (1981)","['Horror', 'Thriller']",82377
2791,Airplane! (1980),['Comedy'],80339
2792,Airplane II: The Sequel (1982),['Comedy'],83530
2793,"American Werewolf in Paris, An (1997)","['Comedy', 'Horror', 'Romance', 'Thriller']",118604
2794,European Vacation (aka National Lampoon's European Vacation) (1985),"['Adventure', 'Comedy', 'Romance']",89670
2795,National Lampoon's Vacation (1983),['Comedy'],85995
2796,Funny Farm (1988),['Comedy'],95188
2797,Big (1988),"['Comedy', 'Drama', 'Fantasy', 'Romance']",94737
2798,Problem Child (1990),"['Children', 'Comedy']",100419
2799,Problem Child 2 (1991),['Comedy'],102719
2800,Little Nemo: Adventures in Slumberland (1992),"['Adventure', 'Animation', 'Children', 'Drama', 'Fantasy']",104740
2801,Oscar and Lucinda (a.k.a. Oscar & Lucinda) (1997),"['Drama', 'Romance']",119843
2802,Tequila Sunrise (1988),"['Action', 'Drama', 'Romance', 'Thriller']",96244
2803,"Pelican Brief, The (1993)","['Crime', 'Drama', 'Mystery', 'Romance', 'Thriller']",107798
2804,"Christmas Story, A (1983)","['Children', 'Comedy']",85334
2805,Mickey Blue Eyes (1999),"['Comedy', 'Romance']",130121
2806,Teaching Mrs. Tingle (1999),"['Comedy', 'Thriller']",133046
2807,Universal Soldier: The Return (1999),"['Action', 'Sci-Fi']",176269
2808,Universal Soldier (1992),"['Action', 'Sci-Fi']",105698
2809,Love Stinks (1999),['Comedy'],188863
2810,Perfect Blue (1997),"['Animation', 'Horror', 'Mystery', 'Thriller']",156887
2812,In Too Deep (1999),"['Action', 'Thriller']",160401
2813,"Source, The (1999)",['Documentary'],181833
2814,"Bat, The (1959)",['Horror'],52602
2815,Iron Eagle (1986),"['Action', 'War']",91278
2816,Iron Eagle II (1988),"['Action', 'War']",95382
2817,Aces: Iron Eagle III (1992),['Action'],103617
2818,Iron Eagle IV (1995),"['Action', 'War']",113438
2819,Three Days of the Condor (3 Days of the Condor) (1975),"['Drama', 'Mystery', 'Romance', 'Thriller']",73802
2820,Hamlet (1964),['Drama'],58175
2822,Medicine Man (1992),"['Adventure', 'Romance']",104839
2824,On the Ropes (1999),"['Documentary', 'Drama']",181733
2826,"13th Warrior, The (1999)","['Action', 'Adventure', 'Fantasy']",120657
2827,"Astronaut's Wife, The (1999)","['Horror', 'Sci-Fi', 'Thriller']",138304
2828,Dudley Do-Right (1999),"['Children', 'Comedy']",160236
2829,"Muse, The (1999)",['Comedy'],164108
2830,Cabaret Balkan (Bure Baruta) (1998),['Drama'],169145
2833,Lucie Aubrac (1997),"['Romance', 'War']",119586
2834,"Very Thought of You, The (1998)","['Comedy', 'Romance']",120747
2835,Chill Factor (1999),"['Action', 'Adventure', 'Comedy', 'Thriller']",163579
2836,Outside Providence (1999),['Comedy'],125971
2837,Bedrooms & Hallways (1998),"['Comedy', 'Romance']",126810
2839,West Beirut (West Beyrouth) (1998),['Drama'],157183
2840,Stigmata (1999),"['Drama', 'Thriller']",145531
2841,Stir of Echoes (1999),"['Horror', 'Mystery', 'Thriller']",164181
2842,Best Laid Plans (1999),"['Crime', 'Drama']",133412
2843,"Black Cat, White Cat (Crna macka, beli macor) (1998)","['Comedy', 'Romance']",118843
2844,"Minus Man, The (1999)","['Drama', 'Mystery']",151582
2846,"Adventures of Milo and Otis, The (Koneko monogatari) (1986)","['Adventure', 'Children', 'Comedy', 'Drama']",97050
2847,Only Angels Have Wings (1939),"['Adventure', 'Drama', 'Romance']",31762
2848,"Othello (Tragedy of Othello: The Moor of Venice, The) (1952)",['Drama'],45251
2849,Queens Logic (1991),"['Comedy', 'Drama']",102741
2851,Saturn 3 (1980),"['Adventure', 'Sci-Fi', 'Thriller']",81454
2852,"Soldier's Story, A (1984)",['Drama'],88146
2853,"Alice, Sweet Alice (a.k.a. Communion) (a.k.a. Holy Terror) (1976)","['Horror', 'Mystery']",76150
2855,Nightmares (1983),['Horror'],86014
2856,I Saw What You Did (1965),['Thriller'],59297
2857,Yellow Submarine (1968),"['Adventure', 'Animation', 'Comedy', 'Fantasy', 'Musical']",63823
2858,American Beauty (1999),"['Comedy', 'Drama']",169547
2859,Stop Making Sense (1984),"['Documentary', 'Musical']",88178
2860,Blue Streak (1999),['Comedy'],181316
2861,For Love of the Game (1999),"['Comedy', 'Drama']",126916
2862,Caligula (1979),['Drama'],80491
2863,"Hard Day's Night, A (1964)","['Adventure', 'Comedy', 'Musical']",58182
2864,Splendor (1999),['Comedy'],127296
2865,Sugar Town (1999),['Comedy'],173390
2866,"Buddy Holly Story, The (1978)",['Drama'],77280
2867,Fright Night (1985),"['Comedy', 'Horror', 'Thriller']",89175
2868,Fright Night Part II (1988),['Horror'],97390
2870,Barefoot in the Park (1967),['Comedy'],61385
2871,Deliverance (1972),"['Adventure', 'Drama', 'Thriller']",68473
2872,Excalibur (1981),"['Adventure', 'Fantasy']",82348
2873,Lulu on the Bridge (1998),"['Drama', 'Mystery', 'Romance']",125879
2874,"Pajama Game, The (1957)","['Comedy', 'Musical', 'Romance']",50814
2875,Sommersby (1993),"['Drama', 'Mystery', 'Romance']",108185
2876,Thumbelina (1994),"['Animation', 'Children', 'Fantasy']",111419
2877,Tommy (1975),"['Drama', 'Musical']",73812
2878,Hell Night (1981),['Horror'],82511
2879,Armour of God II: Operation Condor (Operation Condor) (Fei ying gai wak) (1991),"['Action', 'Adventure', 'Comedy']",99558
2880,Armour of God (Long xiong hu di) (1987),"['Action', 'Adventure', 'Comedy']",91431
2881,Double Jeopardy (1999),"['Action', 'Crime', 'Drama', 'Thriller']",150377
2882,Jakob the Liar (1999),['Drama'],120716
2883,Mumford (1999),"['Comedy', 'Drama']",140397
2884,Dog Park (1998),"['Comedy', 'Romance']",129884
2885,Guinevere (1999),"['Drama', 'Romance']",160338
2886,"Adventures of Elmo in Grouchland, The (1999)","['Children', 'Comedy']",159421
2887,Simon Sez (1999),"['Action', 'Comedy']",168172
2888,Drive Me Crazy (1999),"['Comedy', 'Romance']",164114
2889,"Mystery, Alaska (1999)","['Children', 'Comedy']",134618
2890,Three Kings (1999),"['Action', 'Adventure', 'Comedy', 'Drama', 'War']",120188
2891,"Happy, Texas (1999)",['Comedy'],162360
2892,New Rose Hotel (1998),"['Action', 'Drama']",133122
2893,Plunkett & MaCleane (1999),"['Action', 'Adventure', 'Drama']",134033
2894,Romance (1999),"['Drama', 'Romance']",194314
2896,Alvarez Kelly (1966),['Western'],60095
2897,And the Ship Sails On (E la nave va) (1983),"['Comedy', 'War']",87188
2898,"Dark Half, The (1993)","['Horror', 'Mystery']",106664
2899,Gulliver's Travels (1939),"['Adventure', 'Animation', 'Children']",31397
2900,Monkey Shines (1988),"['Horror', 'Sci-Fi']",95652
2901,Phantasm (1979),"['Horror', 'Sci-Fi']",79714
2902,Psycho II (1983),"['Horror', 'Mystery', 'Thriller']",86154
2903,Psycho III (1986),"['Horror', 'Thriller']",91799
2905,Sanjuro (Tsubaki Sanjûrô) (1962),"['Action', 'Adventure', 'Drama']",56443
2906,Random Hearts (1999),"['Drama', 'Romance']",156934
2907,Superstar (1999),['Comedy'],167427
2908,Boys Don't Cry (1999),['Drama'],171804
2911,"Grandfather, The (Abuelo, El) (1998)",['Drama'],176415
2912,"Limey, The (1999)","['Crime', 'Drama', 'Thriller']",165854
2913,"Mating Habits of the Earthbound Human, The (1999)","['Comedy', 'Sci-Fi']",165874
2914,Molly (1999),"['Comedy', 'Drama']",143746
2915,Risky Business (1983),['Comedy'],86200
2916,Total Recall (1990),"['Action', 'Adventure', 'Sci-Fi', 'Thriller']",100802
2917,Body Heat (1981),"['Crime', 'Thriller']",82089
2918,Ferris Bueller's Day Off (1986),['Comedy'],91042
2919,"Year of Living Dangerously, The (1982)","['Drama', 'Romance', 'War']",86617
2920,Children of Paradise (Les enfants du paradis) (1945),"['Drama', 'Romance']",37674
2921,High Plains Drifter (1973),['Western'],68699
2922,Hang 'Em High (1968),"['Crime', 'Drama', 'Western']",61747
2924,Drunken Master (Jui kuen) (1978),"['Action', 'Comedy']",80179
2925,"Conformist, The (Conformista, Il) (1970)",['Drama'],65571
2926,Hairspray (1988),"['Comedy', 'Drama']",95270
2927,Brief Encounter (1946),"['Drama', 'Romance']",37558
2928,"Razor's Edge, The (1984)",['Drama'],87980
2929,Reds (1981),"['Drama', 'Romance']",82979
2930,Return with Honor (1998),['Documentary'],176093
2931,Time of the Gypsies (Dom za vesanje) (1989),"['Comedy', 'Crime', 'Drama', 'Fantasy']",97223
2932,Days of Heaven (1978),['Drama'],77405
2933,"Fire Within, The (Feu follet, Le) (1963)",['Drama'],57058
2935,"Lady Eve, The (1941)","['Comedy', 'Romance']",33804
2936,Sullivan's Travels (1941),"['Adventure', 'Comedy', 'Romance']",34240
2937,"Palm Beach Story, The (1942)",['Comedy'],35169
2938,Man Facing Southeast (Hombre mirando al sudeste) (1986),"['Drama', 'Sci-Fi']",91214
2939,Niagara (1953),"['Drama', 'Thriller']",46126
2940,Gilda (1946),"['Drama', 'Film-Noir', 'Mystery', 'Romance']",38559
2941,South Pacific (1958),"['Musical', 'Romance', 'War']",52225
2942,Flashdance (1983),"['Drama', 'Romance']",85549
2943,Indochine (1992),"['Drama', 'Romance']",104507
2944,"Dirty Dozen, The (1967)","['Action', 'Drama', 'War']",61578
2946,Help! (1965),"['Comedy', 'Musical']",59260
2947,Goldfinger (1964),"['Action', 'Adventure', 'Thriller']",58150
2948,From Russia with Love (1963),"['Action', 'Adventure', 'Thriller']",57076
2949,Dr. No (1962),"['Action', 'Adventure', 'Thriller']",55928
2950,"Blue Lagoon, The (1980)","['Adventure', 'Drama', 'Romance']",80453
2951,"Fistful of Dollars, A (Per un pugno di dollari) (1964)","['Action', 'Western']",58461
2952,Sydney (Hard Eight) (1996),"['Crime', 'Drama', 'Thriller']",119256
2953,Home Alone 2: Lost in New York (1992),"['Children', 'Comedy']",104431
2956,Someone to Watch Over Me (1987),"['Action', 'Crime', 'Thriller']",94008
2959,Fight Club (1999),"['Action', 'Crime', 'Drama', 'Thriller']",137523
2961,"Story of Us, The (1999)","['Comedy', 'Drama']",160916
2962,Fever Pitch (1997),"['Comedy', 'Romance']",119114
2963,Joe the King (1999),"['Crime', 'Drama']",160672
2964,Julien Donkey-Boy (1999),['Drama'],192194
2965,"Omega Code, The (1999)",['Action'],203408
2966,"Straight Story, The (1999)","['Adventure', 'Drama']",166896
2967,"Bad Seed, The (1956)","['Drama', 'Thriller']",48977
2968,Time Bandits (1981),"['Adventure', 'Comedy', 'Fantasy', 'Sci-Fi']",81633
2969,"Man and a Woman, A (Un homme et une femme) (1966)","['Drama', 'Romance']",61138
2970,Fitzcarraldo (1982),"['Adventure', 'Drama']",83946
2971,All That Jazz (1979),"['Drama', 'Fantasy', 'Musical']",78754
2972,Red Sorghum (Hong gao liang) (1987),"['Drama', 'War']",93206
2973,Crimes and Misdemeanors (1989),"['Comedy', 'Crime', 'Drama']",97123
2974,Bats (1999),"['Horror', 'Thriller']",200469
2975,"Best Man, The (1999)","['Comedy', 'Drama']",168501
2976,Bringing Out the Dead (1999),['Drama'],163988
2977,Crazy in Alabama (1999),"['Comedy', 'Drama']",142201
2978,Three to Tango (1999),"['Comedy', 'Romance']",144640
2979,Body Shots (1999),['Drama'],172627
2981,"Brother, Can You Spare a Dime? (1975)",['Documentary'],72742
2982,"Guardian, The (1990)","['Horror', 'Thriller']",99710
2983,"Ipcress File, The (1965)",['Thriller'],59319
2984,On Any Sunday (1971),['Documentary'],67527
2985,RoboCop (1987),"['Action', 'Crime', 'Drama', 'Sci-Fi', 'Thriller']",93870
2986,RoboCop 2 (1990),"['Action', 'Crime', 'Sci-Fi', 'Thriller']",100502
2987,Who Framed Roger Rabbit? (1988),"['Adventure', 'Animation', 'Children', 'Comedy', 'Crime', 'Fantasy', 'Mystery']",96438
2988,Melvin and Howard (1980),['Drama'],81150
2989,For Your Eyes Only (1981),"['Action', 'Adventure', 'Thriller']",82398
2990,Licence to Kill (1989),"['Action', 'Adventure', 'Thriller']",97742
2991,Live and Let Die (1973),"['Action', 'Adventure', 'Thriller']",70328
2992,Rawhead Rex (1986),"['Horror', 'Thriller']",91829
2993,Thunderball (1965),"['Action', 'Adventure', 'Thriller']",59800
2995,House on Haunted Hill (1999),"['Horror', 'Thriller']",185371
2996,Music of the Heart (1999),['Drama'],166943
2997,Being John Malkovich (1999),"['Comedy', 'Drama', 'Fantasy']",120601
3000,Princess Mononoke (Mononoke-hime) (1997),"['Action', 'Adventure', 'Animation', 'Drama', 'Fantasy']",119698
3002,My Best Fiend (Mein liebster Feind) (1999),['Documentary'],200849
3003,Train of Life (Train de vie) (1998),"['Comedy', 'Drama', 'Romance', 'War']",170705
3004,"Bachelor, The (1999)","['Comedy', 'Romance']",120596
3005,"Bone Collector, The (1999)",['Thriller'],145681
3006,"Insider, The (1999)","['Drama', 'Thriller']",140352
3007,American Movie (1999),['Documentary'],181288
3008,Last Night (1998),"['Drama', 'Sci-Fi']",156729
3010,Rosetta (1999),['Drama'],200071
3011,"They Shoot Horses, Don't They? (1969)",['Drama'],65088
3012,Battling Butler (1926),['Comedy'],16630
3013,Bride of Re-Animator (1990),"['Comedy', 'Horror']",99180
3014,Bustin' Loose (1981),['Comedy'],82121
3015,Coma (1978),['Thriller'],77355
3016,Creepshow (1982),['Horror'],83767
3017,Creepshow 2 (1987),['Horror'],92796
3018,Re-Animator (1985),"['Comedy', 'Horror', 'Sci-Fi']",89885
3019,Drugstore Cowboy (1989),"['Crime', 'Drama']",97240
3020,Falling Down (1993),"['Action', 'Drama']",106856
3021,"Funhouse, The (1981)",['Horror'],82427
3022,"General, The (1926)","['Comedy', 'War']",17925
3024,Piranha (1978),"['Horror', 'Sci-Fi']",78087
3028,"Taming of the Shrew, The (1967)",['Comedy'],61407
3029,Nighthawks (1981),"['Action', 'Drama']",82817
3030,Yojimbo (1961),"['Action', 'Adventure']",55630
3031,Repossessed (1990),['Comedy'],100475
3032,"Omega Man, The (1971)","['Action', 'Drama', 'Sci-Fi', 'Thriller']",67525
3033,Spaceballs (1987),"['Comedy', 'Sci-Fi']",94012
3034,Robin Hood (1973),"['Adventure', 'Animation', 'Children', 'Comedy', 'Musical']",70608
3035,Mister Roberts (1955),"['Comedy', 'Drama', 'War']",48380
3036,"Quest for Fire (Guerre du feu, La) (1981)","['Adventure', 'Drama']",82484
3037,Little Big Man (1970),['Western'],65988
3038,"Face in the Crowd, A (1957)",['Drama'],50371
3039,Trading Places (1983),['Comedy'],86465
3040,Meatballs (1979),['Comedy'],79540
3041,Meatballs Part II (1984),['Comedy'],87700
3042,Meatballs III (1987),['Comedy'],93516
3043,Meatballs 4 (1992),['Comedy'],104837
3044,Dead Again (1991),"['Mystery', 'Romance', 'Thriller']",101669
3045,Peter's Friends (1992),"['Comedy', 'Drama']",105130
3046,"Incredibly True Adventure of Two Girls in Love, The (1995)","['Comedy', 'Romance']",113416
3048,Under the Rainbow (1981),['Comedy'],83254
3049,How I Won the War (1967),"['Comedy', 'War']",61789
3050,Light It Up (1999),['Drama'],172726
3051,Anywhere But Here (1999),"['Comedy', 'Drama']",149691
3052,Dogma (1999),"['Adventure', 'Comedy', 'Fantasy']",120655
3053,"Messenger: The Story of Joan of Arc, The (1999)","['Drama', 'War']",151137
3054,Pokémon: The First Movie (1998),"['Adventure', 'Animation', 'Children', 'Fantasy', 'Sci-Fi']",190641
3055,Felicia's Journey (1999),['Thriller'],165773
3057,Where's Marlowe? (1998),['Comedy'],118150
3058,"Ape, The (1940)","['Horror', 'Sci-Fi']",32215
3060,"Commitments, The (1991)","['Comedy', 'Drama', 'Musical']",101605
3061,Holiday Inn (1942),"['Comedy', 'Musical']",34862
3062,"Longest Day, The (1962)","['Action', 'Drama', 'War']",56197
3063,Poison Ivy (1992),"['Drama', 'Thriller']",105156
3064,Poison Ivy: New Seduction (1997),"['Drama', 'Thriller']",119908
3066,Tora! Tora! Tora! (1970),"['Action', 'Drama', 'War']",66473
3067,Women on the Verge of a Nervous Breakdown (Mujeres al borde de un ataque de nervios) (1988),"['Comedy', 'Drama']",95675
3068,"Verdict, The (1982)","['Drama', 'Mystery']",84855
3069,"Effect of Gamma Rays on Man-in-the-Moon Marigolds, The (1972)",['Drama'],68528
3070,"Adventures of Buckaroo Banzai Across the 8th Dimension, The (1984)","['Adventure', 'Comedy', 'Sci-Fi']",86856
3071,Stand and Deliver (1988),"['Comedy', 'Drama']",94027
3072,Moonstruck (1987),"['Comedy', 'Romance']",93565
3074,Jeremiah Johnson (1972),['Western'],68762
3075,Repulsion (1965),"['Drama', 'Horror']",59646
3076,Irma la Douce (1963),['Comedy'],57187
3077,42 Up (1998),['Documentary'],164312
3078,Liberty Heights (1999),['Drama'],165859
3079,Mansfield Park (1999),"['Comedy', 'Drama', 'Romance']",178737
3081,Sleepy Hollow (1999),"['Fantasy', 'Horror', 'Mystery', 'Romance']",162661
3082,"World Is Not Enough, The (1999)","['Action', 'Adventure', 'Thriller']",143145
3083,All About My Mother (Todo sobre mi madre) (1999),['Drama'],185125
3086,March of the Wooden Soldiers (a.k.a. Babes in Toyland) (1934),"['Children', 'Comedy', 'Fantasy']",24852
3087,Scrooged (1988),"['Comedy', 'Fantasy', 'Romance']",96061
3088,Harvey (1950),"['Comedy', 'Fantasy']",42546
3089,Bicycle Thieves (a.k.a. The Bicycle Thief) (a.k.a. The Bicycle Thieves) (Ladri di biciclette) (1948),['Drama'],40522
3090,Matewan (1987),['Drama'],93509
3091,Kagemusha (1980),"['Drama', 'War']",80979
3092,"47 Samurai (Chûshingura) (Loyal 47 Ronin, The) (1962)",['Drama'],55850
3093,McCabe & Mrs. Miller (1971),"['Drama', 'Western']",67411
3094,Maurice (1987),"['Drama', 'Romance']",93512
3095,"Grapes of Wrath, The (1940)",['Drama'],32551
3096,My Man Godfrey (1957),['Comedy'],50738
3097,"Shop Around the Corner, The (1940)","['Comedy', 'Drama', 'Romance']",33045
3098,"Natural, The (1984)",['Drama'],87781
3099,Shampoo (1975),"['Comedy', 'Drama', 'Romance']",73692
3100,"River Runs Through It, A (1992)",['Drama'],105265
3101,Fatal Attraction (1987),"['Drama', 'Thriller']",93010
3102,Jagged Edge (1985),"['Crime', 'Romance', 'Thriller']",89360
3103,Stanley & Iris (1990),"['Drama', 'Romance']",100680
3104,Midnight Run (1988),"['Action', 'Comedy', 'Crime', 'Thriller']",95631
3105,Awakenings (1990),"['Drama', 'Mystery']",99077
3106,Come See the Paradise (1990),"['Drama', 'Romance']",99291
3107,Backdraft (1991),"['Action', 'Drama']",101393
3108,"Fisher King, The (1991)","['Comedy', 'Drama', 'Fantasy', 'Romance']",101889
3109,"River, The (1984)",['Drama'],88007
3110,Country (1984),['Drama'],87091
3111,Places in the Heart (1984),['Drama'],87921
3112,'night Mother (1986),['Drama'],90556
3113,End of Days (1999),"['Action', 'Fantasy', 'Horror', 'Mystery', 'Thriller']",146675
3114,Toy Story 2 (1999),"['Adventure', 'Animation', 'Children', 'Comedy', 'Fantasy']",120363
3115,Flawless (1999),['Drama'],155711
3117,Ride with the Devil (1999),"['Drama', 'Romance', 'War']",134154
3118,Tumbleweeds (1999),['Drama'],161023
3119,Bay of Blood (a.k.a. Twitch of the Death Nerve) (Reazione a catena) (1971),['Horror'],67656
3120,"Distinguished Gentleman, The (1992)",['Comedy'],104114
3121,"Hitch-Hiker, The (1953)","['Drama', 'Film-Noir']",45877
3122,Santa Fe Trail (1940),"['Drama', 'Romance', 'Western']",33021
3124,Agnes Browne (1999),"['Comedy', 'Drama']",160509
3125,"End of the Affair, The (1999)",['Drama'],172396
3127,Holy Smoke (1999),"['Comedy', 'Drama']",144715
3128,"Map of the World, A (1999)",['Drama'],160513
3129,Sweet and Lowdown (1999),"['Comedy', 'Drama']",158371
3130,Bonfire of the Vanities (1990),"['Comedy', 'Crime', 'Drama']",99165
3133,Go West (1925),"['Comedy', 'Western']",15863
3134,Grand Illusion (La grande illusion) (1937),"['Drama', 'War']",28950
3135,"Great Santini, The (1979)",['Drama'],79239
3137,"Sea Wolves, The (1980)","['Action', 'War']",81470
3138,Stealing Home (1988),['Drama'],96171
3141,"Two Jakes, The (1990)",['Drama'],100828
3142,U2: Rattle and Hum (1988),"['Documentary', 'Musical']",96328
3143,Hell in the Pacific (1968),"['Drama', 'War']",63056
3144,"Glass Bottom Boat, The (1966)","['Comedy', 'Romance']",60463
3145,Cradle Will Rock (1999),['Drama'],150216
3146,Deuce Bigalow: Male Gigolo (1999),['Comedy'],205000
3147,"Green Mile, The (1999)","['Crime', 'Drama']",120689
3148,"Cider House Rules, The (1999)",['Drama'],124315
3150,"War Zone, The (1999)","['Drama', 'Thriller']",141974
3152,"Last Picture Show, The (1971)",['Drama'],67328
3153,"7th Voyage of Sinbad, The (1958)","['Action', 'Adventure', 'Fantasy']",51337
3155,Anna and the King (1999),"['Drama', 'Romance']",166485
3156,Bicentennial Man (1999),"['Drama', 'Romance', 'Sci-Fi']",182789
3157,Stuart Little (1999),"['Children', 'Comedy', 'Fantasy']",164912
3158,"Emperor and the Assassin, The (Jing ke ci qin wang) (1999)",['Drama'],162866
3159,Fantasia 2000 (1999),"['Animation', 'Children', 'Musical', 'IMAX']",120910
3160,Magnolia (1999),['Drama'],175880
3161,Onegin (1999),"['Drama', 'Romance']",119079
3162,Simpatico (1999),"['Comedy', 'Drama']",174204
3163,Topsy-Turvy (1999),"['Comedy', 'Drama', 'Musical']",151568
3165,Boiling Point (1993),"['Action', 'Drama']",106455
3166,Brenda Starr (1989),['Adventure'],96978
3167,Carnal Knowledge (1971),"['Comedy', 'Drama']",66892
3168,Easy Rider (1969),"['Adventure', 'Drama']",64276
3169,"Falcon and the Snowman, The (1985)","['Drama', 'Thriller']",87231
3171,Room at the Top (1959),['Drama'],53226
3173,Any Given Sunday (1999),['Drama'],146838
3174,Man on the Moon (1999),"['Comedy', 'Drama']",125664
3175,Galaxy Quest (1999),"['Adventure', 'Comedy', 'Sci-Fi']",177789
3176,"Talented Mr. Ripley, The (1999)","['Drama', 'Mystery', 'Thriller']",134119
3177,Next Friday (2000),['Comedy'],195945
3178,"Hurricane, The (1999)",['Drama'],174856
3179,Angela's Ashes (1999),['Drama'],145653
3180,Play it to the Bone (1999),"['Comedy', 'Drama']",196857
3181,Titus (1999),['Drama'],120866
3182,"Mr. Death: The Rise and Fall of Fred A. Leuchter, Jr. (1999)",['Documentary'],192335
3183,"Third Miracle, The (1999)",['Drama'],174268
3185,Snow Falling on Cedars (1999),['Drama'],120834
3186,"Girl, Interrupted (1999)",['Drama'],172493
3187,Trans (1998),['Drama'],169333
3188,"Life and Times of Hank Greenberg, The (1998)",['Documentary'],208261
3189,My Dog Skip (1999),"['Children', 'Drama']",156812
3190,Supernova (2000),"['Adventure', 'Sci-Fi', 'Thriller']",134983
3192,"Terrorist, The (a.k.a. Malli) (Theeviravaathi) (1998)",['Drama'],169302
3194,"Way We Were, The (1973)","['Drama', 'Romance']",70903
3196,Stalag 17 (1953),"['Drama', 'War']",46359
3197,"Presidio, The (1988)","['Action', 'Crime', 'Romance', 'Thriller']",95897
3198,Papillon (1973),"['Crime', 'Drama']",70511
3199,Pal Joey (1957),"['Comedy', 'Drama', 'Musical', 'Romance']",50815
3200,"Last Detail, The (1973)","['Comedy', 'Drama']",70290
3201,Five Easy Pieces (1970),['Drama'],65724
3202,Even Dwarfs Started Small (Auch Zwerge haben klein angefangen) (1971),"['Drama', 'Horror']",65436
3203,Dead Calm (1989),['Thriller'],97162
3204,"Boys from Brazil, The (1978)","['Action', 'Mystery', 'Thriller']",77269
3205,Black Sunday (La maschera del demonio) (1960),['Horror'],54067
3206,Against All Odds (1984),['Romance'],86859
3208,Loaded Weapon 1 (National Lampoon's Loaded Weapon 1) (1993),"['Action', 'Comedy']",107659
3210,Fast Times at Ridgemont High (1982),"['Comedy', 'Drama', 'Romance']",83929
3211,"Cry in the Dark, A (1988)",['Drama'],94924
3213,Batman: Mask of the Phantasm (1993),"['Animation', 'Children']",106364
3214,American Flyers (1985),['Drama'],88707
3216,"Vampyros Lesbos (Vampiras, Las) (1971)","['Fantasy', 'Horror', 'Thriller']",66380
3217,"Star Is Born, A (1937)",['Drama'],29606
3218,Poison (1991),['Drama'],102687
3219,Pacific Heights (1990),"['Mystery', 'Thriller']",100318
3221,"Draughtsman's Contract, The (1982)",['Drama'],83851
3222,Carmen (1984),['Drama'],87034
3223,"Zed & Two Noughts, A (1985)",['Drama'],90366
3224,Woman in the Dunes (Suna no onna) (1964),['Drama'],58625
3225,Down to You (2000),"['Comedy', 'Romance']",186975
3230,"Odessa File, The (1974)",['Thriller'],71935
3232,Seven Chances (1925),['Comedy'],16332
3235,Where the Buffalo Roam (1980),['Comedy'],81748
3238,Eye of the Beholder (1999),['Thriller'],120662
3239,Isn't She Great? (2000),['Comedy'],141399
3240,"Big Tease, The (1999)",['Comedy'],156639
3241,"Cup, The (Phörpa) (1999)",['Comedy'],201840
3243,Encino Man (1992),['Comedy'],104187
3244,"Goodbye Girl, The (1977)","['Comedy', 'Romance']",76095
3245,I Am Cuba (Soy Cuba/Ya Kuba) (1964),['Drama'],58604
3246,Malcolm X (1992),['Drama'],104797
3247,Sister Act (1992),"['Comedy', 'Crime']",105417
3248,Sister Act 2: Back in the Habit (1993),['Comedy'],108147
3249,"Hand That Rocks the Cradle, The (1992)","['Drama', 'Thriller']",104389
3250,Alive (1993),['Drama'],106246
3251,Agnes of God (1985),"['Drama', 'Mystery']",88683
3252,Scent of a Woman (1992),['Drama'],105323
3253,Wayne's World (1992),['Comedy'],105793
3254,Wayne's World 2 (1993),['Comedy'],108525
3255,"League of Their Own, A (1992)","['Comedy', 'Drama']",104694
3256,Patriot Games (1992),"['Action', 'Thriller']",105112
3257,"Bodyguard, The (1992)","['Drama', 'Romance', 'Thriller']",103855
3258,Death Becomes Her (1992),"['Comedy', 'Fantasy']",104070
3259,Far and Away (1992),"['Adventure', 'Drama', 'Romance']",104231
3260,Howards End (1992),['Drama'],104454
3261,Singles (1992),"['Comedy', 'Drama', 'Romance']",105415
3262,Twin Peaks: Fire Walk with Me (1992),"['Crime', 'Drama', 'Mystery', 'Thriller']",105665
3263,White Men Can't Jump (1992),"['Comedy', 'Drama']",105812
3264,Buffy the Vampire Slayer (1992),"['Action', 'Comedy', 'Horror']",103893
3265,Hard-Boiled (Lat sau san taam) (1992),"['Action', 'Crime', 'Drama', 'Thriller']",104684
3266,Man Bites Dog (C'est arrivé près de chez vous) (1992),"['Comedy', 'Crime', 'Drama', 'Thriller']",103905
3267,"Mariachi, El (1992)","['Action', 'Crime', 'Thriller', 'Western']",104815
3268,Stop! Or My Mom Will Shoot (1992),"['Action', 'Comedy']",105477
3269,Forever Young (1992),"['Drama', 'Romance', 'Sci-Fi']",104291
3270,"Cutting Edge, The (1992)","['Comedy', 'Drama', 'Romance']",104040
3271,Of Mice and Men (1992),['Drama'],105046
3272,Bad Lieutenant (1992),"['Crime', 'Drama']",103759
3273,Scream 3 (2000),"['Comedy', 'Horror', 'Mystery', 'Thriller']",134084
3274,Single White Female (1992),"['Drama', 'Thriller']",105414
3275,"Boondock Saints, The (2000)","['Action', 'Crime', 'Drama', 'Thriller']",144117
3276,Gun Shy (2000),['Comedy'],171356
3281,"Brandon Teena Story, The (1998)",['Documentary'],144801
3283,Minnie and Moskowitz (1971),['Action'],67433
3284,They Might Be Giants (1971),"['Comedy', 'Mystery', 'Romance']",67848
3285,"Beach, The (2000)","['Adventure', 'Drama']",163978
3286,Snow Day (2000),['Comedy'],184907
3287,"Tigger Movie, The (2000)","['Animation', 'Children']",220099
3289,Not One Less (Yi ge dou bu neng shao) (1999),['Drama'],209189
3292,"Big Combo, The (1955)",['Film-Noir'],47878
3295,Raining Stones (1993),['Drama'],107920
3296,To Sir with Love (1967),['Drama'],62376
3298,Boiler Room (2000),"['Crime', 'Drama', 'Thriller']",181984
3299,Hanging Up (2000),"['Comedy', 'Drama']",162983
3300,Pitch Black (2000),"['Horror', 'Sci-Fi', 'Thriller']",134847
3301,"Whole Nine Yards, The (2000)","['Comedy', 'Crime']",190138
3302,Beautiful People (1999),['Comedy'],159272
3304,Blue Collar (1978),"['Crime', 'Drama']",77248
3306,"Circus, The (1928)",['Comedy'],18773
3307,City Lights (1931),"['Comedy', 'Drama', 'Romance']",21749
3308,"Flamingo Kid, The (1984)","['Comedy', 'Drama']",87265
3309,"Dog's Life, A (1918)",['Comedy'],9018
3310,"Kid, The (1921)","['Comedy', 'Drama']",12349
3311,"Man from Laramie, The (1955)",['Western'],48342
3316,Reindeer Games (2000),"['Action', 'Thriller']",184858
3317,Wonder Boys (2000),"['Comedy', 'Drama']",185014
3318,Deterrence (1999),"['Drama', 'Thriller']",158583
3319,Judy Berlin (1999),['Drama'],181618
3320,Mifune's Last Song (Mifunes sidste sang) (1999),"['Comedy', 'Drama', 'Romance']",164756
3322,3 Strikes (2000),['Comedy'],199290
3324,Drowning Mona (2000),['Comedy'],186045
3325,"Next Best Thing, The (2000)","['Comedy', 'Drama']",156841
3326,What Planet Are You From? (2000),"['Comedy', 'Sci-Fi']",181151
3327,Beyond the Mat (1999),['Documentary'],218043
3328,Ghost Dog: The Way of the Samurai (1999),"['Crime', 'Drama']",165798
3329,"Year My Voice Broke, The (1987)",['Drama'],94347
3330,Splendor in the Grass (1961),"['Drama', 'Romance']",55471
3331,My Tutor (1983),['Drama'],85980
3334,Key Largo (1948),"['Crime', 'Drama', 'Film-Noir', 'Thriller']",40506
3338,For All Mankind (1989),['Documentary'],97372
3339,Cross of Iron (1977),['War'],74695
3340,Bride of the Monster (1955),"['Horror', 'Sci-Fi']",47898
3341,Born Yesterday (1950),['Comedy'],42276
3342,Birdy (1984),"['Drama', 'War']",86969
3343,And God Created Woman (1988),"['Comedy', 'Drama', 'Romance']",92559
3344,Blood Feast (1963),['Horror'],56875
3345,"Charlie, the Lonesome Cougar (1967)","['Adventure', 'Children']",62793
3347,Never Cry Wolf (1983),"['Adventure', 'Drama']",86005
3350,"Raisin in the Sun, A (1961)",['Drama'],55353
3351,Two Thousand Maniacs! (1964),['Horror'],58694
3354,Mission to Mars (2000),['Sci-Fi'],183523
3355,"Ninth Gate, The (1999)","['Fantasy', 'Horror', 'Mystery', 'Thriller']",142688
3357,East-West (Est-ouest) (1999),"['Drama', 'Romance']",181530
3358,Defending Your Life (1991),"['Comedy', 'Drama', 'Fantasy', 'Romance']",101698
3359,Breaking Away (1979),"['Comedy', 'Drama']",78902
3360,Hoosiers (a.k.a. Best Shot) (1986),"['Drama', 'Romance']",91217
3361,Bull Durham (1988),"['Comedy', 'Drama', 'Romance']",94812
3362,Dog Day Afternoon (1975),"['Crime', 'Drama']",72890
3363,American Graffiti (1973),"['Comedy', 'Drama']",69704
3364,"Asphalt Jungle, The (1950)","['Crime', 'Film-Noir']",42208
3365,"Searchers, The (1956)","['Drama', 'Western']",49730
3367,"Devil's Brigade, The (1968)",['War'],62886
3368,"Big Country, The (1958)","['Romance', 'Western']",51411
3370,Betrayed (1988),"['Drama', 'Thriller']",94731
3371,Bound for Glory (1976),['Drama'],74235
3372,"Bridge at Remagen, The (1969)","['Action', 'War']",64110
3374,Daughters of the Dust (1991),['Drama'],104057
3375,Destination Moon (1950),['Sci-Fi'],42393
3379,On the Beach (1959),['Drama'],53137
3384,"Taking of Pelham One Two Three, The (1974)","['Action', 'Crime']",72251
3385,Volunteers (1985),['Comedy'],90274
3386,JFK (1991),"['Drama', 'Mystery', 'Thriller']",102138
3387,Who's Harry Crumb? (1989),"['Comedy', 'Mystery']",98645
3388,Harry and the Hendersons (1987),"['Children', 'Comedy']",93148
3390,Shanghai Surprise (1986),"['Adventure', 'Crime', 'Drama', 'Romance']",91934
3391,Who's That Girl? (1987),['Comedy'],94321
3392,She-Devil (1989),['Comedy'],98309
3393,Date with an Angel (1987),"['Comedy', 'Fantasy', 'Romance']",92834
3394,Blind Date (1987),"['Comedy', 'Romance']",92666
3395,Nadine (1987),['Comedy'],93596
3396,"Muppet Movie, The (1979)","['Adventure', 'Children', 'Comedy', 'Musical']",79588
3397,"Great Muppet Caper, The (1981)","['Children', 'Comedy']",82474
3398,"Muppets Take Manhattan, The (1984)","['Children', 'Comedy', 'Musical']",87755
3399,Sesame Street Presents Follow That Bird (1985),"['Children', 'Comedy']",89994
3400,We're Back! A Dinosaur's Story (1993),"['Adventure', 'Animation', 'Children', 'Fantasy']",108526
3401,Baby... Secret of the Lost Legend (1985),"['Adventure', 'Sci-Fi']",88760
3402,Turtle Diary (1985),"['Comedy', 'Drama', 'Romance']",90219
3403,Raise the Titanic (1980),"['Drama', 'Thriller']",81400
3404,Titanic (1953),"['Action', 'Drama']",46435
3405,"Night to Remember, A (1958)","['Action', 'Drama']",51994
3406,Captain Horatio Hornblower R.N. (1951),"['Action', 'Adventure', 'Drama', 'War']",43379
3408,Erin Brockovich (2000),['Drama'],195685
3409,Final Destination (2000),"['Drama', 'Thriller']",195714
3412,"Bear, The (Ours, L') (1988)","['Adventure', 'Children', 'Drama']",95800
3414,Love Is a Many-Splendored Thing (1955),"['Drama', 'Romance', 'War']",48316
3415,"Mirror, The (Zerkalo) (1975)",['Drama'],72443
3417,"Crimson Pirate, The (1952)","['Adventure', 'Comedy']",44517
3418,Thelma & Louise (1991),"['Adventure', 'Crime', 'Drama']",103074
3420,...And Justice for All (1979),"['Drama', 'Thriller']",78718
3421,Animal House (1978),['Comedy'],77975
3422,She's Gotta Have It (1986),"['Comedy', 'Romance']",91939
3423,School Daze (1988),['Drama'],96054
3424,Do the Right Thing (1989),['Drama'],97216
3425,Mo' Better Blues (1990),"['Drama', 'Musical']",100168
3426,Jungle Fever (1991),"['Drama', 'Romance']",102175
3427,Coogan's Bluff (1968),['Crime'],62824
3428,"Champ, The (1979)",['Drama'],78950
3429,Creature Comforts (1989),"['Animation', 'Comedy']",99317
3430,Death Wish (1974),"['Action', 'Crime', 'Drama']",71402
3431,Death Wish 2 (1982),"['Action', 'Drama']",82250
3432,Death Wish 3 (1985),"['Action', 'Drama']",89003
3433,Death Wish 4: The Crackdown (1987),"['Action', 'Drama']",92857
3434,Death Wish 5: The Face of Death (1994),"['Action', 'Drama']",109578
3435,Double Indemnity (1944),"['Crime', 'Drama', 'Film-Noir']",36775
3436,Dying Young (1991),"['Drama', 'Romance']",101787
3437,Cool as Ice (1991),['Drama'],101615
3438,Teenage Mutant Ninja Turtles (1990),"['Action', 'Children', 'Comedy', 'Fantasy', 'Sci-Fi']",100758
3439,Teenage Mutant Ninja Turtles II: The Secret of the Ooze (1991),"['Action', 'Children', 'Fantasy']",103060
3440,Teenage Mutant Ninja Turtles III (1993),"['Action', 'Adventure', 'Children', 'Comedy', 'Fantasy']",108308
3441,Red Dawn (1984),"['Action', 'Drama', 'War']",87985
3442,Band of the Hand (1986),"['Action', 'Crime', 'Drama']",90693
3444,Bloodsport (1988),['Action'],92675
3445,Eyes of Laura Mars (1978),"['Mystery', 'Thriller']",77530
3446,Funny Bones (1995),"['Comedy', 'Drama']",113133
3447,"Good Earth, The (1937)",['Drama'],28944
3448,"Good Morning, Vietnam (1987)","['Comedy', 'Drama', 'War']",93105
3449,"Good Mother, The (1988)",['Drama'],95238
3450,Grumpy Old Men (1993),['Comedy'],107050
3451,Guess Who's Coming to Dinner (1967),['Drama'],61735
3452,Romeo Must Die (2000),"['Action', 'Crime', 'Romance', 'Thriller']",165929
3453,Here on Earth (2000),"['Drama', 'Romance']",195778
3454,Whatever It Takes (2000),"['Comedy', 'Romance']",202402
3456,"Color of Paradise, The (Rang-e khoda) (1999)",['Drama'],191043
3457,Waking the Dead (2000),"['Drama', 'Thriller']",127349
3459,Gothic (1986),"['Drama', 'Horror']",91142
3461,Lord of the Flies (1963),"['Adventure', 'Drama', 'Thriller']",57261
3462,Modern Times (1936),"['Comedy', 'Drama', 'Romance']",27977
3464,Solar Crisis (1990),"['Sci-Fi', 'Thriller']",100649
3466,Heart and Souls (1993),"['Comedy', 'Fantasy']",107091
3467,Hud (1963),"['Drama', 'Western']",57163
3468,"Hustler, The (1961)",['Drama'],54997
3469,Inherit the Wind (1960),['Drama'],53946
3470,Dersu Uzala (1975),"['Adventure', 'Drama']",71411
3471,Close Encounters of the Third Kind (1977),"['Adventure', 'Drama', 'Sci-Fi']",75860
3474,Retroactive (1997),"['Sci-Fi', 'Thriller']",117468
3475,"Place in the Sun, A (1951)","['Drama', 'Romance']",43924
3476,Jacob's Ladder (1990),"['Horror', 'Mystery']",99871
3477,Empire Records (1995),"['Comedy', 'Drama']",112950
3478,"Bamba, La (1987)",['Drama'],93378
3479,Ladyhawke (1985),"['Adventure', 'Fantasy', 'Romance']",89457
3480,Lucas (1986),"['Drama', 'Romance']",91445
3481,High Fidelity (2000),"['Comedy', 'Drama', 'Romance']",146882
3483,"Road to El Dorado, The (2000)","['Animation', 'Children']",138749
3484,"Skulls, The (2000)",['Thriller'],192614
3487,El Dorado (1966),['Western'],61619
3489,Hook (1991),"['Adventure', 'Comedy', 'Fantasy']",102057
3490,Horror Express (1972),['Horror'],68713
3491,My Chauffeur (1986),['Comedy'],91579
3494,True Grit (1969),"['Adventure', 'Drama', 'Western']",65126
3495,Roadside Prophets (1992),"['Comedy', 'Drama']",105267
3496,Madame Sousatzka (1988),['Drama'],95564
3497,Max Dugan Returns (1983),['Comedy'],85919
3498,Midnight Express (1978),['Drama'],77928
3499,Misery (1990),"['Drama', 'Horror', 'Thriller']",100157
3500,Mr. Saturday Night (1992),"['Comedy', 'Drama']",104928
3501,Murphy's Romance (1985),"['Comedy', 'Romance']",89643
3502,My Life (1993),['Drama'],107630
3503,Solaris (Solyaris) (1972),"['Drama', 'Mystery', 'Sci-Fi']",69293
3504,Network (1976),"['Comedy', 'Drama']",74958
3505,No Way Out (1987),"['Drama', 'Mystery', 'Thriller']",93640
3506,North Dallas Forty (1979),"['Comedy', 'Drama']",79640
3507,"Odd Couple, The (1968)",['Comedy'],63374
3508,"Outlaw Josey Wales, The (1976)","['Action', 'Adventure', 'Drama', 'Thriller', 'Western']",75029
3509,Black and White (1999),['Drama'],165643
3510,Frequency (2000),"['Drama', 'Thriller']",186151
3511,Ready to Rumble (2000),['Comedy'],217756
3512,Return to Me (2000),"['Drama', 'Romance']",122459
3513,Rules of Engagement (2000),"['Drama', 'Thriller']",160797
3514,Joe Gould's Secret (2000),['Drama'],172632
3515,Me Myself I (2000),"['Comedy', 'Romance']",183503
3516,"Bell, Book and Candle (1958)","['Comedy', 'Fantasy', 'Romance']",51406
3518,"End of Violence, The (1997)","['Drama', 'Thriller']",119062
3519,Force 10 from Navarone (1978),"['Action', 'Drama', 'War']",77572
3520,How to Stuff a Wild Bikini (1965),['Comedy'],59287
3521,Mystery Train (1989),"['Comedy', 'Drama']",97940
3524,Arthur (1981),"['Comedy', 'Romance']",82031
3525,Bachelor Party (1984),['Comedy'],86927
3526,Parenthood (1989),"['Comedy', 'Drama']",98067
3527,Predator (1987),"['Action', 'Sci-Fi', 'Thriller']",93773
3528,"Prince of Tides, The (1991)","['Drama', 'Romance']",102713
3529,"Postman Always Rings Twice, The (1981)","['Crime', 'Thriller']",82934
3531,All the Vermeers in New York (1990),"['Comedy', 'Drama', 'Romance']",99014
3534,28 Days (2000),['Drama'],191754
3535,American Psycho (2000),"['Crime', 'Horror', 'Mystery', 'Thriller']",144084
3536,Keeping the Faith (2000),"['Comedy', 'Drama', 'Romance']",171433
3537,Where the Money Is (2000),"['Comedy', 'Drama']",149367
3538,East is East (1999),['Comedy'],166175
3539,"Filth and the Fury, The (2000)",['Documentary'],236216
3540,Passion of Mind (2000),"['Drama', 'Mystery', 'Romance']",160644
3543,Diner (1982),"['Comedy', 'Drama']",83833
3544,Shakes the Clown (1992),['Comedy'],102898
3545,Cabaret (1972),"['Drama', 'Musical']",68327
3546,What Ever Happened to Baby Jane? (1962),"['Drama', 'Horror', 'Thriller']",56687
3547,Prick Up Your Ears (1987),"['Comedy', 'Drama']",93776
3548,Auntie Mame (1958),"['Comedy', 'Drama']",51383
3549,Guys and Dolls (1955),"['Comedy', 'Musical', 'Romance']",48140
3550,"Hunger, The (1983)",['Horror'],85701
3551,Marathon Man (1976),"['Crime', 'Drama', 'Thriller']",74860
3552,Caddyshack (1980),['Comedy'],80487
3553,Gossip (2000),"['Drama', 'Thriller']",176783
3554,Love and Basketball (2000),"['Drama', 'Romance']",199725
3555,U-571 (2000),"['Action', 'Thriller', 'War']",141926
3556,"Virgin Suicides, The (1999)","['Drama', 'Romance']",159097
3557,Jennifer 8 (1992),"['Mystery', 'Thriller']",104549
3559,Limelight (1952),"['Comedy', 'Drama', 'Romance']",44837
3562,Committed (2000),"['Comedy', 'Drama']",144142
3563,"Crow: Salvation, The (2000)","['Action', 'Horror']",132910
3564,"Flintstones in Viva Rock Vegas, The (2000)","['Children', 'Comedy']",158622
3565,Where the Heart Is (2000),"['Comedy', 'Drama']",198021
3566,"Big Kahuna, The (2000)","['Comedy', 'Drama']",189584
3567,Bossa Nova (2000),"['Comedy', 'Drama', 'Romance']",180837
3568,Smiling Fish and Goat on Fire (1999),"['Comedy', 'Romance']",162348
3569,"Idiots, The (Idioterne) (1998)","['Comedy', 'Drama']",154421
3571,Time Code (2000),"['Comedy', 'Drama']",220100
3572,Carnosaur (1993),"['Horror', 'Sci-Fi']",106521
3573,Carnosaur 2 (1995),"['Horror', 'Sci-Fi']",112634
3574,Carnosaur 3: Primal Species (1996),"['Horror', 'Sci-Fi']",115834
3576,"Hidden, The (1987)","['Action', 'Horror', 'Sci-Fi']",93185
3577,Two Moon Junction (1988),"['Drama', 'Romance']",96324
3578,Gladiator (2000),"['Action', 'Adventure', 'Drama']",172495
3579,I Dreamed of Africa (2000),['Drama'],167203
3580,Up at the Villa (2000),['Drama'],153464
3581,Human Traffic (1999),['Comedy'],188674
3584,Breathless (1983),"['Action', 'Drama', 'Romance', 'Thriller']",85276
3587,Inferno (1980),['Horror'],80923
3588,"King of Marvin Gardens, The (1972)","['Crime', 'Drama']",68805
3590,"Lords of Flatbush, The (1974)","['Comedy', 'Drama']",71772
3591,Mr. Mom (1983),"['Comedy', 'Drama']",85970
3593,Battlefield Earth (2000),"['Action', 'Sci-Fi']",185183
3594,Center Stage (2000),"['Drama', 'Musical']",210616
3595,Held Up (1999),['Comedy'],165831
3596,Screwed (2000),['Comedy'],156323
3597,Whipped (2000),['Comedy'],174336
3598,Hamlet (2000),"['Crime', 'Drama', 'Romance', 'Thriller']",171359
3599,Anchors Aweigh (1945),"['Comedy', 'Musical']",37514
3600,Blue Hawaii (1961),"['Comedy', 'Musical']",54692
3602,G. I. Blues (1960),"['Comedy', 'Musical', 'Romance']",53848
3604,Gypsy (1962),['Musical'],56048
3605,King Creole (1958),"['Crime', 'Drama', 'Musical']",51818
3606,On the Town (1949),"['Comedy', 'Musical', 'Romance']",41716
3608,Pee-wee's Big Adventure (1985),"['Adventure', 'Comedy']",89791
3610,Roustabout (1964),"['Drama', 'Musical', 'Romance']",58534
3611,Saludos Amigos (1943),"['Animation', 'Children', 'Comedy']",36326
3612,"Slipper and the Rose, The (1976)","['Adventure', 'Musical', 'Romance']",75232
3613,Things Change (1988),['Comedy'],96259
3614,Honeymoon in Vegas (1992),"['Comedy', 'Romance']",104438
3615,Dinosaur (2000),"['Adventure', 'Animation', 'Children']",130623
3616,Loser (2000),"['Comedy', 'Romance']",217630
3617,Road Trip (2000),['Comedy'],215129
3618,Small Time Crooks (2000),"['Comedy', 'Crime']",196216
3619,"Hollywood Knights, The (1980)",['Comedy'],80881
3620,"Myth of Fingerprints, The (1997)","['Comedy', 'Drama']",119746
3621,Possession (1981),"['Drama', 'Horror']",82933
3622,"Twelve Chairs, The (1970)",['Comedy'],66495
3623,Mission: Impossible II (2000),"['Action', 'Adventure', 'Thriller']",120755
3624,Shanghai Noon (2000),"['Action', 'Adventure', 'Comedy', 'Western']",184894
3625,Better Living Through Circuitry (1999),['Documentary'],207998
3626,8 ½ Women (a.k.a. 8 1/2 Women) (a.k.a. Eight and a Half Women) (1999),['Comedy'],154443
3627,Carnival of Souls (1962),"['Horror', 'Thriller']",55830
3628,Flying Tigers (1942),"['Action', 'Drama', 'Romance', 'War']",34742
3629,"Gold Rush, The (1925)","['Adventure', 'Comedy', 'Romance']",15864
3632,Monsieur Verdoux (1947),"['Comedy', 'Crime']",39631
3633,On Her Majesty's Secret Service (1969),"['Action', 'Adventure', 'Romance', 'Thriller']",64757
3634,Seven Days in May (1964),['Thriller'],58576
3635,"Spy Who Loved Me, The (1977)","['Action', 'Adventure', 'Thriller']",76752
3637,Vagabond (Sans toit ni loi) (1985),['Drama'],89960
3638,Moonraker (1979),"['Action', 'Adventure', 'Sci-Fi', 'Thriller']",79574
3639,"Man with the Golden Gun, The (1974)","['Action', 'Adventure', 'Thriller']",71807
3643,"Fighting Seabees, The (1944)","['Action', 'Drama', 'War']",36824
3645,Cleo from 5 to 7 (Cléo de 5 à 7) (1962),['Drama'],55852
3646,Big Momma's House (2000),['Comedy'],208003
3649,American Gigolo (1980),['Drama'],80365
3652,"City of the Living Dead (a.k.a. Gates of Hell, The) (Paura nella città dei morti viventi) (1980)",['Horror'],81318
3653,"Endless Summer, The (1966)",['Documentary'],60371
3654,"Guns of Navarone, The (1961)","['Action', 'Adventure', 'Drama', 'War']",54953
3655,Blow-Out (La grande bouffe) (1973),['Drama'],70130
3658,Quatermass and the Pit (1967),"['Horror', 'Sci-Fi']",62168
3659,Quatermass 2 (Enemy from Space) (1957),"['Sci-Fi', 'Thriller']",50873
3660,Puppet Master (1989),"['Horror', 'Sci-Fi', 'Thriller']",98143
3661,Puppet Master II (1991),"['Horror', 'Sci-Fi', 'Thriller']",100438
3662,Puppet Master III: Toulon's Revenge (1991),"['Horror', 'Sci-Fi', 'Thriller']",102728
3663,Puppet Master 4 (1993),"['Horror', 'Sci-Fi', 'Thriller']",107899
3664,Puppet Master 5: The Final Chapter (1994),"['Horror', 'Sci-Fi', 'Thriller']",110916
3665,Curse of the Puppet Master (Puppet Master 6: The Curse) (1998),"['Horror', 'Sci-Fi', 'Thriller']",132451
3666,Retro Puppet Master (Puppet Master 7) (1999),"['Horror', 'Sci-Fi', 'Thriller']",189047
3667,Rent-A-Cop (1988),"['Action', 'Comedy', 'Crime']",95977
3668,Romeo and Juliet (1968),"['Drama', 'Romance']",63518
3669,Stay Tuned (1992),['Comedy'],105466
3671,Blazing Saddles (1974),"['Comedy', 'Western']",71230
3672,Benji (1974),"['Adventure', 'Children']",71206
3673,Benji the Hunted (1987),"['Adventure', 'Children']",92638
3674,For the Love of Benji (1977),"['Adventure', 'Children', 'Comedy', 'Drama']",76044
3675,White Christmas (1954),"['Comedy', 'Musical', 'Romance']",47673
3676,Eraserhead (1977),"['Drama', 'Horror']",74486
3677,Baraka (1992),['Documentary'],103767
3678,"Man with the Golden Arm, The (1955)",['Drama'],48347
3679,"Decline of Western Civilization, The (1981)","['Documentary', 'Musical']",82252
3680,"Decline of Western Civilization Part II: The Metal Years, The (1988)",['Documentary'],94980
3681,For a Few Dollars More (Per qualche dollaro in più) (1965),"['Action', 'Drama', 'Thriller', 'Western']",59578
3682,Magnum Force (1973),"['Action', 'Crime', 'Drama', 'Thriller']",70355
3683,Blood Simple (1984),"['Crime', 'Drama', 'Film-Noir']",86979
3684,"Fabulous Baker Boys, The (1989)","['Drama', 'Romance']",97322
3685,Prizzi's Honor (1985),"['Comedy', 'Drama', 'Romance']",89841
3686,Flatliners (1990),"['Horror', 'Sci-Fi', 'Thriller']",99582
3688,Porky's (1982),['Comedy'],84522
3689,Porky's II: The Next Day (1983),['Comedy'],86129
3690,Porky's Revenge (1985),['Comedy'],89826
3691,Private School (1983),['Comedy'],86143
3692,Class of Nuke 'Em High (1986),"['Comedy', 'Horror']",90849
3693,"Toxic Avenger, The (1985)","['Comedy', 'Horror']",90190
3694,"Toxic Avenger, Part II, The (1989)","['Comedy', 'Horror']",98503
3695,"Toxic Avenger Part III: The Last Temptation of Toxie, The (1989)","['Comedy', 'Horror']",98502
3696,Night of the Creeps (1986),"['Comedy', 'Horror', 'Sci-Fi', 'Thriller']",91630
3697,Predator 2 (1990),"['Action', 'Sci-Fi', 'Thriller']",100403
3698,"Running Man, The (1987)","['Action', 'Sci-Fi']",93894
3699,Starman (1984),"['Adventure', 'Drama', 'Romance', 'Sci-Fi']",88172
3700,"Brother from Another Planet, The (1984)","['Drama', 'Sci-Fi']",87004
3701,Alien Nation (1988),"['Crime', 'Drama', 'Sci-Fi', 'Thriller']",94631
3702,Mad Max (1979),"['Action', 'Adventure', 'Sci-Fi']",79501
3703,"Road Warrior, The (Mad Max 2) (1981)","['Action', 'Adventure', 'Sci-Fi']",82694
3704,Mad Max Beyond Thunderdome (1985),"['Action', 'Adventure', 'Sci-Fi']",89530
3705,Bird on a Wire (1990),"['Action', 'Comedy', 'Romance']",99141
3706,Angel Heart (1987),"['Film-Noir', 'Horror', 'Mystery', 'Thriller']",92563
3707,9 1/2 Weeks (Nine 1/2 Weeks) (1986),"['Drama', 'Romance']",91635
3708,Firestarter (1984),"['Horror', 'Thriller']",87262
3709,Sleepwalkers (1992),['Horror'],105428
3710,Action Jackson (1988),"['Action', 'Comedy', 'Crime', 'Thriller']",94612
3711,Sarafina! (1992),['Drama'],105316
3712,Soapdish (1991),['Comedy'],102951
3713,"Long Walk Home, The (1990)",['Drama'],100046
3714,Clara's Heart (1988),['Drama'],94882
3715,Burglar (1987),"['Comedy', 'Crime']",92710
3716,Fatal Beauty (1987),"['Action', 'Comedy', 'Crime', 'Drama']",93011
3717,Gone in 60 Seconds (2000),"['Action', 'Crime']",187078
3718,American Pimp (1999),['Documentary'],179074
3719,Love's Labour's Lost (2000),"['Comedy', 'Romance']",182295
3720,Sunshine (1999),['Drama'],145503
3721,Trixie (2000),"['Comedy', 'Crime', 'Mystery']",162711
3722,American Virgin (2000),['Comedy'],143422
3723,Hamlet (1990),['Drama'],99726
3724,Coming Home (1978),"['Drama', 'War']",77362
3725,American Pop (1981),"['Animation', 'Musical']",82009
3726,Assault on Precinct 13 (1976),"['Action', 'Thriller']",74156
3727,Near Dark (1987),"['Horror', 'Western']",93605
3728,One False Move (1992),"['Crime', 'Drama', 'Film-Noir', 'Thriller']",102592
3729,Shaft (1971),"['Action', 'Crime', 'Drama', 'Thriller']",67741
3730,"Conversation, The (1974)","['Drama', 'Mystery']",71360
3731,Cutter's Way (1981),"['Drama', 'Thriller']",82220
3732,"Fury, The (1978)",['Horror'],77588
3733,"Paper Chase, The (1973)",['Drama'],70509
3734,Prince of the City (1981),['Drama'],82945
3735,Serpico (1973),"['Crime', 'Drama']",70666
3736,"Ace in the Hole (Big Carnival, The) (1951)",['Drama'],43338
3737,Lonely Are the Brave (1962),"['Drama', 'Western']",56195
3738,"Sugarland Express, The (1974)",['Drama'],72226
3739,Trouble in Paradise (1932),"['Comedy', 'Romance']",23622
3740,Big Trouble in Little China (1986),"['Action', 'Adventure', 'Comedy', 'Fantasy']",90728
3741,Badlands (1973),"['Crime', 'Drama', 'Thriller']",69762
3742,Battleship Potemkin (1925),"['Drama', 'War']",15648
3743,Boys and Girls (2000),"['Comedy', 'Romance']",204175
3744,Shaft (2000),"['Action', 'Crime', 'Thriller']",162650
3745,Titan A.E. (2000),"['Action', 'Adventure', 'Animation', 'Children', 'Sci-Fi']",120913
3746,Butterfly (La lengua de las mariposas) (1999),['Drama'],188030
3747,Jesus' Son (1999),['Drama'],186253
3749,"Time Regained (Temps retrouvé, Le) (1999)",['Drama'],189142
3751,Chicken Run (2000),"['Animation', 'Children', 'Comedy']",120630
3752,"Me, Myself & Irene (2000)","['Adventure', 'Comedy']",183505
3753,"Patriot, The (2000)","['Action', 'Drama', 'War']",187393
3754,"Adventures of Rocky and Bullwinkle, The (2000)","['Adventure', 'Animation', 'Children', 'Comedy', 'Fantasy']",131704
3755,"Perfect Storm, The (2000)","['Drama', 'Thriller']",177971
3756,"Golden Bowl, The (2000)",['Drama'],200669
3757,Asylum (1972),['Horror'],68230
3758,Communion (1989),"['Drama', 'Sci-Fi', 'Thriller']",97100
3759,Fun and Fancy Free (1947),"['Animation', 'Children', 'Musical']",39404
3760,"Kentucky Fried Movie, The (1977)",['Comedy'],76257
3761,"Bound by Honor (a.k.a. Blood In, Blood Out) (1993)","['Action', 'Crime', 'Drama', 'Thriller']",106469
3763,F/X (1986),"['Action', 'Crime', 'Thriller']",89118
3764,F/X2 (a.k.a. F/X 2 - The Deadly Art of Illusion) (1991),"['Action', 'Crime', 'Thriller']",101846
3765,"Hot Spot, The (1990)","['Crime', 'Drama', 'Romance']",99797
3766,Missing in Action (1984),"['Action', 'War']",87727
3767,Missing in Action 2: The Beginning (1985),"['Action', 'War']",89604
3768,Braddock: Missing in Action III (1988),"['Action', 'War']",94792
3769,Thunderbolt and Lightfoot (1974),['Action'],72288
3770,Dreamscape (1984),"['Horror', 'Sci-Fi', 'Thriller']",87175
3771,The Golden Voyage of Sinbad (1973),"['Action', 'Adventure', 'Fantasy']",71569
3773,House Party (1990),['Comedy'],99800
3774,House Party 2 (1991),"['Comedy', 'Drama', 'Romance']",102065
3775,Make Mine Music (1946),"['Animation', 'Children', 'Musical']",38718
3776,Melody Time (1948),"['Animation', 'Children', 'Musical']",40580
3777,Nekromantik (1987),"['Comedy', 'Horror']",93608
3780,Rocketship X-M (1950),['Sci-Fi'],42897
3782,Shaft's Big Score! (1972),"['Action', 'Crime']",69257
3783,Croupier (1998),"['Crime', 'Drama']",159382
3784,"Kid, The (2000)","['Comedy', 'Fantasy']",219854
3785,Scary Movie (2000),"['Comedy', 'Horror']",175142
3786,But I'm a Cheerleader (1999),['Comedy'],179116
3787,Shower (Xizao) (1999),['Comedy'],215369
3788,Blow-Up (Blowup) (1966),"['Drama', 'Mystery']",60176
3789,"Pawnbroker, The (1964)",['Drama'],59575
3790,Groove (2000),['Drama'],212974
3791,Footloose (1984),['Drama'],87277
3792,Duel in the Sun (1946),['Western'],38499
3793,X-Men (2000),"['Action', 'Adventure', 'Sci-Fi']",120903
3794,Chuck & Buck (2000),"['Comedy', 'Drama']",200530
3795,"Five Senses, The (1999)",['Drama'],168794
3796,"Wisdom of Crocodiles, The (a.k.a. Immortality) (2000)","['Romance', 'Thriller']",120894
3797,"In Crowd, The (2000)",['Thriller'],163676
3798,What Lies Beneath (2000),"['Drama', 'Horror', 'Mystery']",161081
3799,Pokémon the Movie 2000 (2000),"['Animation', 'Children']",210234
3801,Anatomy of a Murder (1959),"['Drama', 'Mystery']",52561
3802,Freejack (1992),"['Action', 'Sci-Fi']",104299
3804,H.O.T.S. (1979),['Comedy'],79257
3805,Knightriders (1981),"['Action', 'Adventure', 'Drama']",82622
3806,Mackenna's Gold (1969),['Western'],64615
3807,Sinbad and the Eye of the Tiger (1977),"['Adventure', 'Fantasy']",76716
3808,"Two Women (Ciociara, La) (1960)","['Drama', 'War']",54749
3809,What About Bob? (1991),['Comedy'],103241
3810,White Sands (1992),"['Drama', 'Thriller']",105813
3811,Breaker Morant (1980),"['Drama', 'War']",80310
3812,Everything You Always Wanted to Know About Sex * But Were Afraid to Ask (1972),['Comedy'],68555
3813,Interiors (1978),['Drama'],77742
3814,Love and Death (1975),['Comedy'],73312
3816,"Official Story, The (La historia oficial) (1985)",['Drama'],89276
3819,Tampopo (1985),['Comedy'],92048
3820,Thomas and the Magic Railroad (2000),['Children'],205461
3821,Nutty Professor II: The Klumps (2000),['Comedy'],144528
3822,"Girl on the Bridge, The (Fille sur le pont, La) (1999)","['Drama', 'Romance']",144201
3823,Wonderland (1999),['Drama'],171865
3824,Autumn in New York (2000),"['Drama', 'Romance']",174480
3825,Coyote Ugly (2000),"['Comedy', 'Drama', 'Romance']",200550
3826,Hollow Man (2000),"['Horror', 'Sci-Fi', 'Thriller']",164052
3827,Space Cowboys (2000),"['Action', 'Adventure', 'Comedy', 'Sci-Fi']",186566
3830,Psycho Beach Party (2000),"['Comedy', 'Horror', 'Thriller']",206226
3831,Saving Grace (2000),['Comedy'],195234
3832,"Black Sabbath (Tre volti della paura, I) (1963)",['Horror'],57603
3833,"Brain That Wouldn't Die, The (1962)","['Horror', 'Sci-Fi']",52646
3834,Bronco Billy (1980),"['Adventure', 'Drama', 'Romance']",80472
3835,"Crush, The (1993)",['Thriller'],106627
3836,Kelly's Heroes (1970),"['Action', 'Comedy', 'War']",65938
3837,Phantasm II (1988),"['Action', 'Fantasy', 'Horror', 'Sci-Fi', 'Thriller']",95863
3838,Phantasm III: Lord of the Dead (1994),['Horror'],110823
3839,Phantasm IV: Oblivion (1998),['Horror'],138703
3840,Pumpkinhead (1988),['Horror'],95925
3841,Air America (1990),"['Action', 'Comedy']",99005
3843,Sleepaway Camp (1983),['Horror'],86320
3844,Steel Magnolias (1989),['Drama'],98384
3845,And God Created Woman (Et Dieu... créa la femme) (1956),['Drama'],49189
3846,Easy Money (1983),['Comedy'],85470
3847,"Ilsa, She Wolf of the SS (1974)",['Horror'],71650
3849,"Spiral Staircase, The (1946)",['Thriller'],38975
3851,I'm the One That I Want (2000),['Comedy'],251739
3852,"Tao of Steve, The (2000)",['Comedy'],234853
3853,"Tic Code, The (1998)",['Drama'],165986
3854,Aimée & Jaguar (1999),"['Drama', 'Romance', 'War']",130444
3855,"Affair of Love, An (Liaison pornographique, Une) (1999)","['Drama', 'Romance']",204709
3857,Bless the Child (2000),['Thriller'],163983
3858,Cecil B. DeMented (2000),['Comedy'],173716
3859,"Eyes of Tammy Faye, The (2000)",['Documentary'],233687
3861,"Replacements, The (2000)",['Comedy'],191397
3862,About Adam (2000),['Comedy'],199314
3863,"Cell, The (2000)","['Drama', 'Horror', 'Thriller']",209958
3864,Godzilla 2000 (Gojira ni-sen mireniamu) (1999),"['Action', 'Adventure', 'Sci-Fi']",188640
3865,"Original Kings of Comedy, The (2000)","['Comedy', 'Documentary']",236388
3866,Sunset Strip (2000),['Comedy'],178050
3867,All the Rage (It's the Rage) (1999),['Drama'],176426
3868,"Naked Gun: From the Files of Police Squad!, The (1988)","['Action', 'Comedy', 'Crime', 'Romance']",95705
3869,"Naked Gun 2 1/2: The Smell of Fear, The (1991)",['Comedy'],102510
3870,Our Town (1940),['Drama'],32881
3871,Shane (1953),"['Drama', 'Western']",46303
3872,"Suddenly, Last Summer (1959)",['Drama'],53318
3873,Cat Ballou (1965),"['Comedy', 'Western']",59017
3875,"Devil Rides Out, The (1968)",['Horror'],62885
3877,Supergirl (1984),"['Action', 'Adventure', 'Fantasy']",88206
3879,"Art of War, The (2000)","['Action', 'Thriller']",160009
3880,"Ballad of Ramblin' Jack, The (2000)",['Documentary'],236008
3882,Bring It On (2000),['Comedy'],204946
3884,"Crew, The (2000)",['Comedy'],198386
3885,Love & Sex (2000),"['Comedy', 'Drama', 'Romance']",234137
3886,Steal This Movie! (2000),['Drama'],161216
3888,Skipped Parts (2000),"['Drama', 'Romance']",209322
3889,Highlander: Endgame (Highlander IV) (2000),"['Action', 'Adventure', 'Fantasy']",144964
3892,Anatomy (Anatomie) (2000),['Horror'],187696
3893,Nurse Betty (2000),"['Comedy', 'Crime', 'Drama', 'Romance', 'Thriller']",171580
3894,Solas (1999),['Drama'],190798
3895,"Watcher, The (2000)","['Crime', 'Thriller']",204626
3896,"Way of the Gun, The (2000)","['Crime', 'Thriller']",202677
3897,Almost Famous (2000),['Drama'],181875
3898,Bait (2000),"['Action', 'Comedy']",211938
3901,Duets (2000),"['Comedy', 'Drama']",134630
3903,Urbania (2000),['Drama'],182508
3905,"Specials, The (2000)",['Comedy'],181836
3906,Under Suspicion (2000),"['Crime', 'Thriller']",164212
3908,Urban Legends: Final Cut (2000),['Horror'],192731
3909,Woman on Top (2000),"['Comedy', 'Romance']",206420
3910,Dancer in the Dark (2000),"['Drama', 'Musical']",168629
3911,Best in Show (2000),['Comedy'],218839
3912,Beautiful (2000),"['Comedy', 'Drama']",210567
3913,Barenaked in America (1999),['Documentary'],211219
3914,"Broken Hearts Club, The (2000)",['Drama'],222850
3915,Girlfight (2000),['Drama'],210075
3916,Remember the Titans (2000),['Drama'],210945
3917,Hellraiser (1987),['Horror'],93177
3918,Hellbound: Hellraiser II (1988),['Horror'],95294
3919,Hellraiser III: Hell on Earth (1992),['Horror'],104409
3920,"Faraway, So Close (In weiter Ferne, so nah!) (1993)","['Drama', 'Fantasy', 'Mystery', 'Romance']",107209
3921,Beach Party (1963),['Comedy'],56860
3923,Return of the Fly (1959),"['Horror', 'Sci-Fi']",53219
3925,Stranger Than Paradise (1984),"['Comedy', 'Drama']",88184
3926,Voyage to the Bottom of the Sea (1961),"['Adventure', 'Sci-Fi']",55608
3927,Fantastic Voyage (1966),"['Adventure', 'Sci-Fi']",60397
3928,Abbott and Costello Meet Frankenstein (1948),"['Comedy', 'Horror']",40068
3929,"Bank Dick, The (1940)",['Comedy'],32234
3930,"Creature from the Black Lagoon, The (1954)","['Adventure', 'Horror', 'Sci-Fi']",46876
3931,"Giant Gila Monster, The (1959)","['Horror', 'Sci-Fi']",52846
3932,"Invisible Man, The (1933)","['Horror', 'Sci-Fi']",24184
3933,"Killer Shrews, The (1959)","['Horror', 'Sci-Fi']",52969
3934,Kronos (1957),['Sci-Fi'],50610
3936,Phantom of the Opera (1943),"['Horror', 'Musical', 'Thriller']",36261
3937,Runaway (1984),"['Sci-Fi', 'Thriller']",88024
3938,"Slumber Party Massacre, The (1982)",['Horror'],84695
3939,Slumber Party Massacre II (1987),['Horror'],93996
3943,Bamboozled (2000),['Comedy'],215545
3944,Bootmen (2000),"['Comedy', 'Drama']",210584
3945,Digimon: The Movie (2000),"['Adventure', 'Animation', 'Children']",259974
3946,Get Carter (2000),"['Action', 'Drama', 'Thriller']",208988
3947,Get Carter (1971),"['Action', 'Crime', 'Drama', 'Thriller']",67128
3948,Meet the Parents (2000),['Comedy'],212338
3949,Requiem for a Dream (2000),['Drama'],180093
3950,Tigerland (2000),['Drama'],170691
3951,Two Family House (2000),['Drama'],202641
3952,"Contender, The (2000)","['Drama', 'Thriller']",208874
3953,Dr. T and the Women (2000),"['Comedy', 'Romance']",205271
3954,Just Looking (1999),['Comedy'],162236
3955,"Ladies Man, The (2000)",['Comedy'],213790
3956,Lost Souls (2000),"['Drama', 'Horror', 'Thriller']",160484
3957,Billy Jack (1971),"['Action', 'Drama']",66832
3958,Billy Jack Goes to Washington (1977),['Drama'],75754
3959,"Time Machine, The (1960)","['Action', 'Adventure', 'Sci-Fi']",54387
3960,Haunted (1995),"['Drama', 'Thriller']",113269
3961,Ghoulies (1985),['Horror'],89200
3962,Ghoulies II (1987),"['Comedy', 'Horror']",93091
3963,"Unsinkable Molly Brown, The (1964)",['Musical'],58708
3964,"Adventures of Ichabod and Mr. Toad, The (1949)","['Animation', 'Children']",41094
3965,"Strange Love of Martha Ivers, The (1946)","['Drama', 'Film-Noir']",38988
3966,Detour (1945),"['Crime', 'Film-Noir']",37638
3967,Billy Elliot (2000),['Drama'],249462
3968,Bedazzled (2000),['Comedy'],230030
3969,Pay It Forward (2000),['Drama'],223897
3970,"Beyond, The (E tu vivrai nel terrore - L'aldilà) (1981)",['Horror'],82307
3971,"Private Eyes, The (1981)","['Comedy', 'Mystery']",81376
3972,"Legend of Drunken Master, The (Jui kuen II) (1994)","['Action', 'Comedy']",111512
3973,Book of Shadows: Blair Witch 2 (2000),"['Crime', 'Horror', 'Mystery', 'Thriller']",229260
3974,"Little Vampire, The (2000)","['Adventure', 'Children']",192255
3975,Lucky Numbers (2000),"['Comedy', 'Drama']",219952
3977,Charlie's Angels (2000),"['Action', 'Comedy']",160127
3978,"Legend of Bagger Vance, The (2000)","['Drama', 'Romance']",146984
3979,Little Nicky (2000),['Comedy'],185431
3980,Men of Honor (2000),['Drama'],203019
3981,Red Planet (2000),"['Action', 'Sci-Fi', 'Thriller']",199753
3982,What's Cooking? (2000),['Drama'],197096
3983,You Can Count on Me (2000),"['Drama', 'Romance']",203230
3984,Diamonds Are Forever (1971),"['Action', 'Adventure', 'Thriller']",66995
3985,"Eagle Has Landed, The (1976)","['Drama', 'War']",74452
3986,"6th Day, The (2000)","['Action', 'Sci-Fi', 'Thriller']",216216
3987,Bounce (2000),"['Drama', 'Romance']",186894
3988,How the Grinch Stole Christmas (a.k.a. The Grinch) (2000),"['Children', 'Comedy', 'Fantasy']",170016
3989,One Day in September (1999),['Documentary'],230591
3990,Rugrats in Paris: The Movie (2000),"['Animation', 'Children', 'Comedy']",213203
3991,102 Dalmatians (2000),"['Children', 'Comedy']",211181
3992,Malèna (2000),"['Drama', 'Romance', 'War']",213847
3993,Quills (2000),"['Drama', 'Romance']",180073
3994,Unbreakable (2000),"['Drama', 'Sci-Fi']",217869
3996,"Crouching Tiger, Hidden Dragon (Wo hu cang long) (2000)","['Action', 'Drama', 'Romance']",190332
3997,Dungeons & Dragons (2000),"['Adventure', 'Fantasy']",190374
3998,Proof of Life (2000),['Drama'],228750
3999,Vertical Limit (2000),"['Action', 'Adventure']",190865
4000,"Bounty, The (1984)","['Adventure', 'Drama']",86993
4001,Code of Silence (1985),['Action'],88936
4002,"Planes, Trains & Automobiles (1987)",['Comedy'],93748
4003,She's Having a Baby (1988),['Comedy'],96094
4005,"Living Daylights, The (1987)","['Action', 'Adventure', 'Thriller']",93428
4006,Transformers: The Movie (1986),"['Adventure', 'Animation', 'Children', 'Sci-Fi']",92106
4007,Wall Street (1987),['Drama'],94291
4008,Born on the Fourth of July (1989),"['Drama', 'War']",96969
4009,Talk Radio (1988),['Drama'],96219
4010,Brewster's Millions (1985),['Comedy'],88850
4011,Snatch (2000),"['Comedy', 'Crime', 'Thriller']",208092
4012,Punchline (1988),"['Comedy', 'Drama']",95927
4013,Mr. Accident (2000),['Comedy'],156807
4014,Chocolat (2000),"['Drama', 'Romance']",241303
4015,"Dude, Where's My Car? (2000)","['Comedy', 'Sci-Fi']",242423
4016,"Emperor's New Groove, The (2000)","['Adventure', 'Animation', 'Children', 'Comedy', 'Fantasy']",120917
4017,Pollock (2000),['Drama'],183659
4018,What Women Want (2000),"['Comedy', 'Romance']",207201
4019,Finding Forrester (2000),['Drama'],181536
4020,"Gift, The (2000)",['Thriller'],219699
4021,Before Night Falls (2000),['Drama'],247196
4022,Cast Away (2000),['Drama'],162222
4023,"Family Man, The (2000)","['Comedy', 'Drama', 'Romance']",218967
4024,"House of Mirth, The (2000)",['Romance'],200720
4025,Miss Congeniality (2000),"['Comedy', 'Crime']",212346
4027,"O Brother, Where Art Thou? (2000)","['Adventure', 'Comedy', 'Crime']",190590
4028,Songcatcher (2000),['Drama'],210299
4029,State and Main (2000),"['Comedy', 'Drama']",120202
4030,Dracula 2000 (2000),['Horror'],219653
4031,All the Pretty Horses (2000),"['Drama', 'Romance', 'Western']",149624
4032,"Everlasting Piece, An (2000)",['Comedy'],218182
4033,Thirteen Days (2000),"['Drama', 'Thriller', 'War']",146309
4034,Traffic (2000),"['Crime', 'Drama', 'Thriller']",181865
4035,"Claim, The (2000)","['Romance', 'Western']",218378
4036,Shadow of the Vampire (2000),"['Drama', 'Horror']",189998
4037,House of Games (1987),"['Crime', 'Film-Noir', 'Mystery', 'Thriller']",93223
4038,Kill Me Again (1989),"['Crime', 'Drama', 'Thriller']",97662
4039,Annie (1982),"['Children', 'Musical']",83564
4040,Don't Tell Mom the Babysitter's Dead (1991),['Comedy'],101757
4041,"Officer and a Gentleman, An (1982)","['Drama', 'Romance']",84434
4042,"Alamo, The (1960)","['Action', 'Drama', 'War', 'Western']",53580
4043,At Close Range (1986),"['Crime', 'Drama']",90670
4045,Breakheart Pass (1975),['Western'],72735
4046,Friendly Persuasion (1956),['Drama'],49233
4047,Gettysburg (1993),"['Drama', 'War']",107007
4048,Imaginary Crimes (1994),['Drama'],110115
4049,Rancho Deluxe (1975),"['Comedy', 'Western']",73605
4052,Antitrust (2001),"['Crime', 'Drama', 'Thriller']",218817
4053,Double Take (2001),"['Action', 'Comedy']",238948
4054,Save the Last Dance (2001),"['Drama', 'Romance']",206275
4055,Panic (2000),['Drama'],194218
4056,"Pledge, The (2001)","['Crime', 'Drama', 'Mystery', 'Thriller']",237572
4061,"Man in the Moon, The (1991)","['Drama', 'Romance']",102388
4062,Mystic Pizza (1988),"['Comedy', 'Drama', 'Romance']",95690
4063,Prelude to a Kiss (1992),"['Comedy', 'Drama', 'Romance']",105165
4064,Coffy (1973),"['Action', 'Crime', 'Thriller']",69897
4065,Foxy Brown (1974),"['Action', 'Crime', 'Drama']",71517
4066,I'm Gonna Git You Sucka (1988),"['Action', 'Comedy']",95348
4067,Untamed Heart (1993),"['Drama', 'Romance']",108451
4068,Sugar & Spice (2001),['Comedy'],186589
4069,"Wedding Planner, The (2001)","['Comedy', 'Romance']",209475
4072,Faithless (Trolösa) (2000),"['Drama', 'Romance']",157122
4073,"Invisible Circus, The (2001)","['Drama', 'Romance']",178642
4077,"With a Friend Like Harry... (Harry, un ami qui vous veut du bien) (2000)","['Drama', 'Thriller']",216800
4078,Amazing Grace and Chuck (1987),['Drama'],92545
4079,Amazon Women on the Moon (1987),"['Comedy', 'Sci-Fi']",92546
4080,Baby Boom (1987),['Comedy'],92605
4081,Back to the Beach (1987),['Comedy'],92608
4082,Barfly (1987),"['Comedy', 'Drama', 'Romance']",92618
4083,Best Seller (1987),['Thriller'],92641
4084,Beverly Hills Cop II (1987),"['Action', 'Comedy', 'Crime', 'Thriller']",92644
4085,Beverly Hills Cop (1984),"['Action', 'Comedy', 'Crime', 'Drama']",86960
4086,"Big Easy, The (1987)","['Action', 'Crime', 'Mystery', 'Romance', 'Thriller']",92654
4089,Born in East L.A. (1987),['Comedy'],92690
4090,"Brave Little Toaster, The (1987)","['Animation', 'Children']",92695
4091,Can't Buy Me Love (1987),"['Comedy', 'Romance']",92718
4092,Cherry 2000 (1987),"['Romance', 'Sci-Fi']",92746
4095,Cry Freedom (1987),['Drama'],92804
4097,Dead of Winter (1987),"['Horror', 'Thriller']",92842
4098,"Dead, The (1987)",['Drama'],92843
4100,Disorderlies (1987),['Comedy'],92897
4102,Eddie Murphy Raw (1987),"['Comedy', 'Documentary']",92948
4103,Empire of the Sun (1987),"['Action', 'Adventure', 'Drama', 'War']",92965
4104,Ernest Goes to Camp (1987),['Comedy'],92974
4105,"Evil Dead, The (1981)","['Fantasy', 'Horror', 'Thriller']",83907
4106,Extreme Prejudice (1987),['Action'],92997
4109,Flowers in the Attic (1987),"['Drama', 'Thriller']",93036
4110,"Fourth Protocol, The (1987)",['Thriller'],93044
4111,Gardens of Stone (1987),"['Drama', 'War']",93073
4113,"Glass Menagerie, The (1987)",['Drama'],93093
4115,Hiding Out (1987),['Comedy'],93186
4116,Hollywood Shuffle (1987),['Comedy'],93200
4117,Hope and Glory (1987),['Drama'],93209
4118,Hot Pursuit (1987),['Comedy'],93215
4119,Housekeeping (1987),"['Comedy', 'Drama']",93225
4121,Innerspace (1987),"['Action', 'Adventure', 'Comedy', 'Sci-Fi']",93260
4122,Ironweed (1987),['Drama'],93277
4123,Ishtar (1987),['Comedy'],93278
4124,Jaws: The Revenge (1987),"['Horror', 'Thriller']",93300
4125,Leonard Part 6 (1987),"['Comedy', 'Sci-Fi']",93405
4126,Less Than Zero (1987),['Drama'],93407
4127,"Like Father, Like Son (1987)",['Comedy'],93418
4128,"Lost Boys, The (1987)","['Comedy', 'Horror', 'Thriller']",93437
4129,Made in Heaven (1987),"['Fantasy', 'Romance']",93467
4130,Maid to Order (1987),"['Comedy', 'Fantasy']",93476
4131,Making Mr. Right (1987),"['Comedy', 'Romance', 'Sci-Fi']",93477
4132,Mannequin (1987),"['Comedy', 'Romance']",93493
4133,Masters of the Universe (1987),"['Action', 'Adventure', 'Fantasy', 'Sci-Fi']",93507
4135,"Monster Squad, The (1987)","['Adventure', 'Comedy', 'Horror']",93560
4139,No Man's Land (1987),"['Crime', 'Drama']",93638
4141,Head Over Heels (2001),"['Comedy', 'Romance']",192111
4142,Left Behind: The Movie (2000),"['Action', 'Adventure', 'Drama', 'Thriller']",190524
4143,Valentine (2001),"['Horror', 'Mystery']",242998
4144,In the Mood For Love (Fa yeung nin wa) (2000),"['Drama', 'Romance']",118694
4146,"Million Dollar Hotel, The (2001)","['Drama', 'Mystery', 'Romance']",120753
4147,Nico and Dani (Krámpack) (2000),"['Comedy', 'Drama', 'Romance']",250478
4148,Hannibal (2001),"['Horror', 'Thriller']",212985
4149,Saving Silverman (Evil Woman) (2001),"['Comedy', 'Romance']",239948
4151,"Taste of Others, The (Le goût des autres) (2000)","['Comedy', 'Drama', 'Romance']",216787
4152,Vatel (2000),['Drama'],190861
4153,Down to Earth (2001),"['Comedy', 'Fantasy', 'Romance']",231775
4154,Recess: School's Out (2001),"['Animation', 'Children']",265632
4155,Sweet November (2001),"['Drama', 'Romance']",230838
4158,Monkeybone (2001),"['Animation', 'Comedy', 'Fantasy']",166276
4159,3000 Miles to Graceland (2001),"['Action', 'Thriller']",233142
4160,"Widow of St. Pierre, The (Veuve de Saint-Pierre, La) (2000)","['Drama', 'Romance']",191636
4161,"Mexican, The (2001)","['Action', 'Comedy']",236493
4162,See Spot Run (2001),['Comedy'],250720
4163,Carman: The Champion (2001),"['Action', 'Drama']",262462
4164,"Caveman's Valentine, The (2001)",['Drama'],182000
4166,Series 7: The Contenders (2001),"['Action', 'Drama']",251031
4167,15 Minutes (2001),['Thriller'],179626
4168,Get Over It (2001),"['Comedy', 'Romance']",192071
4169,Blow Dry (a.k.a. Never Better) (2001),['Comedy'],212380
4174,Avalon (1990),['Drama'],99073
4175,Gray's Anatomy (1996),"['Comedy', 'Drama']",116447
4177,"Mirror Crack'd, The (1980)","['Crime', 'Mystery', 'Thriller']",81163
4178,Of Mice and Men (1939),['Drama'],31742
4179,Pixote (1981),['Drama'],82912
4180,Reform School Girls (1986),"['Action', 'Drama']",91836
4181,Tapeheads (1988),['Comedy'],96223
4183,"Unbelievable Truth, The (1989)","['Comedy', 'Drama']",100842
4184,"Bishop's Wife, The (1947)","['Comedy', 'Drama', 'Romance']",39190
4185,Elvis: That's the Way It Is (1970),['Documentary'],65687
4186,"Fortune Cookie, The (1966)","['Comedy', 'Drama', 'Romance']",60424
4187,Lilies of the Field (1963),['Drama'],57251
4188,Hans Christian Andersen (1952),"['Children', 'Musical']",44685
4189,"Greatest Story Ever Told, The (1965)",['Drama'],59245
4190,Elmer Gantry (1960),['Drama'],53793
4191,Alfie (1966),"['Comedy', 'Drama', 'Romance']",60086
4192,Demetrius and the Gladiators (1954),['Drama'],46899
4194,I Know Where I'm Going! (1945),"['Drama', 'Romance', 'War']",37800
4195,"Abominable Dr. Phibes, The (1971)","['Horror', 'Mystery']",66740
4198,Battle Beyond the Stars (1980),['Sci-Fi'],80421
4199,Death Warrant (1990),['Action'],99385
4200,Double Impact (1991),['Action'],101764
4201,"End, The (1978)",['Comedy'],77504
4203,Harley Davidson and the Marlboro Man (1991),"['Action', 'Crime', 'Drama']",102005
4204,Losin' It (1983),['Comedy'],85868
4205,Mermaids (1990),"['Comedy', 'Drama', 'Romance']",100140
4206,"Mighty Quinn, The (1989)","['Crime', 'Mystery']",97880
4207,Navy Seals (1990),"['Action', 'Adventure', 'War']",100232
4209,Rated X (2000),['Drama'],201776
4210,Manhunter (1986),"['Action', 'Crime', 'Drama', 'Horror', 'Thriller']",91474
4211,Reversal of Fortune (1990),['Drama'],100486
4212,Death on the Nile (1978),"['Crime', 'Mystery']",77413
4213,Deepstar Six (1989),"['Horror', 'Sci-Fi', 'Thriller']",97179
4214,Revenge of the Nerds (1984),['Comedy'],88000
4215,Revenge of the Nerds II: Nerds in Paradise (1987),['Comedy'],93857
4216,Longtime Companion (1990),['Drama'],100049
4217,4 Little Girls (1997),['Documentary'],118540
4218,River's Edge (1986),"['Crime', 'Drama']",91860
4219,Girls Just Want to Have Fun (1985),['Comedy'],89208
4220,"Longest Yard, The (1974)",['Comedy'],71771
4221,Necessary Roughness (1991),['Comedy'],102517
4222,C.H.U.D. (1984),['Horror'],87015
4223,Enemy at the Gates (2001),"['Drama', 'War']",215750
4224,Exit Wounds (2001),"['Action', 'Thriller']",242445
4225,"Dish, The (2001)",['Comedy'],205873
4226,Memento (2000),"['Mystery', 'Thriller']",209144
4227,"Brothers, The (2001)","['Comedy', 'Drama']",250274
4228,Heartbreakers (2001),"['Comedy', 'Crime', 'Romance']",125022
4229,Say It Isn't So (2001),"['Comedy', 'Romance']",239949
4231,Someone Like You (2001),"['Comedy', 'Romance']",244970
4232,Spy Kids (2001),"['Action', 'Adventure', 'Children', 'Comedy']",227538
4233,Tomcats (2001),['Comedy'],246989
4234,"Tailor of Panama, The (2001)","['Drama', 'Thriller']",236784
4235,Amores Perros (Love's a Bitch) (2000),"['Drama', 'Thriller']",245712
4237,"Gleaners & I, The (Les glaneurs et la glaneuse) (2000)",['Documentary'],247380
4238,Along Came a Spider (2001),"['Action', 'Crime', 'Mystery', 'Thriller']",164334
4239,Blow (2001),"['Crime', 'Drama']",221027
4240,Just Visiting (2001),"['Comedy', 'Fantasy']",189192
4241,Pokémon 3: The Movie (2001),"['Animation', 'Children']",266860
4242,Beautiful Creatures (2000),"['Comedy', 'Crime', 'Drama', 'Thriller']",221889
4243,Brigham City (2001),"['Crime', 'Drama', 'Mystery']",268200
4245,Shadow Magic (2000),"['Drama', 'Romance']",238588
4246,Bridget Jones's Diary (2001),"['Comedy', 'Drama', 'Romance']",243155
4247,Joe Dirt (2001),"['Adventure', 'Comedy', 'Mystery', 'Romance']",245686
4248,Josie and the Pussycats (2001),['Comedy'],236348
4250,"Body, The (2001)","['Drama', 'Sci-Fi']",201485
4251,Chopper (2000),"['Drama', 'Thriller']",221073
4252,"Circle, The (Dayereh) (2000)",['Drama'],255094
4254,Crocodile Dundee in Los Angeles (2001),"['Comedy', 'Drama']",231402
4255,Freddy Got Fingered (2001),['Comedy'],240515
4256,"Center of the World, The (2001)",['Drama'],240402
4259,"Luzhin Defence, The (2000)","['Drama', 'Romance']",211492
4262,Scarface (1983),"['Action', 'Crime', 'Drama']",86250
4263,Days of Wine and Roses (1962),['Drama'],55895
4265,Driven (2001),"['Action', 'Thriller']",132245
4266,"Forsaken, The (2001)",['Horror'],245120
4267,One Night at McCool's (2001),['Comedy'],203755
4268,Town & Country (2001),['Comedy'],141907
4270,"Mummy Returns, The (2001)","['Action', 'Adventure', 'Comedy', 'Thriller']",209163
4271,Eureka (Yurîka) (2000),['Drama'],243889
4272,Tuvalu (1999),['Comedy'],162023
4273,Under the Sand (2000),['Drama'],240913
4274,Cleopatra (1963),"['Drama', 'Romance']",56937
4275,Krull (1983),"['Action', 'Adventure', 'Fantasy', 'Sci-Fi']",85811
4276,Lost in America (1985),['Comedy'],89504
4277,"Lost World, The (1925)","['Adventure', 'Sci-Fi']",16039
4278,Triumph of the Will (Triumph des Willens) (1934),['Documentary'],25913
4279,True Believer (1989),['Crime'],98524
4280,"World According to Garp, The (1982)","['Comedy', 'Drama', 'Romance']",84917
4282,Satyricon (1969),['Drama'],64940
4283,Fellini's Roma (Roma) (1972),['Drama'],69191
4284,Frankie and Johnny (1966),['Comedy'],60429
4285,Frankie and Johnny (1991),"['Comedy', 'Romance']",101912
4287,Paris When It Sizzles (1964),"['Comedy', 'Romance']",58453
4288,Pola X (1999),"['Drama', 'Romance']",152015
4289,"City of Women, The (Città delle donne, La) (1980)","['Comedy', 'Drama']",80539
4290,For the Boys (1991),"['Comedy', 'Drama', 'Musical']",101902
4291,Nine to Five (a.k.a. 9 to 5) (1980),"['Comedy', 'Crime']",80319
4292,Norma Rae (1979),['Drama'],79638
4293,Summer Rental (1985),['Comedy'],90098
4294,"5,000 Fingers of Dr. T, The (1953)","['Children', 'Fantasy', 'Musical']",45464
4296,Love Story (1970),"['Drama', 'Romance']",66011
4297,Pelle the Conqueror (Pelle erobreren) (1987),['Drama'],93713
4298,Rififi (Du rififi chez les hommes) (1955),"['Crime', 'Film-Noir', 'Thriller']",48021
4299,"Knight's Tale, A (2001)","['Action', 'Comedy', 'Romance']",183790
4300,Bread and Roses (2000),['Drama'],212826
4301,Calle 54 (2000),"['Documentary', 'Musical']",260775
4304,Startup.com (2001),['Documentary'],256408
4305,Angel Eyes (2001),"['Romance', 'Thriller']",225071
4306,Shrek (2001),"['Adventure', 'Animation', 'Children', 'Comedy', 'Fantasy', 'Romance']",126029
4308,Moulin Rouge (2001),"['Drama', 'Musical', 'Romance']",203009
4310,Pearl Harbor (2001),"['Action', 'Drama', 'Romance', 'War']",213149
4312,Himalaya (Himalaya - l'enfance d'un chef) (1999),"['Adventure', 'Drama']",210727
4313,"Man Who Cried, The (2000)",['Drama'],206917
4316,Ice Castles (1978),['Drama'],77716
4317,Love Potion #9 (1992),"['Comedy', 'Romance']",102343
4318,Postcards From the Edge (1990),"['Comedy', 'Drama']",100395
4320,"Buffalo Bill and the Indians, or Sitting Bull's History Lesson (a.k.a. Buffalo Bill and the Indians) (1976)","['Comedy', 'Western']",74254
4321,City Slickers (1991),"['Comedy', 'Western']",101587
4322,Eight Men Out (1988),['Drama'],95082
4323,"Horse Soldiers, The (1959)","['Adventure', 'War', 'Western']",52902
4325,"Night, The (Notte, La) (1960)",['Drama'],54130
4326,Mississippi Burning (1988),"['Crime', 'Drama', 'Thriller']",95647
4327,"Magnificent Seven, The (1960)","['Adventure', 'Western']",54047
4328,"Return of the Magnificent Seven, The (a.k.a. Return of the Seven) (1966)",['Western'],60897
4329,Rio Bravo (1959),['Western'],53221
4330,"Scarlet Empress, The (1934)",['Drama'],25746
4331,Semi-Tough (1978),['Comedy'],78227
4332,Suspect (1987),"['Crime', 'Drama', 'Thriller']",94082
4333,Throw Momma from the Train (1987),"['Comedy', 'Crime']",94142
4334,Yi Yi (2000),['Drama'],244316
4336,Nightwatch (Nattevagten) (1994),"['Horror', 'Thriller']",110631
4337,"Sand Pebbles, The (1966)","['Drama', 'Romance', 'War']",60934
4338,Twelve O'Clock High (1949),"['Drama', 'War']",41996
4339,Von Ryan's Express (1965),"['Action', 'Adventure', 'Drama', 'War']",59885
4340,"Animal, The (2001)",['Comedy'],255798
4341,What's the Worst That Could Happen? (2001),['Comedy'],161083
4342,Big Eden (2000),"['Drama', 'Romance']",212815
4343,Evolution (2001),"['Comedy', 'Sci-Fi']",251075
4344,Swordfish (2001),"['Action', 'Crime', 'Drama']",244244
4345,"Anniversary Party, The (2001)",['Drama'],254099
4347,Divided We Fall (Musíme si pomáhat) (2000),"['Comedy', 'Drama']",234288
4349,Catch-22 (1970),"['Comedy', 'War']",65528
4350,Forgotten Silver (1996),"['Comedy', 'Documentary']",116344
4351,Point Break (1991),"['Action', 'Crime', 'Thriller']",102685
4352,Shag (1989),"['Comedy', 'Drama']",98300
4353,Uncommon Valor (1983),"['Action', 'War']",86508
4354,Unlawful Entry (1992),"['Crime', 'Thriller']",105699
4355,Youngblood (1986),"['Action', 'Drama']",92272
4356,Gentlemen Prefer Blondes (1953),"['Comedy', 'Musical', 'Romance']",45810
4357,How to Marry a Millionaire (1953),"['Comedy', 'Drama', 'Romance']",45891
4359,"Seven Year Itch, The (1955)",['Comedy'],48605
4360,There's No Business Like Show Business (1954),['Musical'],47574
4361,Tootsie (1982),"['Comedy', 'Romance']",84805
4363,Too Late the Hero (1970),"['Action', 'War']",66471
4366,Atlantis: The Lost Empire (2001),"['Adventure', 'Animation', 'Children', 'Fantasy']",230011
4367,Lara Croft: Tomb Raider (2001),"['Action', 'Adventure']",146316
4368,Dr. Dolittle 2 (2001),['Comedy'],240462
4369,"Fast and the Furious, The (2001)","['Action', 'Crime', 'Thriller']",232500
4370,A.I. Artificial Intelligence (2001),"['Adventure', 'Drama', 'Sci-Fi']",212720
4371,Baby Boy (2001),"['Crime', 'Drama']",255819
4372,Crazy/Beautiful (2001),"['Drama', 'Romance']",250224
4373,Pootie Tang (2001),['Comedy'],258038
4375,"Adventures of Felix, The (a.k.a. Funny Felix) (Drôle de Félix) (2000)","['Comedy', 'Drama']",228242
4378,Sexy Beast (2000),"['Comedy', 'Crime', 'Drama']",203119
4380,"Princess and the Warrior, The (Krieger und die Kaiserin, Der) (2000)","['Drama', 'Romance']",203632
4381,"Closet, The (Placard, Le) (2001)",['Comedy'],243493
4383,"Crimson Rivers, The (Rivières pourpres, Les) (2000)","['Crime', 'Drama', 'Mystery', 'Thriller']",228786
4384,Lumumba (2000),['Drama'],246765
4386,Cats & Dogs (2001),"['Children', 'Comedy']",239395
4387,Kiss of the Dragon (2001),['Action'],271027
4388,Scary Movie 2 (2001),['Comedy'],257106
4389,Lost and Delirious (2001),['Drama'],245238
4390,Rape Me (Baise-moi) (2000),"['Crime', 'Drama', 'Thriller']",249380
4391,"Vertical Ray of the Sun, The (Mua he chieu thang dung) (2000)",['Drama'],224578
4392,Alice (1990),"['Comedy', 'Drama', 'Fantasy', 'Romance']",99012
4393,Another Woman (1988),['Drama'],94663
4394,Beach Blanket Bingo (1965),"['Comedy', 'Musical']",58953
4395,Big Deal on Madonna Street (I Soliti Ignoti) (1958),"['Comedy', 'Crime']",52216
4396,"Cannonball Run, The (1981)","['Action', 'Comedy']",82136
4397,Cannonball Run II (1984),"['Action', 'Comedy']",87032
4398,Speed Zone! (a.k.a. Cannonball Run III) (1989),"['Action', 'Comedy']",98369
4399,"Diary of a Chambermaid (Journal d'une femme de chambre, Le) (1964)","['Comedy', 'Drama']",58249
4401,Donovan's Reef (1963),"['Action', 'Comedy', 'Romance']",57007
4402,Dr. Goldfoot and the Bikini Machine (1965),['Comedy'],59124
4403,"Fall of the House of Usher, The (House of Usher) (1960)",['Horror'],53925
4404,Faust (1926),"['Drama', 'Fantasy', 'Horror']",16847
4405,"Last Laugh, The (Letzte Mann, Der) (1924)",['Drama'],15064
4406,"Man Who Shot Liberty Valance, The (1962)","['Crime', 'Drama', 'Western']",56217
4407,Salvador (1986),"['Drama', 'Thriller', 'War']",91886
4409,Shadows and Fog (1991),"['Comedy', 'Drama', 'Mystery', 'Thriller']",105378
4410,Something Wild (1986),"['Comedy', 'Crime', 'Drama']",91983
4411,Sons of Katie Elder (1965),['Western'],59740
4412,"Thing with Two Heads, The (1972)","['Comedy', 'Horror', 'Sci-Fi']",69372
4414,X: The Man with the X-Ray Eyes (1963),"['Sci-Fi', 'Thriller']",57693
4415,Cheech & Chong's Nice Dreams (1981),['Comedy'],82163
4416,"Day the Earth Caught Fire, The (1961)",['Sci-Fi'],54790
4417,"House by the Cemetery, The (Quella villa accanto al cimitero) (1981)",['Horror'],82966
4419,All That Heaven Allows (1955),"['Drama', 'Romance']",47811
4420,"Barefoot Contessa, The (1954)",['Drama'],46754
4422,Cries and Whispers (Viskningar och rop) (1972),['Drama'],69467
4423,"Entertainer, The (1960)",['Drama'],53796
4424,"Garden of the Finzi-Continis, The (Giardino dei Finzi-Contini, Il) (1970)",['Drama'],65777
4425,Howling III: The Marsupials (1987),"['Comedy', 'Horror']",93227
4426,Kiss Me Deadly (1955),['Film-Noir'],48261
4427,"Lion in Winter, The (1968)",['Drama'],63227
4428,"Misfits, The (1961)","['Comedy', 'Drama', 'Romance', 'Western']",55184
4429,Moby Dick (1956),['Drama'],49513
4432,Sweet Smell of Success (1957),"['Drama', 'Film-Noir']",51036
4433,Written on the Wind (1956),['Drama'],49966
4436,Obsession (1976),"['Mystery', 'Thriller']",74991
4437,Suspiria (1977),['Horror'],76786
4438,"Fist of Fury (Chinese Connection, The) (Jing wu men) (1972)","['Action', 'Drama', 'Romance', 'Thriller']",68767
4439,Christiane F. (a.k.a. We Children from Bahnhof Zoo) (Christiane F. - Wir Kinder vom Bahnhof Zoo) (1981),['Drama'],82176
4440,"Big Boss, The (Fists of Fury) (Tang shan da xiong) (1971)","['Action', 'Thriller']",67824
4441,Game of Death (1978),['Action'],77594
4442,"Last Dragon, The (1985)","['Action', 'Comedy', 'Drama']",89461
4443,Outland (1981),"['Action', 'Sci-Fi', 'Thriller']",82869
4444,"Way of the Dragon, The (a.k.a. Return of the Dragon) (Meng long guo jiang) (1972)","['Action', 'Crime']",68935
4446,Final Fantasy: The Spirits Within (2001),"['Adventure', 'Animation', 'Fantasy', 'Sci-Fi']",173840
4447,Legally Blonde (2001),"['Comedy', 'Romance']",250494
4448,"Score, The (2001)","['Action', 'Drama']",227445
4450,Bully (2001),"['Crime', 'Drama', 'Thriller']",242193
4451,Jump Tomorrow (2001),"['Comedy', 'Drama', 'Romance']",273300
4452,Made (2001),['Comedy'],227005
4453,Michael Jordan to the Max (2000),"['Documentary', 'IMAX']",245280
4454,More (1998),"['Animation', 'Drama', 'Sci-Fi', 'IMAX']",188913
4458,Africa: The Serengeti (1994),"['Documentary', 'IMAX']",109049
4462,18 Again! (1988),"['Comedy', 'Fantasy']",94593
4463,1969 (1988),"['Drama', 'War']",94594
4464,"Accidental Tourist, The (1988)","['Comedy', 'Drama', 'Romance']",94606
4465,"Accused, The (1988)",['Drama'],94608
4466,Above the Law (1988),"['Action', 'Crime', 'Drama']",94602
4467,"Adventures of Baron Munchausen, The (1988)","['Adventure', 'Comedy', 'Fantasy']",96764
4468,Apartment Zero (1988),"['Drama', 'Thriller']",94667
4469,Appointment with Death (1988),"['Crime', 'Mystery']",94669
4470,Ariel (1988),['Drama'],94675
4471,Arthur 2: On the Rocks (1988),"['Comedy', 'Romance']",94678
4473,Bat*21 (1988),"['Drama', 'War']",94712
4474,Beaches (1988),"['Comedy', 'Drama', 'Musical']",94715
4475,"Beast of War, The (Beast, The) (1988)","['Drama', 'War']",94716
4476,Big Business (1988),['Comedy'],94739
4477,Big Top Pee-Wee (1988),"['Adventure', 'Children', 'Comedy']",94744
4478,Biloxi Blues (1988),"['Comedy', 'Drama']",94746
4479,Bird (1988),"['Drama', 'Musical']",94747
4480,"Blob, The (1988)","['Horror', 'Sci-Fi']",94761
4482,"Bright Lights, Big City (1988)",['Drama'],94799
4483,Caddyshack II (1988),['Comedy'],94824
4484,Camille Claudel (1988),['Drama'],94828
4485,Casual Sex? (1988),['Comedy'],94846
4486,Clean and Sober (1988),['Drama'],94884
4487,Cocktail (1988),"['Drama', 'Romance']",94889
4488,Colors (1988),"['Action', 'Crime', 'Drama']",94894
4489,Coming to America (1988),"['Comedy', 'Romance']",94898
4492,Critters (1986),"['Comedy', 'Sci-Fi']",90887
4493,Critters 2: The Main Course (1988),"['Comedy', 'Horror', 'Sci-Fi']",94919
4494,Critters 3 (1991),"['Comedy', 'Sci-Fi']",101627
4495,Crossing Delancey (1988),"['Comedy', 'Romance']",94921
4496,D.O.A. (1988),"['Film-Noir', 'Mystery', 'Thriller']",94933
4498,"Dead Pool, The (1988)","['Action', 'Crime', 'Thriller']",94963
4499,Dirty Rotten Scoundrels (1988),['Comedy'],95031
4500,Drowning by Numbers (1988),"['Comedy', 'Drama']",92929
4501,"Elvira, Mistress of the Dark (1988)","['Comedy', 'Horror']",95088
4502,Ernest Saves Christmas (1988),"['Children', 'Comedy']",95107
4504,Feds (1988),['Comedy'],95145
4506,Frantic (1988),"['Crime', 'Mystery', 'Thriller']",95174
4508,Gorillas in the Mist (1988),['Drama'],95243
4509,"Great Outdoors, The (1988)",['Comedy'],95253
4511,High Spirits (1988),['Comedy'],95304
4512,Hot to Trot (1988),['Comedy'],95326
4514,Howling IV: The Original Nightmare (1988),['Horror'],95334
4515,Imagine: John Lennon (1988),['Documentary'],95360
4516,Johnny Be Good (1988),['Comedy'],95409
4517,Lady in White (a.k.a. The Mystery of the Lady in White) (1988),"['Horror', 'Mystery', 'Thriller']",95484
4518,"Lair of the White Worm, The (1988)",['Horror'],95488
4519,"Land Before Time, The (1988)","['Adventure', 'Animation', 'Children', 'Fantasy']",95489
4520,License to Drive (1988),['Comedy'],95519
4521,Little Nikita (1988),['Drama'],95532
4522,Masquerade (1988),"['Mystery', 'Romance', 'Thriller']",95599
4523,Milagro Beanfield War (1988),"['Comedy', 'Drama', 'Fantasy']",95638
4524,Moon Over Parador (1988),['Comedy'],95654
4525,Moving (1988),['Comedy'],95662
4526,My Stepmother Is an Alien (1988),"['Comedy', 'Romance', 'Sci-Fi']",95687
4527,"Night in the Life of Jimmy Reardon, A (1988)","['Comedy', 'Romance']",95736
4529,Bagdad Cafe (Out of Rosenheim) (1987),"['Comedy', 'Drama']",95801
4531,Red Heat (1988),['Action'],95963
4532,Return of the Living Dead Part II (1988),"['Comedy', 'Horror']",95990
4533,"Return of the Living Dead, The (1985)","['Comedy', 'Horror', 'Sci-Fi']",89907
4534,Return to Snowy River (a.k.a. The Man From Snowy River II) (1988),"['Adventure', 'Drama', 'Western']",95993
4535,"Man from Snowy River, The (1982)","['Drama', 'Romance', 'Western']",84296
4536,Rocket Gibraltar (1988),['Drama'],96003
4537,Running on Empty (1988),['Drama'],96018
4541,"Serpent and the Rainbow, The (1988)",['Horror'],96071
4543,Shoot to Kill (1988),"['Action', 'Adventure']",96098
4544,Short Circuit 2 (1988),"['Comedy', 'Sci-Fi']",96101
4545,Short Circuit (1986),"['Comedy', 'Sci-Fi']",91949
4546,"Vanishing, The (Spoorloos) (1988)","['Drama', 'Thriller']",96163
4552,"Tetsuo, the Ironman (Tetsuo) (1988)","['Action', 'Horror', 'Sci-Fi', 'Thriller']",96251
4553,They Live (1988),"['Action', 'Sci-Fi', 'Thriller']",96256
4555,Torch Song Trilogy (1988),"['Comedy', 'Drama', 'Romance']",96289
4557,Tucker: The Man and His Dream (1988),['Drama'],96316
4558,Twins (1988),['Comedy'],96320
4559,Vice Versa (1988),['Comedy'],96380
4561,Waxwork (1988),"['Comedy', 'Horror']",96426
4562,Without a Clue (1988),"['Comedy', 'Mystery']",96454
4563,Young Einstein (1988),['Comedy'],96486
4564,Always (1989),"['Drama', 'Fantasy', 'Romance']",96794
4565,American Ninja (1985),"['Action', 'Adventure']",88708
4566,American Ninja 2: The Confrontation (1987),"['Action', 'Adventure']",92548
4567,American Ninja 3: Blood Hunt (1989),"['Action', 'Adventure']",96804
4568,Best of the Best (1989),['Action'],96913
4569,Best of the Best 2 (1993),['Action'],106393
4570,"Big Picture, The (1989)","['Comedy', 'Drama']",96926
4571,Bill & Ted's Excellent Adventure (1989),"['Adventure', 'Comedy', 'Sci-Fi']",96928
4572,Black Rain (1989),"['Action', 'Crime', 'Drama']",96933
4573,Blaze (1989),"['Comedy', 'Drama']",96943
4574,Blind Fury (1989),"['Action', 'Thriller']",96945
4577,Casualties of War (1989),"['Drama', 'War']",97027
4578,Chances Are (1989),"['Comedy', 'Romance']",97044
4580,Cyborg (1989),"['Action', 'Sci-Fi']",97138
4583,Disorganized Crime (1989),"['Action', 'Comedy']",97211
4584,Dream a Little Dream (1989),"['Comedy', 'Drama', 'Romance']",97236
4585,"Dream Team, The (1989)",['Comedy'],97235
4586,"Dry White Season, A (1989)","['Drama', 'Thriller']",97243
4587,Earth Girls Are Easy (1988),"['Comedy', 'Musical', 'Sci-Fi']",97257
4588,Eddie and the Cruisers II: Eddie Lives! (1989),"['Drama', 'Musical']",97262
4589,Eddie and the Cruisers (1983),"['Drama', 'Musical', 'Mystery']",85475
4590,Enemies: A Love Story (1989),['Drama'],97276
4591,Erik the Viking (1989),"['Adventure', 'Comedy', 'Fantasy']",97289
4593,Family Business (1989),['Comedy'],97328
4595,Fat Man and Little Boy (1989),['Drama'],97336
4596,The Girl in a Swing (1988),"['Drama', 'Romance']",97435
4597,Gleaming the Cube (1989),"['Action', 'Drama', 'Mystery']",97438
4598,Going Overboard (1989),['Comedy'],96870
4599,Great Balls of Fire! (1989),['Drama'],97457
4600,Gross Anatomy (a.k.a. A Cut Above) (1989),"['Comedy', 'Drama']",97458
4602,Harlem Nights (1989),"['Comedy', 'Crime', 'Romance']",97481
4603,Her Alibi (1989),"['Comedy', 'Romance']",97500
4605,How to Get Ahead in Advertising (1989),"['Comedy', 'Fantasy']",97531
4608,"Innocent Man, An (1989)","['Crime', 'Drama']",97579
4609,Jacknife (1989),['Drama'],97607
4610,"January Man, The (1989)","['Comedy', 'Crime', 'Mystery', 'Thriller']",97613
4611,Johnny Handsome (1989),"['Crime', 'Drama']",97626
4612,Jesus of Montreal (Jésus de Montréal) (1989),['Drama'],97635
4613,K-9 (1989),"['Action', 'Comedy', 'Crime']",97637
4614,Kickboxer (1989),['Action'],97659
4615,Last Exit to Brooklyn (1989),['Drama'],97714
4616,Lean on Me (1989),['Drama'],97722
4617,Let It Ride (1989),['Comedy'],97731
4618,Leviathan (1989),"['Horror', 'Sci-Fi', 'Thriller']",97737
4619,Little Monsters (1989),['Comedy'],97758
4620,Lock Up (1989),"['Action', 'Adventure', 'Crime', 'Drama', 'Thriller']",97770
4621,Look Who's Talking (1989),"['Comedy', 'Romance']",97778
4622,Loverboy (1989),['Comedy'],97790
4623,Major League (1989),['Comedy'],97815
4624,Meet the Feebles (1989),"['Animation', 'Comedy', 'Musical']",97858
4625,Millennium (1989),"['Drama', 'Sci-Fi', 'Thriller']",97883
4626,Miracle Mile (1989),"['Drama', 'Romance', 'Sci-Fi']",97889
4627,Miss Firecracker (1989),['Comedy'],97892
4628,New York Stories (1989),"['Comedy', 'Drama']",97965
4629,Next of Kin (1989),"['Action', 'Crime', 'Thriller']",97967
4630,No Holds Barred (1989),['Action'],97987
4632,"Package, The (1989)","['Action', 'Thriller']",98051
4633,Parents (1989),"['Comedy', 'Drama', 'Horror']",98068
4634,Penn & Teller Get Killed (1989),"['Adventure', 'Comedy']",98073
4635,Pink Cadillac (1989),"['Action', 'Comedy', 'Drama']",98097
4636,"Punisher, The (1989)",['Action'],98141
4637,Red Scorpion (1989),['Action'],98180
4638,Jurassic Park III (2001),"['Action', 'Adventure', 'Sci-Fi', 'Thriller']",163025
4639,America's Sweethearts (2001),"['Comedy', 'Romance']",265029
4640,Brother (2000),"['Action', 'Crime', 'Thriller']",222851
4641,Ghost World (2001),"['Comedy', 'Drama']",162346
4642,Hedwig and the Angry Inch (2000),"['Comedy', 'Drama', 'Musical']",248845
4643,Planet of the Apes (2001),"['Action', 'Adventure', 'Drama', 'Sci-Fi']",133152
4644,Bread and Tulips (Pane e tulipani) (2000),"['Comedy', 'Drama', 'Romance']",237539
4645,Cure (1997),"['Crime', 'Horror', 'Thriller']",123948
4646,Greenfingers (2000),"['Comedy', 'Drama']",203540
4649,Wet Hot American Summer (2001),['Comedy'],243655
4652,"Return of Swamp Thing, The (1989)","['Comedy', 'Horror', 'Sci-Fi']",98193
4654,Road House (1989),"['Action', 'Drama']",98206
4658,Santa Sangre (1989),"['Drama', 'Horror', 'Mystery', 'Thriller']",98253
4659,Scandal (1989),['Drama'],98260
4661,Sea of Love (1989),"['Crime', 'Drama', 'Thriller']",98273
4662,"See No Evil, Hear No Evil (1989)","['Comedy', 'Crime']",98282
4663,She's Out of Control (1989),['Comedy'],98308
4664,Shirley Valentine (1989),"['Comedy', 'Romance']",98319
4665,Shocker (1989),['Horror'],98320
4666,Skin Deep (1989),['Comedy'],98343
4668,Some Girls (1988),"['Comedy', 'Drama', 'Romance']",98356
4669,Stepfather II (1989),"['Horror', 'Thriller']",98385
4670,"Stepfather, The (1987)","['Horror', 'Thriller']",94035
4671,Sweetie (1989),['Drama'],98725
4672,"Tall Guy, The (1989)","['Comedy', 'Romance']",98436
4673,Tango & Cash (1989),"['Action', 'Comedy', 'Crime', 'Thriller']",98439
4675,Three Fugitives (1989),"['Action', 'Comedy']",98471
4676,Troop Beverly Hills (1989),['Comedy'],98519
4677,Turner & Hooch (1989),"['Comedy', 'Crime']",98536
4678,UHF (1989),['Comedy'],98546
4679,Uncle Buck (1989),['Comedy'],98554
4680,Vampire's Kiss (1989),"['Comedy', 'Fantasy', 'Horror']",98577
4681,"War of the Roses, The (1989)","['Comedy', 'Drama']",98621
4682,Warlock (1989),"['Action', 'Horror']",98622
4683,"Wizard, The (1989)","['Adventure', 'Children', 'Comedy', 'Drama']",98663
4685,Warlock: The Armageddon (1993),['Horror'],108517
4686,Weekend at Bernie's II (1993),"['Adventure', 'Comedy']",108539
4687,Billy Liar (1963),['Comedy'],56868
4688,Black Robe (1991),"['Adventure', 'Drama']",101465
4689,"Cat o' Nine Tails, The (Gatto a nove code, Il) (1971)","['Mystery', 'Thriller']",65761
4690,"Cotton Club, The (1984)","['Crime', 'Musical']",87089
4692,"Hotel New Hampshire, The (1984)",['Drama'],87428
4695,Who'll Stop the Rain (1978),"['Crime', 'Drama']",78490
4696,"Zorro, the Gay Blade (1981)",['Comedy'],83366
4697,Basket Case (1982),"['Comedy', 'Horror']",83624
4699,Original Sin (2001),"['Drama', 'Romance', 'Thriller']",218922
4700,"Princess Diaries, The (2001)","['Children', 'Comedy', 'Romance']",247638
4701,Rush Hour 2 (2001),"['Action', 'Comedy']",266915
4703,Chocolat (1988),['Drama'],94868
4704,Hatari! (1962),"['Adventure', 'Comedy']",56059
4705,"Cage aux Folles, La (1978)",['Comedy'],77288
4706,"Cage aux Folles II, La (1980)",['Comedy'],80489
4708,Marat/Sade (1966),"['Drama', 'Musical']",60668
4709,Paint Your Wagon (1969),"['Comedy', 'Musical', 'Western']",64782
4710,"Shootist, The (1976)","['Drama', 'Western']",75213
4711,Theremin: An Electronic Odyssey (1993),['Documentary'],108323
4712,"Wild Child, The (Enfant sauvage, L') (1970)",['Drama'],64285
4713,Altered States (1980),"['Drama', 'Sci-Fi']",80360
4714,Any Which Way You Can (1980),['Comedy'],80377
4715,"Awakening, The (1980)",['Horror'],80402
4716,Bad Timing: A Sensual Obsession (1980),['Drama'],80408
4717,"Battle Creek Brawl (Big Brawl, The) (1980)","['Action', 'Comedy']",80436
4718,American Pie 2 (2001),['Comedy'],252866
4719,Osmosis Jones (2001),"['Action', 'Animation', 'Comedy', 'Crime', 'Drama', 'Romance', 'Thriller']",181739
4720,"Others, The (2001)","['Drama', 'Horror', 'Mystery', 'Thriller']",230600
4721,American Outlaws (2001),"['Action', 'Comedy', 'Western']",244000
4722,All Over the Guy (2001),['Comedy'],250202
4723,"Deep End, The (2001)",['Drama'],250323
4725,Session 9 (2001),"['Horror', 'Thriller']",261983
4727,Captain Corelli's Mandolin (2001),"['Drama', 'Romance', 'War']",238112
4728,Rat Race (2001),['Comedy'],250687
4729,Aberdeen (2000),['Drama'],168446
4731,Innocence (2000),['Drama'],251141
4732,Bubble Boy (2001),['Comedy'],258470
4733,"Curse of the Jade Scorpion, The (2001)",['Comedy'],256524
4734,Jay and Silent Bob Strike Back (2001),"['Adventure', 'Comedy']",261392
4735,Ghosts of Mars (2001),"['Horror', 'Sci-Fi', 'Thriller']",228333
4736,Summer Catch (2001),"['Comedy', 'Romance']",234829
4737,"American Rhapsody, An (2001)",['Drama'],221799
4738,Happy Accidents (2000),"['Romance', 'Sci-Fi']",208196
4739,Lisa Picard is Famous (a.k.a. Famous) (2000),"['Comedy', 'Drama']",233699
4740,Maybe Baby (2000),"['Comedy', 'Romance']",206926
4741,Together (Tillsammans) (2000),"['Comedy', 'Drama', 'Romance']",203166
4743,Tortilla Soup (2001),"['Comedy', 'Romance']",255653
4744,Jeepers Creepers (2001),['Horror'],263488
4745,O (2001),['Drama'],184791
4746,Waking Up in Reno (2002),"['Comedy', 'Romance']",219400
4748,3 Ninjas (1992),"['Action', 'Children', 'Comedy']",103596
4749,3 Ninjas Kick Back (1994),"['Action', 'Children', 'Comedy']",109015
4750,3 Ninjas Knuckle Up (1995),"['Action', 'Children']",112255
4752,Maniac (1980),['Horror'],81114
4754,"Wicker Man, The (1973)","['Drama', 'Horror', 'Mystery', 'Thriller']",70917
4756,"Musketeer, The (2001)","['Action', 'Adventure', 'Drama', 'Romance']",246544
4757,Rock Star (2001),"['Comedy', 'Drama', 'Musical']",202470
4758,Soul Survivors (a.k.a. The Killer Cut) (2001),"['Horror', 'Thriller']",218619
4759,Two Can Play That Game (2001),"['Comedy', 'Drama']",269341
4761,Diamond Men (2001),['Drama'],200427
4763,"Iron Ladies, The (Satree lek) (2000)",['Comedy'],263957
4764,Kill Me Later (2001),"['Romance', 'Thriller']",243595
4765,L.I.E. (2001),['Drama'],242587
4766,"Our Lady of the Assassins (Virgen de los sicarios, La) (2000)","['Crime', 'Drama', 'Romance']",250809
4767,Abbott and Costello Meet the Mummy (1955),"['Comedy', 'Horror']",47795
4768,"Dr. Mabuse: The Gambler (Dr. Mabuse, der Spieler) (1922)","['Crime', 'Mystery', 'Thriller']",13086
4769,Into the Arms of Strangers: Stories of the Kindertransport (2000),['Documentary'],248912
4770,"Glass House, The (2001)",['Thriller'],221218
4771,Hardball (2001),['Drama'],180734
4772,Dinner Rush (2000),['Drama'],229340
4773,Haiku Tunnel (2001),['Comedy'],273253
4774,Big Trouble (2002),"['Comedy', 'Crime']",246464
4775,Glitter (2001),"['Drama', 'Musical', 'Romance']",118589
4776,Training Day (2001),"['Crime', 'Drama', 'Thriller']",139654
4779,Go Tigers! (2001),['Documentary'],270971
4780,Liam (2000),['Drama'],255321
4781,Megiddo: The Omega Code 2 (2001),"['Action', 'Adventure', 'Fantasy', 'Sci-Fi', 'Thriller']",263728
4782,Sidewalks of New York (2001),"['Comedy', 'Romance']",239986
4783,"Endurance: Shackleton's Legendary Antarctic Expedition, The (2000)",['Documentary'],264578
4784,"French Lieutenant's Woman, The (1981)",['Drama'],82416
4785,"Great Silence, The (Grande silenzio, Il) (1969)","['Drama', 'Western']",63032
4786,"Legend of Hell House, The (1973)","['Horror', 'Thriller']",70294
4787,Little Man Tate (1991),['Drama'],102316
4788,Moscow Does Not Believe in Tears (Moskva slezam ne verit) (1979),"['Drama', 'Romance']",79579
4789,Phantom of the Paradise (1974),"['Comedy', 'Fantasy', 'Horror', 'Musical', 'Thriller']",71994
4790,"Return of a Man Called Horse, The (1976)",['Western'],75132
4792,13 Ghosts (1960),['Horror'],53559
4794,Opera (1987),"['Crime', 'Horror', 'Mystery']",93677
4795,Father Goose (1964),"['Adventure', 'Comedy', 'Romance', 'War']",58092
4797,"Hole in the Head, A (1959)","['Comedy', 'Musical']",52896
4798,Indiscreet (1958),"['Comedy', 'Romance']",51773
4799,"It's a Mad, Mad, Mad, Mad World (1963)",['Comedy'],57193
4800,King Solomon's Mines (1937),"['Action', 'Adventure', 'Drama', 'Romance', 'Thriller']",29081
4801,"Little Foxes, The (1941)",['Drama'],33836
4802,Operation Petticoat (1959),"['Action', 'Comedy', 'Romance', 'War']",53143
4803,Play Misty for Me (1971),"['Drama', 'Thriller']",67588
4804,Pocketful of Miracles (1961),"['Comedy', 'Drama']",55312
4805,Sayonara (1957),['Drama'],50933
4806,"Shop on Main Street, The (Obchod na korze) (1965)",['Drama'],59527
4808,"Vanishing, The (1993)","['Mystery', 'Thriller']",108473
4809,Silkwood (1983),['Drama'],86312
4810,I Never Promised You a Rose Garden (1977),['Drama'],76172
4811,Quadrophenia (1979),"['Drama', 'Musical']",79766
4812,SpaceCamp (1986),"['Adventure', 'Sci-Fi']",91993
4813,When Worlds Collide (1951),['Sci-Fi'],44207
4814,Don't Say a Word (2001),['Thriller'],260866
4815,Hearts in Atlantis (2001),['Drama'],252501
4816,Zoolander (2001),['Comedy'],196229
4818,Extreme Days (2001),"['Action', 'Adventure', 'Comedy', 'Drama']",245891
4821,Joy Ride (2001),"['Adventure', 'Thriller']",206314
4822,Max Keeble's Big Move (2001),"['Children', 'Comedy']",273799
4823,Serendipity (2001),"['Comedy', 'Romance']",240890
4824,Grateful Dawg (2000),['Documentary'],265212
4826,"Big Red One, The (1980)","['Action', 'Adventure', 'Drama', 'War']",80437
4827,"Boogeyman, The (1980)",['Horror'],80464
4830,Brubaker (1980),"['Crime', 'Drama']",80474
4831,Can't Stop the Music (1980),"['Comedy', 'Musical']",80492
4833,"Changeling, The (1980)","['Horror', 'Mystery', 'Thriller']",80516
4834,Cheech & Chong's Next Movie (1980),['Comedy'],80520
4835,Coal Miner's Daughter (1980),['Drama'],80549
4836,"Competition, The (1980)","['Drama', 'Romance']",80556
4837,Cruising (1980),"['Crime', 'Drama', 'Thriller']",80569
4840,"Last Metro, The (Dernier métro, Le) (1980)","['Drama', 'Romance']",80610
4841,Divine Madness! (1980),['Comedy'],80634
4842,"Dogs of War, The (1980)","['Drama', 'War']",80641
4844,Bandits (2001),"['Comedy', 'Crime', 'Romance']",219965
4845,Corky Romano (2001),"['Comedy', 'Crime']",250310
4846,Iron Monkey (Siu nin Wong Fei-hung ji: Tit Ma Lau) (1993),"['Action', 'Comedy']",108148
4847,Fat Girl (À ma soeur!) (2001),['Drama'],243255
4848,Mulholland Drive (2001),"['Crime', 'Drama', 'Film-Noir', 'Mystery', 'Thriller']",166924
4849,My First Mister (2001),"['Comedy', 'Drama']",206963
4850,Spriggan (Supurigan) (1998),"['Action', 'Animation', 'Sci-Fi']",164917
4852,Bones (2001),['Horror'],166110
4853,Brannigan (1975),['Action'],72732
4855,Dirty Harry (1971),"['Action', 'Crime', 'Thriller']",66999
4857,Fiddler on the Roof (1971),"['Drama', 'Musical']",67093
4862,Not Without My Daughter (1991),['Drama'],102555
4863,Female Trouble (1975),"['Comedy', 'Crime']",72979
4864,Titanica (1992),"['Documentary', 'IMAX']",105601
4865,From Hell (2001),"['Crime', 'Horror', 'Mystery', 'Thriller']",120681
4866,"Last Castle, The (2001)",['Action'],272020
4867,Riding in Cars with Boys (2001),"['Comedy', 'Drama']",200027
4868,Bangkok Dangerous (2000),"['Action', 'Crime', 'Romance']",263101
4870,Dancing at the Blue Iguana (2000),['Drama'],217355
4871,Focus (2001),['Drama'],246628
4872,Intimacy (2000),['Drama'],256103
4873,Waking Life (2001),"['Animation', 'Drama', 'Fantasy']",243017
4874,K-PAX (2001),"['Drama', 'Fantasy', 'Mystery', 'Sci-Fi']",272152
4876,Thirteen Ghosts (a.k.a. Thir13en Ghosts) (2001),"['Horror', 'Thriller']",245674
4877,Better Than Sex (2000),"['Comedy', 'Romance']",236019
4878,Donnie Darko (2001),"['Drama', 'Mystery', 'Sci-Fi', 'Thriller']",246578
4879,High Heels and Low Lifes (2001),"['Action', 'Comedy', 'Crime', 'Drama']",253126
4880,Life as a House (2001),['Drama'],264796
4881,"Man Who Wasn't There, The (2001)","['Crime', 'Drama']",243133
4884,Trembling Before G-d (2001),['Documentary'],278102
4885,Domestic Disturbance (2001),['Thriller'],249478
4886,"Monsters, Inc. (2001)","['Adventure', 'Animation', 'Children', 'Comedy', 'Fantasy']",198781
4887,"One, The (2001)","['Action', 'Sci-Fi', 'Thriller']",267804
4888,Tape (2001),['Drama'],275719
4889,Heist (2001),"['Crime', 'Drama']",252503
4890,Shallow Hal (2001),"['Comedy', 'Fantasy', 'Romance']",256380
4893,When a Stranger Calls (1979),"['Horror', 'Thriller']",80130
4894,Timerider: The Adventure of Lyle Swann (1982),"['Action', 'Adventure', 'Sci-Fi', 'Western']",86443
4895,"Wash, The (2001)",['Comedy'],290332
4896,Harry Potter and the Sorcerer's Stone (a.k.a. Harry Potter and the Philosopher's Stone) (2001),"['Adventure', 'Children', 'Fantasy']",241527
4897,"Fluffer, The (2001)","['Drama', 'Romance']",245115
4898,Novocaine (2001),"['Comedy', 'Crime', 'Mystery', 'Thriller']",234354
4899,Black Knight (2001),"['Adventure', 'Comedy', 'Fantasy']",265087
4900,Out Cold (2001),['Comedy'],253798
4901,Spy Game (2001),"['Action', 'Crime', 'Drama', 'Thriller']",266987
4902,"Devil's Backbone, The (Espinazo del diablo, El) (2001)","['Drama', 'Fantasy', 'Horror', 'Thriller', 'War']",256009
4903,In the Bedroom (2001),['Drama'],247425
4907,Across 110th Street (1972),['Crime'],68168
4909,"Incredible Shrinking Woman, The (1981)","['Comedy', 'Sci-Fi']",82558
4911,Jabberwocky (1977),"['Adventure', 'Comedy', 'Fantasy']",76221
4912,Funny Girl (1968),"['Drama', 'Musical', 'Romance']",62994
4914,Breathless (À bout de souffle) (1960),"['Crime', 'Drama', 'Romance']",53472
4915,"Beastmaster, The (1982)","['Action', 'Adventure', 'Fantasy']",83630
4916,Midway (1976),"['Drama', 'War']",74899
4917,MacArthur (1977),['Drama'],76342
4918,"Young Lions, The (1958)","['Drama', 'War']",52415
4919,Subway (1985),"['Crime', 'Drama', 'Romance', 'Thriller']",90095
4920,"Now, Voyager (1942)","['Drama', 'Romance']",35140
4921,Little Women (1933),"['Drama', 'Romance']",24264
4922,Halls of Montezuma (1950),"['Adventure', 'War']",42539
4925,"Cheap Detective, The (1978)",['Comedy'],77321
4927,"Last Wave, The (1977)","['Fantasy', 'Mystery', 'Thriller']",76299
4928,That Obscure Object of Desire (Cet obscur objet du désir) (1977),['Drama'],75824
4929,"Toy, The (1982)",['Comedy'],84809
4930,Funeral in Berlin (1966),"['Action', 'Drama', 'Thriller']",60437
4932,Dressed to Kill (1980),"['Mystery', 'Thriller']",80661
4934,"Exterminator, The (1980)","['Action', 'Crime', 'Thriller', 'War']",80707
4936,Fame (1980),"['Drama', 'Musical']",80716
4939,"Final Countdown, The (1980)","['Action', 'Sci-Fi']",80736
4941,Flash Gordon (1980),"['Action', 'Adventure', 'Sci-Fi']",80745
4943,At the Earth's Core (1976),"['Adventure', 'Sci-Fi']",74157
4945,"Enforcer, The (1976)",['Crime'],74483
4947,"Gauntlet, The (1977)",['Action'],76070
4949,Invasion U.S.A. (1985),"['Action', 'Thriller']",89348
4950,Lone Wolf McQuade (1983),['Action'],85862
4951,Lord of the Flies (1990),"['Adventure', 'Drama', 'Thriller']",100054
4954,Ocean's Eleven (a.k.a. Ocean's 11) (1960),"['Comedy', 'Crime']",54135
4956,"Stunt Man, The (1980)","['Action', 'Adventure', 'Comedy', 'Drama', 'Romance', 'Thriller']",81568
4957,Sudden Impact (1983),"['Crime', 'Thriller']",86383
4958,Behind Enemy Lines (2001),"['Action', 'Drama', 'War']",159273
4959,"Affair of the Necklace, The (2001)",['Drama'],242252
4961,Pornstar: The Legend of Ron Jeremy (2001),['Documentary'],282856
4962,Texas Rangers (2001),"['Adventure', 'Western']",193560
4963,Ocean's Eleven (2001),"['Crime', 'Thriller']",240772
4964,Baran (2001),"['Adventure', 'Drama', 'Romance']",233841
4965,"Business of Strangers, The (2001)","['Action', 'Drama', 'Thriller']",270259
4966,"Incredible Shrinking Man, The (1957)","['Sci-Fi', 'Thriller']",50539
4967,No Man's Land (2001),"['Drama', 'War']",283509
4969,And Then There Were None (1945),"['Crime', 'Mystery']",37515
4970,"Blue Angel, The (Blaue Engel, Der) (1930)",['Drama'],20697
4971,Moscow on the Hudson (1984),"['Comedy', 'Drama']",87747
4972,"Owl and the Pussycat, The (1970)",['Comedy'],66195
4973,"Amelie (Fabuleux destin d'Amélie Poulain, Le) (2001)","['Comedy', 'Romance']",211915
4974,Not Another Teen Movie (2001),['Comedy'],277371
4975,Vanilla Sky (2001),"['Mystery', 'Romance', 'Sci-Fi', 'Thriller']",259711
4976,Iris (2001),['Drama'],280778
4977,Kandahar (Safar e Ghandehar) (2001),['Drama'],283431
4978,Lantana (2001),"['Drama', 'Mystery', 'Thriller']",259393
4979,"Royal Tenenbaums, The (2001)","['Comedy', 'Drama']",265666
4980,Bill & Ted's Bogus Journey (1991),"['Adventure', 'Comedy', 'Fantasy', 'Sci-Fi']",101452
4981,Clockwise (1986),['Comedy'],90852
4982,"Crawling Eye, The (a.k.a. Trollenberg Terror, The) (1958)","['Horror', 'Sci-Fi']",52320
4985,Sheena (1984),"['Action', 'Adventure', 'Fantasy']",88103
4987,Spacehunter: Adventures in the Forbidden Zone (1983),['Sci-Fi'],86346
4988,White Water Summer (1987),['Adventure'],94318
4989,How High (2001),['Comedy'],278488
4990,Jimmy Neutron: Boy Genius (2001),"['Adventure', 'Animation', 'Children', 'Comedy']",268397
4991,Joe Somebody (2001),"['Comedy', 'Drama', 'Romance']",279889
4992,Kate & Leopold (2001),"['Comedy', 'Romance']",35423
4993,"Lord of the Rings: The Fellowship of the Ring, The (2001)","['Adventure', 'Fantasy']",120737
4994,"Majestic, The (2001)","['Comedy', 'Drama', 'Romance']",268995
4995,"Beautiful Mind, A (2001)","['Drama', 'Romance']",268978
4996,Little Otik (Otesánek) (2000),"['Comedy', 'Drama', 'Fantasy']",228687
4997,"Convent, The (2000)","['Horror', 'Sci-Fi']",217331
4998,"Defiant Ones, The (1958)","['Adventure', 'Crime', 'Drama', 'Thriller']",51525
4999,Dodsworth (1936),"['Drama', 'Romance']",27532
5000,Medium Cool (1969),"['Drama', 'Romance']",64652
5001,Sahara (1943),"['Action', 'Drama', 'War']",36323
5002,Fritz the Cat (1972),['Animation'],68612
5003,"Nine Lives of Fritz the Cat, The (1974)",['Animation'],71913
5004,"Party, The (1968)",['Comedy'],63415
5005,Separate Tables (1958),['Drama'],52182
5007,Topkapi (1964),"['Adventure', 'Comedy', 'Thriller']",58672
5008,Witness for the Prosecution (1957),"['Drama', 'Mystery', 'Thriller']",51201
5009,Ali (2001),['Drama'],248667
5010,Black Hawk Down (2001),"['Action', 'Drama', 'War']",265086
5011,Charlotte Gray (2001),"['Drama', 'Romance']",245046
5012,Yentl (1983),"['Drama', 'Musical', 'Romance']",86619
5013,Gosford Park (2001),"['Comedy', 'Drama', 'Mystery']",280707
5014,I Am Sam (2001),['Drama'],277027
5015,Monster's Ball (2001),"['Drama', 'Romance']",285742
5016,"Shipping News, The (2001)",['Drama'],120824
5017,"Big Heat, The (1953)","['Drama', 'Film-Noir']",45555
5021,Murder by Death (1976),"['Comedy', 'Crime', 'Mystery', 'Thriller']",74937
5022,"Servant, The (1963)",['Drama'],57490
5023,"Waterdance, The (1992)",['Drama'],105789
5024,Come Undone (Presque Rien) (2000),"['Drama', 'Romance']",242795
5025,Orange County (2002),['Comedy'],273923
5026,"Brotherhood of the Wolf (Pacte des loups, Le) (2001)","['Action', 'Mystery', 'Thriller']",237534
5027,Another 48 Hrs. (1990),"['Action', 'Comedy', 'Crime', 'Drama', 'Thriller']",99044
5028,What Time Is It There? (Ni neibian jidian) (2001),['Drama'],269746
5033,"Russia House, The (1990)","['Drama', 'Thriller']",100530
5034,"Truly, Madly, Deeply (1991)","['Drama', 'Romance']",103129
5035,Wuthering Heights (1970),['Drama'],66585
5036,California Suite (1978),['Comedy'],77289
5038,"Flight of Dragons, The (1982)","['Adventure', 'Animation', 'Children', 'Drama', 'Fantasy']",83951
5039,Dragonslayer (1981),"['Action', 'Adventure', 'Fantasy']",82288
5040,Conan the Destroyer (1984),"['Action', 'Adventure', 'Fantasy']",87078
5041,Fire and Ice (1983),"['Animation', 'Fantasy']",85542
5044,Foxes (1980),['Drama'],80756
5046,Impostor (2002),"['Action', 'Drama', 'Sci-Fi', 'Thriller']",160399
5047,Kung Pow: Enter the Fist (2002),"['Action', 'Comedy']",240468
5048,Snow Dogs (2002),"['Adventure', 'Children', 'Comedy']",281373
5049,48 Hrs. (1982),"['Action', 'Comedy', 'Crime', 'Drama']",83511
5051,Italian for Beginners (Italiensk for begyndere) (2000),"['Comedy', 'Drama', 'Romance']",243862
5053,Blankman (1994),['Comedy'],109288
5054,Brainstorm (1983),"['Sci-Fi', 'Thriller']",85271
5055,Dragon: The Bruce Lee Story (1993),"['Action', 'Drama']",106770
5056,"Enigma of Kaspar Hauser, The (a.k.a. Mystery of Kaspar Hauser, The) (Jeder für sich und Gott Gegen Alle) (1974)","['Crime', 'Drama']",71691
5059,Little Dieter Needs to Fly (1997),['Documentary'],145046
5060,M*A*S*H (a.k.a. MASH) (1970),"['Comedy', 'Drama', 'War']",66026
5061,Mrs. Soffel (1984),"['Drama', 'Romance']",87751
5062,Seconds (1966),"['Mystery', 'Sci-Fi', 'Thriller']",60955
5063,One-Eyed Jacks (1961),['Western'],55257
5064,The Count of Monte Cristo (2002),"['Action', 'Adventure', 'Drama', 'Romance', 'Thriller']",245844
5065,"Mothman Prophecies, The (2002)","['Drama', 'Fantasy', 'Horror', 'Mystery', 'Thriller']",265349
5066,"Walk to Remember, A (2002)","['Drama', 'Romance']",281358
5068,Beijing Bicycle (Shiqi sui de dan che) (2001),['Drama'],276501
5069,Escaflowne: The Movie (Escaflowne) (2000),"['Action', 'Adventure', 'Animation', 'Drama', 'Fantasy']",270933
5071,Maelström (2000),"['Drama', 'Romance']",220627
5072,Metropolis (2001),"['Animation', 'Sci-Fi']",293416
5073,"Son's Room, The (Stanza del figlio, La) (2001)",['Drama'],208990
5074,Storytelling (2001),"['Comedy', 'Drama']",250081
5075,Waydowntown (2000),['Comedy'],219405
5076,"Adventures of Huck Finn, The (1993)","['Adventure', 'Children', 'Comedy', 'Drama']",106223
5077,Cousins (1989),"['Comedy', 'Romance']",97116
5078,Falling in Love (1984),"['Drama', 'Romance']",87233
5080,Slackers (2002),['Comedy'],240900
5081,Birthday Girl (2001),"['Drama', 'Romance']",188453
5083,Rare Birds (2001),"['Comedy', 'Drama']",295552
5087,Get Out Your Handkerchiefs (Préparez vos mouchoirs) (1978),"['Comedy', 'Drama', 'Romance']",78122
5088,"Going Places (Valseuses, Les) (1974)","['Comedy', 'Crime', 'Drama']",72353
5090,"Hunchback of Notre Dame, The (Notre Dame de Paris) (1956)",['Drama'],50781
5092,Big Fat Liar (2002),"['Children', 'Comedy']",265298
5093,Collateral Damage (2002),"['Action', 'Thriller']",233469
5094,Rollerball (2002),"['Action', 'Sci-Fi']",246894
5095,"Scotland, Pa. (2001)","['Comedy', 'Crime']",265713
5096,Baby's Day Out (1994),['Comedy'],109190
5098,Dimples (1936),['Musical'],27527
5099,Heidi (1937),"['Children', 'Drama']",28988
5101,Richard Pryor Here and Now (1983),"['Comedy', 'Documentary']",86194
5102,Rookie of the Year (1993),"['Comedy', 'Fantasy']",107985
5103,"Sandlot, The (1993)","['Children', 'Comedy', 'Drama']",108037
5105,Don't Look Now (1973),"['Drama', 'Horror', 'Thriller']",69995
5106,Crossroads (2002),"['Comedy', 'Musical', 'Romance']",275022
5107,Hart's War (2002),"['Drama', 'War']",251114
5108,John Q (2002),"['Crime', 'Drama', 'Thriller']",251160
5109,Return to Never Land (2002),"['Adventure', 'Animation', 'Children']",280030
5110,Super Troopers (2001),"['Comedy', 'Crime', 'Mystery']",247745
5111,"Good Son, The (1993)","['Drama', 'Thriller']",107034
5112,Last Orders (2001),['Drama'],253200
5114,"Bad and the Beautiful, The (1952)",['Drama'],44391
5117,Funny Lady (1975),"['Comedy', 'Musical']",73026
5118,"Heartbreak Kid, The (1972)","['Comedy', 'Romance']",68687
5119,Saturday Night and Sunday Morning (1960),['Drama'],54269
5120,Sleuth (1972),"['Comedy', 'Mystery', 'Thriller']",69281
5121,Stroszek (1977),"['Comedy', 'Drama']",75276
5122,Summer of '42 (1971),['Drama'],67803
5123,"Touch of Class, A (1973)",['Comedy'],70819
5125,Used Cars (1980),['Comedy'],81698
5126,"Deadly Mantis, The (1957)","['Horror', 'Sci-Fi']",50294
5127,Dragonfly (2002),"['Drama', 'Fantasy', 'Mystery', 'Romance', 'Thriller']",259288
5128,Queen of the Damned (2002),"['Fantasy', 'Horror']",238546
5131,How to Kill Your Neighbor's Dog (2000),"['Comedy', 'Drama']",207524
5134,Mean Machine (2001),"['Comedy', 'Drama']",291341
5135,Monsoon Wedding (2001),"['Comedy', 'Romance']",265343
5136,Wendigo (2001),"['Drama', 'Horror']",275067
5137,Scratch (2001),['Documentary'],143861
5139,"Bad News Bears, The (1976)",['Comedy'],74174
5140,"Bad News Bears Go to Japan, The (1978)",['Comedy'],77199
5141,"Bad News Bears in Breaking Training, The (1977)",['Comedy'],75718
5142,"Firemen's Ball, The (Horí, má panenko) (1967)","['Comedy', 'Drama']",61781
5143,"Lone Ranger, The (1956)","['Adventure', 'Western']",48310
5145,Loves of a Blonde (Lásky jedné plavovlásky) (1965),"['Comedy', 'Drama', 'Romance']",59415
5146,Vampire Hunter D: Bloodlust (Banpaia hantâ D) (2000),"['Animation', 'Fantasy', 'Horror', 'Sci-Fi']",216651
5147,Wild Strawberries (Smultronstället) (1957),['Drama'],50986
5151,40 Days and 40 Nights (2002),"['Comedy', 'Romance']",243736
5152,We Were Soldiers (2002),"['Action', 'Drama', 'War']",277434
5157,"Church, The (Chiesa, La) (1989)","['Drama', 'Fantasy', 'Horror']",94860
5158,Cross Creek (1983),['Drama'],85380
5159,Ferngully: The Last Rainforest (1992),"['Animation', 'Children', 'Comedy', 'Musical']",104254
5163,Stage Fright (Deliria) (1987),['Horror'],92576
5164,"Troll in Central Park, A (1994)","['Animation', 'Children']",108395
5165,Zombie (a.k.a. Zombie 2: The Dead Are Among Us) (Zombi 2) (1979),['Horror'],80057
5167,My Favorite Brunette (1947),"['Comedy', 'Mystery']",39645
5168,Royal Wedding (1951),"['Comedy', 'Musical', 'Romance']",43983
5169,Scarlet Street (1945),['Film-Noir'],38057
5170,All About the Benjamins (2002),"['Action', 'Comedy', 'Crime']",278295
5171,"Time Machine, The (2002)","['Action', 'Adventure', 'Sci-Fi']",268695
5172,Full Frontal (2002),"['Comedy', 'Drama', 'Romance']",290212
5173,Divorcing Jack (1998),"['Comedy', 'Thriller']",127516
5177,"Magnificent Ambersons, The (1942)","['Drama', 'Romance']",35015
5180,"Great Rock 'n' Roll Swindle, The (1980)",['Documentary'],80813
5181,Hangar 18 (1980),"['Action', 'Sci-Fi', 'Thriller']",80836
5184,Heaven's Gate (1980),['Western'],80855
5187,Hopscotch (1980),['Comedy'],80889
5190,Inside Moves (1980),['Drama'],80928
5193,"Jazz Singer, The (1980)",['Musical'],80948
5196,Lion of the Desert (1980),['War'],81059
5197,Little Darlings (1980),['Drama'],81060
5198,"Long Good Friday, The (1980)","['Drama', 'Thriller']",81070
5199,"Long Riders, The (1980)",['Western'],81071
5205,Motel Hell (1980),"['Comedy', 'Horror']",81184
5208,"Ninth Configuration, The (a.k.a. Twinkle, Twinkle, Killer Kane) (1980)","['Drama', 'War']",81237
5211,"Nude Bomb, The (1980)",['Comedy'],81249
5213,"Oh, God! Book II (1980)",['Comedy'],81268
5214,"Oh, God! (1977)","['Comedy', 'Fantasy']",76489
5216,"Pepi, Luci, Bom (Pepi, Luci, Bom y Otras Chicas del Montón) (1980)",['Comedy'],81323
5218,Ice Age (2002),"['Adventure', 'Animation', 'Children', 'Comedy']",268380
5219,Resident Evil (2002),"['Action', 'Horror', 'Sci-Fi', 'Thriller']",120804
5220,Showtime (2002),"['Action', 'Comedy']",284490
5221,Harrison's Flowers (2000),['Drama'],216799
5222,Kissing Jessica Stein (2001),"['Comedy', 'Romance']",264761
5223,Pauline & Paulette (Pauline en Paulette) (2001),"['Comedy', 'Drama']",256259
5224,Promises (2001),['Documentary'],282864
5225,And Your Mother Too (Y tu mamá también) (2001),"['Drama', 'Romance']",245574
5226,All the Right Moves (1983),"['Drama', 'Romance']",85154
5230,"Paleface, The (1948)","['Comedy', 'Western']",40679
5231,Road to Morocco (1942),['Comedy'],35262
5232,Road to Singapore (1940),"['Comedy', 'Musical']",32993
5233,Road to Utopia (1946),['Comedy'],38032
5234,Road to Zanzibar (1941),['Comedy'],34116
5236,"Tale of Springtime, A (Conte de Printemps) (1990)","['Drama', 'Romance']",97106
5237,Taps (1981),['Drama'],83169
5238,Return of the Secaucus 7 (1980),['Drama'],81420
5241,Seems Like Old Times (1980),"['Comedy', 'Romance']",81480
5243,"Young Master, The (Shi di chu ma) (1980)","['Action', 'Comedy']",81499
5244,Shogun Assassin (1980),"['Action', 'Adventure']",81506
5246,Smokey and the Bandit II (1980),"['Action', 'Comedy']",81529
5247,Smokey and the Bandit (1977),"['Action', 'Comedy']",76729
5248,Smokey and the Bandit III (1983),"['Action', 'Comedy']",86325
5249,Spetters (1980),"['Comedy', 'Drama']",81547
5250,Stir Crazy (1980),['Comedy'],81562
5251,"Charter Trip, The (a.k.a. Package Tour, The) (Sällskapsresan) (1980)",['Comedy'],81590
5254,Blade II (2002),"['Action', 'Horror', 'Thriller']",187738
5255,Sorority Boys (2002),['Comedy'],279781
5256,Stolen Summer (2002),['Drama'],286162
5258,George Washington (2000),['Drama'],262432
5263,Strait-Jacket (1964),"['Horror', 'Thriller']",58620
5264,Clockstoppers (2002),"['Action', 'Adventure', 'Sci-Fi', 'Thriller']",250305
5265,Death to Smoochy (2002),"['Comedy', 'Crime', 'Drama']",266452
5266,Panic Room (2002),['Thriller'],258000
5267,"Rookie, The (2002)",['Drama'],265662
5268,No Such Thing (2001),"['Drama', 'Fantasy', 'Romance']",248190
5269,"Piano Teacher, The (La pianiste) (2001)",['Drama'],254686
5272,Time Out (L'emploi du temps) (2001),['Drama'],279065
5279,Impromptu (1991),"['Comedy', 'Romance']",102103
5282,High Crimes (2002),['Thriller'],257756
5283,National Lampoon's Van Wilder (2002),['Comedy'],283111
5284,Crush (2001),"['Comedy', 'Romance']",245407
5287,"After Dark, My Sweet (1990)","['Crime', 'Drama', 'Mystery']",98994
5288,"Atomic Cafe, The (1982)","['Documentary', 'War']",83590
5289,Body and Soul (1947),"['Drama', 'Film-Noir']",39204
5290,First Men in the Moon (1964),"['Adventure', 'Sci-Fi']",58100
5291,Rashomon (Rashômon) (1950),"['Crime', 'Drama', 'Mystery']",42876
5292,Slap Shot (1977),['Comedy'],76723
5293,Changing Lanes (2002),"['Drama', 'Thriller']",264472
5294,Frailty (2001),"['Crime', 'Drama', 'Thriller']",264616
5296,"Sweetest Thing, The (2002)","['Comedy', 'Romance']",253867
5297,"Cat's Meow, The (2002)","['Drama', 'Thriller']",266391
5298,Human Nature (2001),"['Comedy', 'Romance']",219822
5299,My Big Fat Greek Wedding (2002),"['Comedy', 'Romance']",259446
5300,3:10 to Yuma (1957),"['Action', 'Adventure', 'Drama', 'Thriller', 'Western']",50086
5301,Bite the Bullet (1975),"['Action', 'Adventure', 'Western']",72705
5302,Breakout (1975),"['Action', 'Adventure']",72737
5303,Joe Versus the Volcano (1990),"['Comedy', 'Romance']",99892
5304,"Rome, Open City (a.k.a. Open City) (Roma, città aperta) (1945)","['Drama', 'War']",38890
5305,Return of the Killer Tomatoes! (1988),"['Comedy', 'Horror', 'Sci-Fi']",95989
5307,Taking Care of Business (1990),['Comedy'],103035
5308,Three Men and a Baby (1987),['Comedy'],94137
5309,Three Men and a Little Lady (1990),"['Comedy', 'Romance']",98966
5310,Transylvania 6-5000 (1985),"['Comedy', 'Horror']",90196
5311,"Watcher in the Woods, The (1980)","['Children', 'Horror', 'Mystery', 'Thriller']",81738
5312,Murder by Numbers (2002),"['Crime', 'Thriller']",264935
5313,"Scorpion King, The (2002)","['Action', 'Adventure', 'Fantasy']",277296
5314,Behind the Sun (Abril Despedaçado) (2001),['Drama'],291003
5316,Enigma (2001),"['Romance', 'Thriller']",157583
5319,Nine Queens (Nueve reinas) (2000),"['Crime', 'Thriller']",247586
5321,"Triumph of Love, The (2001)",['Comedy'],253840
5323,Jason X (2002),"['Horror', 'Sci-Fi', 'Thriller']",211443
5324,Life or Something Like It (2002),"['Comedy', 'Romance']",282687
5325,Dogtown and Z-Boyz (2001),['Documentary'],275309
5329,"Salton Sea, The (2002)","['Crime', 'Drama', 'Thriller']",235737
5333,Bob le Flambeur (1955),"['Crime', 'Drama']",47892
5334,Cadillac Man (1990),"['Comedy', 'Crime']",99204
5335,"Coca-Cola Kid, The (1985)","['Comedy', 'Romance']",88931
5337,Delirious (1991),['Comedy'],101701
5339,Husbands and Wives (1992),"['Comedy', 'Drama']",104466
5341,Lenny (1974),['Drama'],71746
5343,"Temp, The (1993)","['Drama', 'Thriller']",108311
5346,Wild Orchid (1990),"['Drama', 'Romance']",100934
5347,Deuces Wild (2002),['Drama'],231448
5348,Hollywood Ending (2002),"['Comedy', 'Drama']",278823
5349,Spider-Man (2002),"['Action', 'Adventure', 'Sci-Fi', 'Thriller']",145487
5352,The Big Sleep (1978),['Thriller'],77234
5353,Butterflies Are Free (1972),"['Comedy', 'Drama']",68326
5357,Iron Will (1994),['Adventure'],110157
5358,Mountains of the Moon (1990),['Adventure'],100196
5359,Rambling Rose (1991),['Drama'],102753
5361,White Fang (1991),['Adventure'],103247
5362,White Fang 2: Myth of the White Wolf (1994),"['Adventure', 'Children']",111701
5363,"New Guy, The (2002)",['Comedy'],241760
5364,Unfaithful (2002),"['Drama', 'Thriller']",250797
5365,"Lady and the Duke, The (Anglaise et le duc, L') (2001)","['Drama', 'Romance']",239234
5367,My Beautiful Laundrette (1985),"['Drama', 'Romance']",91578
5368,Ballad of a Soldier (Ballada o soldate) (1959),"['Drama', 'Romance', 'War']",52600
5372,Calamity Jane (1953),"['Musical', 'Western']",45591
5373,"Cranes Are Flying, The (Letyat zhuravli) (1957)","['Drama', 'Romance', 'War']",50634
5374,Devil Doll (1964),['Horror'],58007
5375,"Harvey Girls, The (1946)","['Comedy', 'Musical', 'Western']",38589
5377,About a Boy (2002),"['Comedy', 'Drama', 'Romance']",276751
5378,Star Wars: Episode II - Attack of the Clones (2002),"['Action', 'Adventure', 'Sci-Fi', 'IMAX']",121765
5379,"Believer, The (2001)",['Drama'],247199
5380,"Importance of Being Earnest, The (2002)","['Comedy', 'Drama', 'Romance']",278500
5382,Every Which Way But Loose (1978),['Comedy'],77523
5383,"Hound of the Baskervilles, The (1959)","['Crime', 'Horror', 'Mystery']",52905
5385,"Last Waltz, The (1978)",['Documentary'],77838
5387,Enough (2002),"['Drama', 'Thriller']",278435
5388,Insomnia (2002),"['Action', 'Crime', 'Drama', 'Mystery', 'Thriller']",278504
5389,Spirit: Stallion of the Cimarron (2002),"['Adventure', 'Animation', 'Children', 'Western']",166813
5390,CQ (2001),['Drama'],254199
5391,Thirteen Conversations About One Thing (a.k.a. 13 Conversations) (2001),['Drama'],268690
5392,Bus Stop (1956),"['Comedy', 'Drama', 'Romance']",49038
5395,"Gambler, The (1974)",['Drama'],71532
5397,Monkey Business (1952),"['Comedy', 'Sci-Fi']",44916
5398,Requiem for a Heavyweight (1962),['Drama'],56406
5399,River of No Return (1954),"['Adventure', 'Western']",47422
5400,"Sum of All Fears, The (2002)","['Drama', 'Thriller']",164184
5401,Undercover Brother (2002),['Comedy'],279493
5404,84 Charing Cross Road (1987),"['Drama', 'Romance']",90570
5406,"Desert Rats, The (1953)","['Drama', 'War']",45679
5409,Rapid Fire (1992),['Action'],105219
5410,Silent Running (1972),"['Drama', 'Sci-Fi']",67756
5412,"Villain, The (1979)","['Comedy', 'Western']",80097
5413,Zombie Holocaust (a.k.a. Doctor Butcher M.D.) (Zombi Holocaust) (1980),['Horror'],79788
5414,Bad Company (2002),"['Action', 'Comedy', 'Crime']",280486
5415,Divine Secrets of the Ya-Ya Sisterhood (2002),"['Comedy', 'Drama']",279778
5416,Cherish (2002),"['Comedy', 'Drama', 'Thriller']",298798
5417,"Fast Runner, The (Atanarjuat) (2001)","['Drama', 'Fantasy']",285441
5418,"Bourne Identity, The (2002)","['Action', 'Mystery', 'Thriller']",258463
5419,Scooby-Doo (2002),"['Adventure', 'Children', 'Comedy', 'Fantasy', 'Mystery']",267913
5420,Windtalkers (2002),"['Action', 'Drama', 'War']",245562
5421,"Dangerous Lives of Altar Boys, The (2002)",['Drama'],238924
5422,"Emperor's New Clothes, The (2001)",['Comedy'],282768
5423,Gangster No. 1 (2000),"['Action', 'Crime', 'Thriller']",210065
5424,Harvard Man (2001),"['Crime', 'Drama', 'Romance', 'Thriller']",242508
5425,Dark Blue World (Tmavomodrý svet) (2001),"['Drama', 'War']",244479
5426,Bad Company (1972),['Western'],68245
5427,Caveman (1981),['Comedy'],82146
5428,Cheech & Chong's The Corsican Brothers (1984),['Comedy'],87042
5431,Goin' South (1978),"['Comedy', 'Western']",77621
5433,Silver Bullet (Stephen King's Silver Bullet) (1985),"['Adventure', 'Drama', 'Horror', 'Mystery', 'Thriller']",90021
5434,"Sorry, Wrong Number (1948)","['Drama', 'Film-Noir', 'Thriller']",40823
5435,Hombre (1967),['Western'],61770
5437,"Manhattan Project, The (1986)","['Comedy', 'Sci-Fi', 'Thriller']",91472
5438,Men at Work (1990),"['Action', 'Comedy']",100135
5439,S.O.B. (1981),['Comedy'],83015
5440,She Wore a Yellow Ribbon (1949),['Western'],41866
5442,V. I. Warshawski (1991),"['Action', 'Comedy', 'Crime']",103184
5443,Juwanna Mann (2002),['Comedy'],247444
5444,Lilo & Stitch (2002),"['Adventure', 'Animation', 'Children', 'Sci-Fi']",275847
5445,Minority Report (2002),"['Action', 'Crime', 'Mystery', 'Sci-Fi', 'Thriller']",181689
5446,Rabbit-Proof Fence (2002),"['Adventure', 'Drama']",252444
5447,Sunshine State (2002),['Drama'],286179
5448,Hey Arnold! The Movie (2002),"['Adventure', 'Animation', 'Children', 'Comedy']",314166
5449,Mr. Deeds (2002),"['Comedy', 'Romance']",280590
5450,Lovely & Amazing (2001),"['Comedy', 'Drama', 'Romance']",258273
5451,Pumpkin (2002),"['Comedy', 'Drama', 'Romance']",265591
5452,Look Who's Talking Now (1993),"['Children', 'Comedy', 'Romance']",107438
5453,Lost in Yonkers (1993),"['Comedy', 'Drama']",107443
5454,Mo' Money (1992),"['Comedy', 'Romance']",104897
5456,Wagons East (1994),"['Comedy', 'Western']",111653
5458,Like Mike (2002),"['Children', 'Comedy', 'Fantasy']",308506
5459,Men in Black II (a.k.a. MIIB) (a.k.a. MIB 2) (2002),"['Action', 'Comedy', 'Sci-Fi']",120912
5460,"Powerpuff Girls, The (2002)","['Action', 'Animation', 'Children', 'Comedy']",289408
5461,Me Without You (2001),"['Comedy', 'Drama']",263725
5462,"Crocodile Hunter: Collision Course, The (2002)","['Adventure', 'Comedy']",305396
5463,Reign of Fire (2002),"['Action', 'Adventure', 'Fantasy']",253556
5464,Road to Perdition (2002),"['Crime', 'Drama']",257044
5465,All About Lily Chou-Chou (Riri Shushu no subete) (2001),"['Crime', 'Drama', 'Thriller']",297721
5466,My Wife is an Actress (Ma Femme est une Actrice) (2001),"['Comedy', 'Drama', 'Romance']",269499
5470,The Importance of Being Earnest (1952),"['Comedy', 'Romance']",44744
5471,Perfect (1985),"['Drama', 'Romance']",89798
5472,1776 (1972),"['Children', 'Drama', 'Musical']",68156
5473,Fox and His Friends (Faustrecht der Freiheit) (1975),['Drama'],72976
5475,Z (1969),"['Drama', 'Mystery', 'Thriller']",65234
5476,Halloween: Resurrection (Halloween 8) (2002),"['Horror', 'Thriller']",220506
5477,Sex and Lucia (Lucía y el sexo) (2001),"['Drama', 'Romance']",254455
5478,Eight Legged Freaks (2002),"['Action', 'Comedy', 'Horror', 'Sci-Fi']",271367
5479,K-19: The Widowmaker (2002),"['Action', 'Adventure', 'Drama', 'Thriller']",267626
5480,Stuart Little 2 (2002),"['Children', 'Comedy']",243585
5481,Austin Powers in Goldmember (2002),['Comedy'],295178
5482,"Country Bears, The (2002)","['Children', 'Comedy']",276033
5483,"Kid Stays in the Picture, The (2002)",['Documentary'],303353
5485,Tadpole (2002),"['Comedy', 'Drama', 'Romance']",271219
5486,Who Is Cletis Tout? (2001),['Comedy'],246500
5489,Nosferatu the Vampyre (Nosferatu: Phantom der Nacht) (1979),['Horror'],79641
5490,The Big Bus (1976),"['Action', 'Comedy']",74205
5493,In Like Flint (1967),"['Action', 'Adventure', 'Comedy']",61810
5497,Our Man Flint (1965),"['Adventure', 'Comedy', 'Sci-Fi']",59557
5498,Red Beard (Akahige) (1965),['Drama'],58888
5499,Robin and Marian (1976),"['Adventure', 'Drama', 'Romance']",75147
5500,Top Secret! (1984),['Comedy'],88286
5501,"Master of Disguise, The (2002)","['Comedy', 'Mystery']",295427
5502,Signs (2002),"['Horror', 'Sci-Fi', 'Thriller']",286106
5503,"Last Kiss, The (Ultimo bacio, L') (2001)","['Comedy', 'Drama', 'Romance']",265930
5504,Spy Kids 2: The Island of Lost Dreams (2002),"['Adventure', 'Children']",287717
5505,"Good Girl, The (2002)","['Comedy', 'Drama']",279113
5506,Blood Work (2002),"['Crime', 'Drama', 'Mystery', 'Thriller']",309377
5507,xXx (2002),"['Action', 'Crime', 'Thriller']",295701
5508,24 Hour Party People (2002),"['Comedy', 'Drama', 'Musical']",274309
5513,Martin Lawrence Live: Runteldat (2002),"['Comedy', 'Documentary']",327036
5515,Songs From the Second Floor (Sånger från andra våningen) (2000),['Drama'],120263
5516,Read My Lips (Sur mes lèvres) (2001),"['Crime', 'Drama', 'Thriller']",274117
5518,Beau Pere (a.k.a. Stepfather) (Beau-père) (1981),['Drama'],82054
5521,"Principal, The (1987)","['Action', 'Crime', 'Drama']",93780
5522,Rollerball (1975),"['Action', 'Drama', 'Sci-Fi']",73631
5523,"Adventures of Pluto Nash, The (2002)","['Action', 'Adventure', 'Comedy', 'Sci-Fi']",180052
5524,Blue Crush (2002),"['Adventure', 'Drama', 'Romance']",300532
5525,Mostly Martha (Bella Martha) (2001),"['Comedy', 'Drama', 'Romance']",246772
5526,"Isle, The (Seom) (2000)",['Drama'],255589
5527,Possession (2002),"['Drama', 'Romance']",256276
5528,One Hour Photo (2002),"['Drama', 'Thriller']",265459
5529,Serving Sara (2002),"['Comedy', 'Romance']",261289
5530,Simone (S1m0ne) (2002),"['Comedy', 'Drama', 'Fantasy', 'Sci-Fi']",258153
5531,Undisputed (2002),['Drama'],281322
5532,Amy's O (a.k.a. Amy's Orgasm) (2001),"['Comedy', 'Romance']",280424
5537,Satin Rouge (2002),"['Drama', 'Musical']",300453
5538,"Care Bears Movie, The (1985)","['Animation', 'Children', 'Fantasy']",88885
5539,Care Bears Movie II: A New Generation (1986),"['Animation', 'Children']",90799
5540,Clash of the Titans (1981),"['Action', 'Adventure', 'Fantasy', 'Romance']",82186
5541,Hot Shots! (1991),"['Action', 'Comedy', 'Romance', 'War']",102059
5543,"Swarm, The (1978)","['Action', 'Horror', 'Sci-Fi']",78350
5544,Time After Time (1979),"['Sci-Fi', 'Thriller']",80025
5548,Down and Out in Beverly Hills (1986),['Comedy'],90966
5550,Love Me Tender (1956),"['Musical', 'Western']",49452
5552,"Revenge of Frankenstein, The (1958)","['Drama', 'Horror', 'Sci-Fi']",50894
5553,Stakeout (1987),"['Comedy', 'Crime', 'Romance', 'Thriller']",94025
5555,Wolfen (1981),['Horror'],83336
5556,FearDotCom (a.k.a. Fear.com) (a.k.a. Fear Dot Com) (2002),"['Crime', 'Horror', 'Thriller']",295254
5557,Slap Her... She's French (a.k.a. She Gets What She Wants) (2002),['Comedy'],187512
5560,À nous la liberté (Freedom for Us) (1931),"['Comedy', 'Musical']",22599
5561,True Colors (1991),['Drama'],103125
5563,City by the Sea (2002),"['Crime', 'Drama']",269095
5564,Swimfan (2002),['Thriller'],283026
5568,Johnny Dangerously (1984),['Comedy'],87507
5569,"Last House on the Left, The (1972)","['Crime', 'Horror', 'Thriller']",68833
5570,Thesis (Tesis) (1996),"['Drama', 'Horror', 'Thriller']",117883
5572,Barbershop (2002),['Comedy'],303714
5573,Stealing Harvard (2002),"['Comedy', 'Crime']",265808
5574,"Transporter, The (2002)","['Action', 'Crime']",293662
5577,Igby Goes Down (2002),"['Comedy', 'Drama']",280760
5580,Aspen Extreme (1993),['Action'],106315
5581,Betsy's Wedding (1990),['Comedy'],99128
5582,Captain Ron (1992),"['Adventure', 'Comedy']",103924
5584,Ernest Goes to Jail (1990),['Comedy'],99512
5585,Ernest Scared Stupid (1991),['Comedy'],101821
5588,"Hills Have Eyes, The (1977)",['Horror'],77681
5589,Indian Summer (1993),"['Comedy', 'Drama']",107212
5591,Monkey Trouble (1994),"['Children', 'Comedy']",110557
5593,No Way to Treat a Lady (1968),"['Crime', 'Drama', 'Thriller']",63356
5596,Spaced Invaders (1990),"['Adventure', 'Comedy', 'Sci-Fi']",100666
5597,Suburban Commando (1991),"['Comedy', 'Sci-Fi']",103003
5598,Surf Ninjas (1993),['Comedy'],108258
5600,"Wanderers, The (1979)",['Drama'],80117
5601,"Yearling, The (1946)","['Children', 'Drama']",39111
5602,"Ladykillers, The (1955)","['Comedy', 'Crime']",48281
5603,"Lavender Hill Mob, The (1951)","['Comedy', 'Crime']",44829
5604,"Man in the White Suit, The (1951)","['Comedy', 'Sci-Fi']",44876
5605,Ratcatcher (1999),['Drama'],171685
5606,Society (1989),"['Horror', 'Mystery']",98354
5607,"Son of the Bride (Hijo de la novia, El) (2001)","['Comedy', 'Drama']",292542
5608,"Das Experiment (Experiment, The) (2001)","['Drama', 'Thriller']",250258
5609,Ballistic: Ecks vs. Sever (2002),"['Action', 'Thriller']",308208
5610,"Banger Sisters, The (2002)","['Comedy', 'Drama']",280460
5611,"Four Feathers, The (2002)","['Adventure', 'War']",240510
5612,Trapped (2002),"['Action', 'Thriller']",280380
5613,8 Women (2002),"['Comedy', 'Crime', 'Musical', 'Mystery']",283832
5614,"His Secret Life (a.k.a. Ignorant Fairies, The) (Fate ignoranti, Le) (2001)","['Drama', 'Romance']",274497
5615,Invincible (2001),['Drama'],245171
5617,Secretary (2002),"['Comedy', 'Drama', 'Romance']",274812
5618,Spirited Away (Sen to Chihiro no kamikakushi) (2001),"['Adventure', 'Animation', 'Fantasy']",245429
5619,"Trials of Henry Kissinger, The (2002)",['Documentary'],326306
5620,Sweet Home Alabama (2002),"['Comedy', 'Romance']",256415
5621,"Tuxedo, The (2002)","['Action', 'Comedy']",290095
5622,Charly (2002),"['Comedy', 'Drama', 'Romance']",330136
5625,Moonlight Mile (2002),"['Drama', 'Romance']",179098
5628,Wasabi (2001),"['Action', 'Comedy', 'Crime', 'Drama', 'Thriller']",281364
5629,Jonah: A VeggieTales Movie (2002),"['Animation', 'Children', 'Musical']",298388
5630,Red Dragon (2002),"['Crime', 'Mystery', 'Thriller']",289765
5632,Bloody Sunday (2002),['Drama'],280491
5633,Heaven (2002),['Drama'],246677
5635,"Man from Elysian Fields, The (2001)",['Drama'],265307
5636,Welcome to Collinwood (2002),"['Comedy', 'Crime']",271259
5637,Flirting (1991),['Drama'],101898
5638,Godzilla vs. Mothra (Mosura tai Gojira) (1964),"['Action', 'Adventure', 'Fantasy', 'Sci-Fi']",58379
5639,Godzilla's Revenge (Gojira-Minira-Gabara: Oru Kaijû Daishingeki) (All Monsters Attack) (1969),['Children'],64373
5640,"Godzilla, King of the Monsters! (Kaijû-ô Gojira) (1956)","['Horror', 'Sci-Fi']",197521
5642,"Onion Field, The (1979)",['Drama'],79668
5643,Powaqqatsi (1988),['Documentary'],95895
5644,"Pride of the Yankees, The (1942)",['Drama'],35211
5646,Valmont (1989),"['Drama', 'Romance']",98575
5647,Ernest Goes to Africa (1997),['Comedy'],119068
5648,Ernest in the Army (1998),['Comedy'],129908
5649,Horror of Dracula (Dracula) (1958),['Horror'],51554
5650,Strange Brew (1983),['Comedy'],86373
5651,"Incredible Mr. Limpet, The (1964)","['Animation', 'Comedy', 'War']",58230
5653,Django (1966),['Western'],60315
5655,"Fan, The (1981)","['Drama', 'Thriller']",82362
5657,Flashback (1990),"['Action', 'Comedy']",99581
5659,"Rocking Horse Winner, The (1950)","['Drama', 'Horror']",42898
5660,Seance on a Wet Afternoon (1964),"['Crime', 'Drama', 'Thriller']",58557
5662,"Wrong Guy, The (1997)","['Comedy', 'Romance', 'Thriller']",120536
5663,Below (2002),['Horror'],276816
5664,Brown Sugar (2002),['Romance'],297037
5665,Knockaround Guys (2002),"['Action', 'Comedy', 'Crime']",211465
5666,"Rules of Attraction, The (2002)","['Comedy', 'Drama', 'Romance', 'Thriller']",292644
5667,Tuck Everlasting (2002),"['Drama', 'Fantasy']",283084
5668,White Oleander (2002),['Drama'],283139
5669,Bowling for Columbine (2002),['Documentary'],310793
5670,Comedian (2002),"['Comedy', 'Documentary']",328962
5672,Pokemon 4 Ever (a.k.a. Pokémon 4: The Movie) (2002),"['Adventure', 'Animation', 'Children', 'Fantasy']",313487
5673,Punch-Drunk Love (2002),"['Comedy', 'Drama', 'Romance']",272338
5675,Swept Away (2002),"['Comedy', 'Romance']",291502
5677,Abandon (2002),"['Drama', 'Thriller']",267248
5678,Formula 51 (2001),"['Action', 'Comedy', 'Crime', 'Thriller']",227984
5679,"Ring, The (2002)","['Horror', 'Mystery', 'Thriller']",298130
5680,Auto Focus (2002),"['Crime', 'Drama']",298744
5682,"Grey Zone, The (2001)",['Drama'],252480
5685,Real Women Have Curves (2002),"['Comedy', 'Drama']",296166
5686,Russian Ark (Russkiy Kovcheg) (2002),"['Drama', 'Fantasy', 'War']",318034
5688,Tully (2000),['Drama'],212604
5689,Billy Bathgate (1991),"['Crime', 'Drama']",101453
5690,Grave of the Fireflies (Hotaru no haka) (1988),"['Animation', 'Drama', 'War']",95327
5691,Jason Goes to Hell: The Final Friday (1993),"['Action', 'Horror']",107254
5692,"Mechanic, The (1972)","['Action', 'Thriller']",68931
5693,Saturday Night Fever (1977),"['Comedy', 'Drama', 'Romance']",76666
5694,Staying Alive (1983),"['Comedy', 'Drama', 'Musical']",86361
5696,Urban Cowboy (1980),['Drama'],81696
5699,Tom Horn (1980),['Western'],80031
5705,Xanadu (1980),"['Fantasy', 'Musical', 'Romance']",81777
5707,Absence of Malice (1981),"['Drama', 'Romance']",81974
5709,"Amateur, The (1981)","['Crime', 'Thriller']",82005
5712,Blow Out (1981),"['Mystery', 'Thriller']",82085
5715,"Burning, The (1981)",['Horror'],82118
5717,Make Them Die Slowly (Cannibal Ferox) (1981),['Horror'],82700
5721,"Chosen, The (1981)",['Drama'],82175
5723,Continental Divide (1981),"['Comedy', 'Romance']",82200
5726,Dead & Buried (1981),['Horror'],82242
5731,"Entity, The (1981)",['Horror'],82334
5732,Eye of the Needle (1981),['Thriller'],82351
5734,Faces of Death 2 (1981),"['Documentary', 'Horror']",85518
5735,Faces of Death (1978),"['Documentary', 'Horror']",77533
5736,Faces of Death 3 (1985),"['Documentary', 'Horror']",121261
5737,Faces of Death 4 (1990),"['Documentary', 'Horror']",121262
5738,Faces of Death 5 (1996),"['Documentary', 'Horror']",223249
5739,Faces of Death 6 (1996),"['Documentary', 'Horror']",223250
5740,Faces of Death: Fact or Fiction? (1999),"['Documentary', 'Horror']",223251
5743,"Fort Apache, the Bronx (1981)","['Action', 'Drama']",82402
5745,"Four Seasons, The (1981)","['Comedy', 'Drama']",82405
5747,Gallipoli (1981),"['Drama', 'War']",82432
5749,Ghost Story (1981),"['Drama', 'Horror']",82449
5752,Gregory's Girl (1981),"['Comedy', 'Romance']",82477
5755,Happy Birthday to Me (1981),"['Horror', 'Mystery']",82498
5760,Lady Chatterley's Lover (1981),"['Drama', 'Romance']",82640
5763,Lola (1981),['Drama'],82671
5764,Looker (1981),"['Drama', 'Horror', 'Sci-Fi', 'Thriller']",82677
5765,"Looney, Looney, Looney Bugs Bunny Movie, The (1981)","['Animation', 'Children', 'Comedy']",82679
5767,Teddy Bear (Mis) (1981),"['Comedy', 'Crime']",82755
5768,Modern Problems (1981),"['Comedy', 'Fantasy']",82763
5769,Modern Romance (1981),"['Comedy', 'Romance']",82764
5771,My Bloody Valentine (1981),"['Drama', 'Horror', 'Thriller']",82782
5772,My Dinner with André (1981),['Drama'],82783
5773,Neighbors (1981),['Comedy'],82801
5777,Pennies from Heaven (1981),"['Musical', 'Romance']",82894
5779,Piranha II: The Spawning (1981),"['Horror', 'Sci-Fi']",82910
5780,Polyester (1981),['Comedy'],82926
5781,Private Lessons (1981),['Comedy'],82948
5782,"Professional, The (Le professionnel) (1981)","['Action', 'Drama', 'Thriller']",82949
5783,Derrida (2002),['Documentary'],303326
5784,Ghost Ship (2002),['Horror'],288477
5785,Jackass: The Movie (2002),"['Action', 'Comedy', 'Documentary']",322802
5787,"Truth About Charlie, The (2002)","['Mystery', 'Thriller']",270707
5788,All or Nothing (2002),['Drama'],286261
5791,Frida (2002),"['Drama', 'Romance']",120679
5792,Roger Dodger (2002),"['Comedy', 'Drama']",299117
5794,Good Work (Beau travail) (1999),['Drama'],209933
5795,"Big Knife, The (1955)",['Film-Noir'],47880
5796,Casino Royale (1967),"['Action', 'Adventure', 'Comedy']",61452
5797,"Company of Wolves, The (1984)","['Fantasy', 'Horror']",87075
5798,Escanaba in da Moonlight (2001),['Comedy'],180679
5799,Exodus (1960),"['Drama', 'Romance', 'War']",53804
5800,How to Murder Your Wife (1965),['Comedy'],58212
5801,"Russians Are Coming, the Russians Are Coming, The (1966)","['Comedy', 'War']",60921
5802,"World of Henry Orient, The (1964)",['Comedy'],58756
5803,I Spy (2002),"['Action', 'Adventure', 'Comedy', 'Crime']",297181
5804,"Santa Clause 2, The (2002)","['Children', 'Comedy', 'Fantasy', 'Romance']",304669
5808,"Weight of Water, The (2000)",['Thriller'],210382
5809,Femme Fatale (2002),"['Crime', 'Thriller']",280665
5810,8 Mile (2002),['Drama'],298203
5812,Far from Heaven (2002),"['Drama', 'Romance']",297884
5815,Half Past Dead (2002),"['Action', 'Crime', 'Thriller']",297162
5816,Harry Potter and the Chamber of Secrets (2002),"['Adventure', 'Fantasy']",295297
5817,Ararat (2002),"['Drama', 'War']",273435
5818,"Crime of Father Amaro, The (Crimen del padre Amaro, El) (2002)","['Drama', 'Romance']",313196
5820,Standing in the Shadows of Motown (2002),"['Documentary', 'Musical']",314725
5824,Liberty Stands Still (2002),"['Action', 'Drama', 'Thriller']",280870
5825,"Life and Death of Colonel Blimp, The (1943)","['Drama', 'Romance', 'War']",36112
5826,Rio Grande (1950),"['Romance', 'Western']",42895
5827,"Young Americans, The (1993)","['Crime', 'Drama']",108633
5829,Men with Brooms (2002),"['Comedy', 'Drama', 'Romance']",263734
5830,Mysterious Island (1961),"['Adventure', 'Sci-Fi']",55207
5832,Left Behind II: Tribulation Force (2002),['Drama'],283644
5833,Dog Soldiers (2002),"['Action', 'Horror']",280609
5834,Fingers (1978),['Drama'],77549
5836,Houseboat (1958),"['Comedy', 'Romance']",51745
5838,Madame Bovary (1991),['Drama'],102368
5839,My Father's Glory (La gloire de mon père) (1990),"['Adventure', 'Drama']",99669
5840,"My Mother's Castle (Château de ma mère, Le) (1990)","['Comedy', 'Drama']",99266
5841,Return to the Blue Lagoon (1991),"['Adventure', 'Romance']",102782
5843,Toy Soldiers (1991),"['Action', 'Drama']",103112
5847,Ragtime (1981),['Drama'],82970
5852,Saturday the 14th (1981),"['Comedy', 'Horror']",83033
5853,Scanners (1981),"['Horror', 'Sci-Fi', 'Thriller']",81455
5854,Sharky's Machine (1981),"['Crime', 'Drama', 'Romance']",83064
5855,Shock Treatment (1981),"['Comedy', 'Musical', 'Sci-Fi']",83067
5859,Southern Comfort (1981),"['Drama', 'Thriller', 'War']",83111
5864,"Tarzan, the Ape Man (1981)",['Adventure'],83170
5867,Thief (1981),"['Crime', 'Drama', 'Thriller']",83190
5868,This Is Elvis (1981),"['Documentary', 'Drama', 'Musical']",83193
5869,True Confessions (1981),"['Crime', 'Drama']",83232
5872,Die Another Day (2002),"['Action', 'Adventure', 'Thriller']",246460
5873,The Emperor's Club (2002),['Drama'],283530
5874,Friday After Next (2002),['Comedy'],293815
5875,Personal Velocity (2002),['Drama'],295238
5876,"Quiet American, The (2002)","['Drama', 'Thriller', 'War']",258068
5878,Talk to Her (Hable con Ella) (2002),"['Drama', 'Romance']",287467
5879,Eight Crazy Nights (Adam Sandler's Eight Crazy Nights) (2002),"['Animation', 'Comedy', 'Musical']",271263
5881,Solaris (2002),"['Drama', 'Romance', 'Sci-Fi']",307479
5882,Treasure Planet (2002),"['Adventure', 'Animation', 'Children', 'Sci-Fi', 'IMAX']",133240
5883,They (2002),"['Horror', 'Thriller']",283632
5888,Brother (Brat) (1997),"['Crime', 'Drama']",118767
5890,Elling (2001),"['Comedy', 'Drama']",279064
5891,I Spit on Your Grave (Day of the Woman) (1978),"['Horror', 'Thriller']",77713
5893,"Last Seduction, The (1994)","['Crime', 'Drama', 'Thriller']",110308
5896,New Waterford Girl (1999),['Comedy'],213121
5898,"Sword and the Sorcerer, The (1982)","['Action', 'Adventure', 'Fantasy']",84749
5899,Zulu (1964),"['Action', 'Drama', 'War']",58777
5900,Analyze That (2002),"['Comedy', 'Crime']",289848
5901,Empire (2002),"['Crime', 'Drama']",262396
5902,Adaptation (2002),"['Comedy', 'Drama', 'Romance']",268126
5903,Equilibrium (2002),"['Action', 'Sci-Fi', 'Thriller']",238380
5909,Visitor Q (Bizita Q) (2001),"['Comedy', 'Drama', 'Horror']",290329
5911,Urgh! A Music War (1981),['Documentary'],138902
5914,"Vernon, Florida (1981)",['Documentary'],83281
5915,Victory (a.k.a. Escape to Victory) (1981),"['Action', 'Drama', 'War']",83284
5918,Alone in the Dark (1982),['Horror'],83542
5919,Android (1982),['Sci-Fi'],83557
5923,Author! Author! (1982),"['Comedy', 'Drama']",83598
5924,Barbarosa (1982),['Western'],83619
5927,"Best Little Whorehouse in Texas, The (1982)","['Comedy', 'Drama', 'Musical', 'Romance']",83642
5928,"Border, The (1982)",['Drama'],83678
5932,Burden of Dreams (1982),['Documentary'],83702
5933,Cannery Row (1982),['Drama'],83717
5937,Danton (1983),['Drama'],83789
5938,Deathtrap (1982),"['Comedy', 'Crime', 'Mystery', 'Thriller']",83806
5940,Eating Raoul (1982),['Comedy'],83869
5941,Drumline (2002),"['Comedy', 'Drama', 'Musical', 'Romance']",303933
5942,"Hot Chick, The (2002)",['Comedy'],302640
5943,Maid in Manhattan (2002),"['Comedy', 'Romance']",252076
5944,Star Trek: Nemesis (2002),"['Action', 'Drama', 'Sci-Fi', 'Thriller']",253754
5945,About Schmidt (2002),"['Comedy', 'Drama']",257360
5947,Evelyn (2002),['Drama'],298856
5949,Intact (Intacto) (2001),['Thriller'],220580
5951,Morvern Callar (2002),['Drama'],300214
5952,"Lord of the Rings: The Two Towers, The (2002)","['Adventure', 'Fantasy']",167261
5954,25th Hour (2002),"['Crime', 'Drama']",307901
5955,Antwone Fisher (2002),['Drama'],168786
5956,Gangs of New York (2002),"['Crime', 'Drama']",217505
5957,Two Weeks Notice (2002),"['Comedy', 'Romance']",313737
5958,"Wild Thornberrys Movie, The (2002)","['Animation', 'Children', 'Comedy']",282120
5959,Narc (2002),"['Crime', 'Drama', 'Thriller']",272207
5960,Bad Influence (1990),"['Drama', 'Thriller']",99091
5961,Blue Steel (1990),"['Action', 'Thriller']",99160
5962,Body of Evidence (1993),"['Drama', 'Thriller']",106453
5963,"Children's Hour, The (1961)",['Drama'],54743
5964,Company Business (1991),"['Action', 'Comedy']",101606
5965,"Duellists, The (1977)","['Action', 'War']",75968
5968,Miami Blues (1990),"['Comedy', 'Crime', 'Drama']",100143
5969,My Girl 2 (1994),"['Comedy', 'Drama', 'Romance']",110613
5970,My Girl (1991),"['Comedy', 'Drama', 'Romance']",102492
5971,My Neighbor Totoro (Tonari no Totoro) (1988),"['Animation', 'Children', 'Drama', 'Fantasy']",96283
5974,"Thief of Bagdad, The (1940)","['Adventure', 'Fantasy']",33152
5975,War and Peace (1956),"['Drama', 'Romance', 'War']",49934
5977,Where's Poppa? (1970),['Comedy'],66563
5979,Attack of the Crab Monsters (1957),"['Horror', 'Sci-Fi']",50147
5980,Black Christmas (1974),"['Horror', 'Mystery', 'Thriller']",71222
5981,"Day of the Triffids, The (1962)","['Horror', 'Sci-Fi']",55894
5983,Invaders from Mars (1953),['Sci-Fi'],45917
5985,Asoka (Ashoka the Great) (2001),"['Action', 'Drama', 'Romance']",249371
5986,Fat City (1972),['Drama'],68575
5988,Quicksilver (1986),['Drama'],91814
5989,Catch Me If You Can (2002),"['Crime', 'Drama']",264464
5990,Pinocchio (2002),"['Children', 'Comedy', 'Fantasy']",255477
5991,Chicago (2002),"['Comedy', 'Crime', 'Drama', 'Musical']",299658
5992,"Hours, The (2002)","['Drama', 'Romance']",274558
5993,Max (2002),['Drama'],290210
5994,Nicholas Nickleby (2002),"['Drama', 'Romance']",309912
5995,"Pianist, The (2002)","['Drama', 'War']",253474
5998,Doppelganger (1993),"['Horror', 'Thriller']",106753
5999,Heavy Metal 2000 (2000),"['Action', 'Adventure', 'Animation', 'Fantasy', 'Sci-Fi']",119273
6001,"King of Comedy, The (1983)","['Comedy', 'Drama']",85794
6002,Love Liza (2002),['Drama'],282698
6003,Confessions of a Dangerous Mind (2002),"['Comedy', 'Crime', 'Drama', 'Thriller']",290538
6005,Blue Collar Comedy Tour: The Movie (2003),"['Comedy', 'Documentary']",330069
6006,Just Married (2003),"['Comedy', 'Romance']",305711
6008,"Son, The (Le fils) (2002)",['Drama'],291172
6009,"City of Lost Souls, The (Hyôryuu-gai) (2000)","['Crime', 'Drama', 'Thriller']",246498
6011,Wisegirls (2002),"['Crime', 'Drama']",284655
6012,"Guy Thing, A (2003)","['Comedy', 'Romance']",295289
6013,Kangaroo Jack (2003),"['Action', 'Comedy']",257568
6014,National Security (2003),"['Action', 'Comedy']",271668
6016,City of God (Cidade de Deus) (2002),"['Action', 'Adventure', 'Crime', 'Drama', 'Thriller']",317248
6019,Above Suspicion (1995),['Thriller'],109034
6021,"American Friend, The (Amerikanische Freund, Der) (1977)","['Crime', 'Drama', 'Mystery', 'Thriller']",75675
6022,American Me (1992),['Drama'],103671
6023,Band of Outsiders (Bande à part) (1964),"['Comedy', 'Crime', 'Drama', 'Romance']",57869
6025,CB4 - The Movie (1993),['Comedy'],106500
6027,Dogfight (1991),"['Drama', 'Romance']",101748
6031,Imitation of Life (1959),"['Drama', 'Romance']",52918
6032,"Little Romance, A (1979)","['Comedy', 'Romance']",79477
6033,Mystery Date (1991),['Comedy'],102500
6035,Pépé le Moko (1937),"['Crime', 'Drama', 'Romance']",29453
6036,Secret Admirer (1985),"['Comedy', 'Romance']",89981
6037,Summer Lovers (1982),"['Comedy', 'Drama', 'Romance']",84737
6038,Tune in Tomorrow... (1990),"['Comedy', 'Romance']",100822
6039,"Woman in Red, The (1984)","['Comedy', 'Romance']",88414
6040,Darkness Falls (2003),"['Horror', 'Thriller']",282209
6041,Amen. (2002),['Drama'],280653
6042,Blind Spot: Hitler's Secretary (Im toten Winkel - Hitlers Sekretärin) (2002),['Documentary'],311320
6045,Bullet (1996),"['Action', 'Crime', 'Drama']",115781
6047,Dead Reckoning (1947),"['Drama', 'Film-Noir', 'Mystery']",39305
6049,Ethan Frome (1993),['Drama'],106833
6051,"Harder They Come, The (1973)","['Action', 'Crime', 'Drama']",70155
6056,Chaos (2001),"['Comedy', 'Crime', 'Drama']",265116
6057,Biker Boyz (2003),"['Action', 'Crime', 'Drama']",326769
6058,Final Destination 2 (2003),"['Horror', 'Thriller']",309593
6059,"Recruit, The (2003)","['Action', 'Thriller']",292506
6060,"Guru, The (2002)","['Comedy', 'Romance']",280720
6062,Lost in La Mancha (2002),['Documentary'],308514
6063,May (2002),"['Drama', 'Horror']",303361
6064,"Harder They Fall, The (1956)","['Drama', 'Film-Noir']",49291
6065,I'm All Right Jack (1959),['Comedy'],52911
6066,Murder by Decree (1979),"['Mystery', 'Thriller']",79592
6067,Ordinary Decent Criminal (2000),"['Comedy', 'Crime']",160611
6077,Evil Under the Sun (1982),"['Crime', 'Drama', 'Mystery']",83908
6078,Firefox (1982),"['Action', 'Sci-Fi', 'Thriller']",83943
6082,"Grey Fox, The (1982)","['Romance', 'Western']",85622
6084,Honkytonk Man (1982),"['Comedy', 'Drama']",84088
6087,If You Could See What I Hear (1982),"['Comedy', 'Drama', 'Romance']",84117
6092,"Last American Virgin, The (1982)","['Comedy', 'Drama']",84234
6093,"Last Unicorn, The (1982)","['Animation', 'Children', 'Fantasy']",84237
6094,Liquid Sky (1982),"['Comedy', 'Sci-Fi']",85852
6099,Megaforce (1982),"['Action', 'Sci-Fi']",84316
6100,"Midsummer Night's Sex Comedy, A (1982)","['Comedy', 'Romance']",84329
6101,Missing (1982),"['Drama', 'Mystery', 'Thriller']",84335
6102,"Missionary, The (1982)",['Comedy'],83449
6104,Monty Python Live at the Hollywood Bowl (1982),['Comedy'],84352
6105,Moonlighting (1982),['Drama'],84354
6107,"Night of the Shooting Stars (Notte di San Lorenzo, La) (1982)","['Drama', 'War']",84422
6115,Personal Best (1982),['Drama'],84489
6116,"Pirate Movie, The (1982)","['Adventure', 'Comedy', 'Musical']",84504
6120,Q: The Winged Serpent (1982),"['Drama', 'Fantasy', 'Horror', 'Sci-Fi', 'Thriller']",84556
6121,Querelle (1982),['Drama'],84565
6122,Richard Pryor Live on the Sunset Strip (1982),"['Comedy', 'Documentary']",84597
6123,Sunless (Sans Soleil) (1983),['Documentary'],84628
6124,Savannah Smiles (1982),['Comedy'],84633
6125,"Secret Policeman's Other Ball, The (1982)","['Comedy', 'Documentary', 'Musical']",84648
6126,"Veronika Voss (Sehnsucht der Veronika Voss, Die) (1982)",['Drama'],84654
6127,Shoot the Moon (1982),['Drama'],84675
6133,"State of Things, The (Stand der Dinge, Der) (1982)",['Drama'],84725
6140,Tenebre (1982),"['Horror', 'Mystery', 'Thriller']",84777
6141,They Call Me Bruce? (a.k.a. A Fistful of Chopsticks) (1982),['Comedy'],84786
6143,Trail of the Pink Panther (1982),"['Comedy', 'Crime']",84814
6144,"Traviata, La (1982)","['Drama', 'Musical']",84821
6148,White Dog (1982),"['Drama', 'Horror', 'Thriller']",84899
6153,Zapped! (1982),"['Comedy', 'Sci-Fi']",84945
6154,Deliver Us from Eva (2003),"['Comedy', 'Romance']",301181
6155,How to Lose a Guy in 10 Days (2003),"['Comedy', 'Romance']",251127
6156,Shanghai Knights (2003),"['Action', 'Adventure', 'Comedy']",300471
6157,Daredevil (2003),"['Action', 'Crime']",287978
6158,"Jungle Book 2, The (2003)","['Animation', 'Children']",283426
6159,All the Real Girls (2003),"['Drama', 'Romance']",299458
6162,Gerry (2002),"['Adventure', 'Drama']",302674
6163,He Loves Me... He Loves Me Not (À la folie... pas du tout) (2002),"['Romance', 'Thriller']",291579
6166,Dennis the Menace (1993),['Comedy'],106701
6168,10 to Midnight (1983),"['Action', 'Adventure', 'Thriller']",85121
6169,"Black Stallion Returns, The (1983)","['Adventure', 'Children']",85248
6170,"Black Stallion, The (1979)","['Adventure', 'Children', 'Drama']",78872
6173,Into the West (1992),"['Adventure', 'Children']",104522
6176,Mr. Majestyk (1974),"['Action', 'Drama']",71866
6178,"Patch of Blue, A (1965)","['Drama', 'Romance']",59573
6180,Q & A (1990),"['Crime', 'Drama']",100442
6181,"Red Badge of Courage, The (1951)","['Drama', 'War']",43961
6183,Pillow Talk (1959),"['Comedy', 'Musical', 'Romance']",53172
6184,"Man Who Fell to Earth, The (1976)","['Drama', 'Sci-Fi']",74851
6185,Dark Blue (2003),"['Action', 'Crime', 'Drama', 'Thriller']",279331
6186,Gods and Generals (2003),"['Action', 'Drama', 'War']",279111
6187,"Life of David Gale, The (2003)","['Crime', 'Drama', 'Thriller']",289992
6188,Old School (2003),['Comedy'],302886
6192,Open Hearts (Elsker dig for evigt) (2002),['Romance'],315543
6193,Poolhall Junkies (2002),"['Comedy', 'Drama', 'Thriller']",273982
6196,Cradle 2 the Grave (2003),"['Action', 'Crime', 'Drama', 'Thriller']",306685
6197,Spider (2002),"['Drama', 'Mystery']",278731
6198,American Heart (1992),"['Crime', 'Drama']",103670
6201,Lady Jane (1986),"['Drama', 'Romance']",91374
6202,Late Marriage (Hatuna Meuheret) (2001),"['Comedy', 'Drama', 'Romance']",287471
6203,Life Stinks (1991),['Comedy'],102303
6204,"Meteor Man, The (1993)",['Comedy'],107563
6207,"Slaughter Rule, The (2002)",['Drama'],266971
6210,Volcano High (Whasango) (2001),"['Action', 'Comedy']",301429
6211,Ten (2002),['Drama'],301978
6212,Bringing Down the House (2003),['Comedy'],305669
6213,Tears of the Sun (2003),"['Action', 'Drama', 'Thriller']",314353
6214,Irreversible (Irréversible) (2002),"['Crime', 'Drama', 'Mystery', 'Thriller']",290673
6215,Laurel Canyon (2002),['Drama'],298408
6216,Nowhere in Africa (Nirgendwo in Afrika) (2001),['Drama'],161860
6217,"Safety of Objects, The (2001)",['Drama'],256359
6218,Bend It Like Beckham (2002),"['Comedy', 'Drama', 'Romance']",286499
6219,"Hunted, The (2003)","['Action', 'Drama', 'Thriller']",269347
6220,Willard (2003),"['Drama', 'Horror', 'Thriller']",310357
6221,Gaudi Afternoon (2001),"['Comedy', 'Drama', 'Mystery']",235412
6222,Prozac Nation (2001),['Drama'],236640
6223,Spun (2001),"['Comedy', 'Crime', 'Drama']",283003
6225,King of Kings (1961),['Drama'],55047
6226,"Lost Honor of Katharina Blum, The (Verlorene Ehre der Katharina Blum oder: Wie Gewalt entstehen und wohin sie führen kann, Die) (1975)",['Drama'],73858
6228,"Talk of the Town, The (1942)","['Comedy', 'Romance', 'Thriller']",35417
6229,Two-Lane Blacktop (1971),['Drama'],67893
6230,Bang the Drum Slowly (1973),['Drama'],69765
6231,"Benny Goodman Story, The (1955)","['Drama', 'Musical']",47873
6232,Born Free (1966),"['Adventure', 'Children', 'Drama']",60182
6233,Born Yesterday (1993),"['Comedy', 'Romance']",106466
6234,Equus (1977),"['Drama', 'Mystery']",75995
6235,Europa Europa (Hitlerjunge Salomon) (1990),"['Drama', 'War']",99776
6237,"Glenn Miller Story, The (1953)",['Drama'],47030
6238,Green Card (1990),"['Comedy', 'Drama', 'Romance']",99699
6239,Journey to the Center of the Earth (1959),"['Adventure', 'Children', 'Sci-Fi']",52948
6240,One Good Cop (1991),"['Action', 'Crime', 'Drama']",102593
6241,Pauline at the Beach (Pauline à la Plage) (1983),"['Comedy', 'Drama', 'Romance']",86087
6242,Ringu (Ring) (1998),"['Horror', 'Mystery', 'Thriller']",178868
6243,Ringu 2 (Ring 2) (1999),"['Horror', 'Mystery']",218553
6244,Salaam Bombay! (1988),['Drama'],96028
6245,Sweet Charity (1969),"['Comedy', 'Drama', 'Musical', 'Romance']",65054
6247,Women in Love (1969),"['Drama', 'Romance']",66579
6249,Boat Trip (2003),['Comedy'],285462
6250,Dreamcatcher (2003),"['Drama', 'Horror', 'Sci-Fi', 'Thriller']",285531
6251,Piglet's Big Movie (2003),"['Animation', 'Children']",323642
6252,"View from the Top, A (2003)","['Comedy', 'Romance']",264150
6254,"Awful Truth, The (1937)","['Comedy', 'Romance']",28597
6255,"Bible, The (a.k.a. Bible... In the Beginning, The) (1966)",['Drama'],60164
6258,"Dames du Bois de Boulogne, Les (Ladies of the Bois de Boulogne, The) (Ladies of the Park) (1945)","['Drama', 'Romance']",37630
6260,"Robe, The (1953)",['Drama'],46247
6263,Basic (2003),"['Drama', 'Thriller', 'War']",264395
6264,"Core, The (2003)","['Action', 'Drama', 'Sci-Fi', 'Thriller']",298814
6265,Head of State (2003),['Comedy'],325537
6266,What a Girl Wants (2003),"['Comedy', 'Drama', 'Romance']",286788
6267,Assassination Tango (2002),"['Drama', 'Thriller']",283897
6268,Raising Victor Vargas (2002),"['Comedy', 'Drama', 'Romance']",316188
6269,Stevie (2002),['Documentary'],334416
6270,Akira Kurosawa's Dreams (Dreams) (1990),"['Drama', 'Fantasy']",100998
6271,Day for Night (La Nuit Américaine) (1973),"['Comedy', 'Drama', 'Romance']",70460
6273,In a Lonely Place (1950),"['Drama', 'Film-Noir', 'Mystery', 'Romance']",42593
6279,"Good Thief, The (2002)","['Crime', 'Drama']",281820
6280,"Man Apart, A (2003)","['Action', 'Crime', 'Drama', 'Thriller']",266465
6281,Phone Booth (2002),"['Drama', 'Thriller']",183649
6283,Cowboy Bebop: The Movie (Cowboy Bebop: Tengoku no Tobira) (2001),"['Action', 'Animation', 'Sci-Fi', 'Thriller']",275277
6285,Levity (2003),['Drama'],304328
6286,"Man Without a Past, The (Mies vailla menneisyyttä) (2002)","['Comedy', 'Crime', 'Drama']",311519
6287,Anger Management (2003),['Comedy'],305224
6288,Better Luck Tomorrow (2002),"['Crime', 'Drama']",280477
6290,House of 1000 Corpses (2003),['Horror'],251736
6291,Lilya 4-Ever (Lilja 4-ever) (2002),"['Crime', 'Drama']",300140
6294,Bulletproof Monk (2003),"['Action', 'Adventure', 'Sci-Fi']",245803
6295,Chasing Papi (a.k.a. Papi Chulo) (2003),['Comedy'],323572
6296,"Mighty Wind, A (2003)","['Comedy', 'Musical']",310281
6297,Holes (2003),"['Adventure', 'Children', 'Comedy', 'Mystery']",311289
6298,Malibu's Most Wanted (2003),"['Comedy', 'Crime']",328099
6299,"Winged Migration (Peuple migrateur, Le) (2001)",['Documentary'],301727
6300,Flickering Lights (Blinkende lygter) (2000),"['Action', 'Comedy', 'Crime']",236027
6301,Straw Dogs (1971),"['Drama', 'Thriller']",67800
6302,Beginning of the End (1957),['Sci-Fi'],50177
6303,"Andromeda Strain, The (1971)","['Mystery', 'Sci-Fi']",66769
6304,Brainscan (1994),"['Comedy', 'Horror', 'Sci-Fi', 'Thriller']",109327
6305,Fahrenheit 451 (1966),"['Drama', 'Sci-Fi']",60390
6306,I Am Trying to Break Your Heart (2002),['Documentary'],327920
6308,Legal Eagles (1986),"['Comedy', 'Crime', 'Romance']",91396
6311,"Other Side of Heaven, The (2001)","['Adventure', 'Drama']",250371
6312,"Private Function, A (1984)",['Comedy'],89838
6314,Undercover Blues (1993),"['Comedy', 'Crime']",108442
6315,Wildcats (1986),['Comedy'],92214
6316,"Wiz, The (1978)","['Adventure', 'Children', 'Comedy', 'Fantasy', 'Musical']",78504
6318,"Marrying Man, The (Too Hot to Handle) (1991)","['Comedy', 'Romance']",102411
6319,"My Father the Hero (Mon père, ce héros.) (1991)","['Comedy', 'Drama']",102465
6320,Scenes from a Mall (1991),['Comedy'],102849
6322,Confidence (2003),"['Crime', 'Thriller']",310910
6323,Identity (2003),"['Crime', 'Horror', 'Mystery', 'Thriller']",309698
6324,It Runs in the Family (2003),"['Comedy', 'Drama']",311110
6325,"Real Cancun, The (2003)",['Documentary'],360916
6326,City of Ghosts (2002),"['Crime', 'Drama', 'Thriller']",164003
6327,"Decade Under the Influence, A (2003)",['Documentary'],342275
6329,Manic (2001),['Drama'],252684
6330,People I Know (2002),"['Crime', 'Drama']",274711
6331,Spellbound (2002),['Documentary'],334405
6332,"Lizzie McGuire Movie, The (2003)","['Children', 'Comedy', 'Romance']",306841
6333,X2: X-Men United (2003),"['Action', 'Adventure', 'Sci-Fi', 'Thriller']",290334
6334,Blue Car (2002),['Drama'],290145
6335,"Dancer Upstairs, The (2002)","['Crime', 'Drama', 'Thriller']",118926
6337,Owning Mahowny (2003),"['Crime', 'Drama', 'Thriller']",285861
6338,Daddy Day Care (2003),"['Children', 'Comedy']",317303
6339,"Man on the Train (Homme du train, L') (2002)","['Comedy', 'Drama']",301414
6341,"Shape of Things, The (2003)",['Drama'],308878
6344,101 Reykjavik (101 Reykjavík) (2000),"['Comedy', 'Drama', 'Romance']",237993
6345,"Chorus Line, A (1985)","['Comedy', 'Drama', 'Musical']",88915
6346,Absolute Beginners (1986),['Musical'],90585
6347,Beat Street (1984),"['Drama', 'Musical']",86946
6348,Breakin' 2: Electric Boogaloo (1984),['Musical'],86999
6349,Breakin' (1984),"['Drama', 'Musical']",86998
6350,Laputa: Castle in the Sky (Tenkû no shiro Rapyuta) (1986),"['Action', 'Adventure', 'Animation', 'Children', 'Fantasy', 'Sci-Fi']",92067
6351,Hysterical Blindness (2002),['Drama'],290664
6352,Lambada (1990),['Drama'],99969
6356,Gunfight at the O.K. Corral (1957),['Western'],50468
6357,High Society (1956),"['Comedy', 'Musical', 'Romance']",49314
6358,Kiss Me Kate (1953),"['Comedy', 'Musical', 'Romance']",45963
6365,"Matrix Reloaded, The (2003)","['Action', 'Adventure', 'Sci-Fi', 'Thriller', 'IMAX']",234215
6367,Down with Love (2003),"['Comedy', 'Romance']",309530
6368,Cinemania (2002),['Documentary'],281724
6370,"Spanish Apartment, The (L'auberge espagnole) (2002)","['Comedy', 'Drama', 'Romance']",283900
6371,Pokémon Heroes (2003),"['Animation', 'Children']",347791
6373,Bruce Almighty (2003),"['Comedy', 'Drama', 'Fantasy', 'Romance']",315327
6374,"In-Laws, The (2003)",['Comedy'],314786
6375,Gigantic (A Tale of Two Johns) (2002),['Documentary'],304081
6377,Finding Nemo (2003),"['Adventure', 'Animation', 'Children', 'Comedy']",266543
6378,"Italian Job, The (2003)","['Action', 'Crime']",317740
6379,Wrong Turn (2003),"['Horror', 'Thriller']",295700
6380,Capturing the Friedmans (2003),['Documentary'],342172
6382,Together (Han ni Zai Yiki) (2002),['Drama'],332639
6383,"2 Fast 2 Furious (Fast and the Furious 2, The) (2003)","['Action', 'Crime', 'Thriller']",322259
6385,Whale Rider (2002),['Drama'],298228
6386,Nevada Smith (1966),['Western'],60748
6387,Once a Thief (Zong heng si hai) (1991),"['Action', 'Comedy', 'Crime', 'Thriller']",101020
6390,Silk Stockings (1957),['Musical'],50972
6391,Snowball Express (1972),"['Children', 'Comedy']",69291
6392,"Man Called Horse, A (1970)","['Adventure', 'Drama', 'Western']",66049
6394,Big Jake (1971),['Western'],66831
6395,"Crazies, The (a.k.a. Code Name: Trixie) (1973)","['Action', 'Drama', 'Horror', 'Sci-Fi', 'Thriller']",69895
6398,Le Mans (1971),"['Action', 'Adventure']",67334
6400,Murder on a Sunday Morning (Un coupable idéal) (2001),['Documentary'],307197
6401,Rio Lobo (1970),"['Adventure', 'Romance', 'War', 'Western']",66301
6403,"Swimmer, The (1968)",['Drama'],63663
6404,"White Sheik, The (Sceicco bianco, Lo) (1952)","['Comedy', 'Romance']",44000
6405,Treasure Island (1950),"['Adventure', 'Children']",43067
6406,Two Evil Eyes (1990),['Horror'],100827
6407,"Walk, Don't Run (1966)","['Comedy', 'Romance']",61170
6409,Bend of the River (1952),['Western'],44413
6410,Car Wash (1976),['Comedy'],74281
6412,Destry Rides Again (1939),"['Comedy', 'Western']",31225
6413,"Electric Horseman, The (1979)","['Comedy', 'Western']",79100
6416,King Rat (1965),"['Drama', 'War']",59358
6419,Mr. & Mrs. Bridge (1990),['Drama'],100200
6422,Shenandoah (1965),"['Drama', 'War', 'Western']",59711
6423,Straight Talk (1992),['Comedy'],105481
6424,Oscar (1991),"['Comedy', 'Crime', 'Mystery', 'Romance']",102603
6425,"6th Man, The (Sixth Man, The) (1997)",['Comedy'],120142
6426,"Far Country, The (1954)",['Western'],48055
6428,Two Mules for Sister Sara (1970),"['Comedy', 'War', 'Western']",65134
6429,Winchester '73 (1950),['Western'],43137
6430,Ziggy Stardust and the Spiders from Mars (1973),"['Documentary', 'Musical']",86643
6433,"Man with the Movie Camera, The (Chelovek s kino-apparatom) (1929)",['Documentary'],19760
6434,"Objective, Burma! (1945)",['War'],37954
6436,This Boy's Life (1993),['Drama'],108330
6437,13 Rue Madeleine (1947),"['Thriller', 'War']",38279
6440,Barton Fink (1991),"['Drama', 'Thriller']",101410
6441,Battle of Britain (1969),['War'],64072
6442,Belle époque (1992),"['Comedy', 'Romance']",103791
6446,"Comancheros, The (1961)","['Action', 'Adventure', 'Drama', 'Romance']",54757
6448,"Flight of the Phoenix, The (1965)","['Action', 'Adventure', 'Drama']",59183
6450,"Heaven Knows, Mr. Allison (1957)","['Drama', 'War']",50490
6451,"Hot Rock, The (1972)","['Comedy', 'Crime']",68718
6452,"Long, Hot Summer, The (1958)",['Drama'],51878
6453,Man of Aran (1934),['Documentary'],25456
6454,Music Box (1989),['Drama'],100211
6455,North to Alaska (1960),"['Comedy', 'Western']",54127
6457,Sink the Bismark! (1960),"['Action', 'Drama', 'War']",54310
6458,"Blue Max, The (1966)","['Adventure', 'Drama', 'War']",60177
6459,"Desert Fox, The (1951)","['Drama', 'War']",43461
6460,"Trial, The (Procès, Le) (1962)",['Drama'],57427
6461,"Unforgiven, The (1960)","['Drama', 'Western']",54428
6463,Divine Trash (1998),['Documentary'],150338
6464,Good Burger (1997),"['Children', 'Comedy']",119215
6466,Mississippi Masala (1991),"['Drama', 'Romance']",102456
6468,"Stranger Among Us, A (1992)","['Crime', 'Drama', 'Romance']",105483
6469,Cahill U.S. Marshal (Cahill: United States Marshal) (Wednesday Morning) (1973),['Western'],69834
6470,Chisum (1970),['Western'],65547
6476,Shattered (1991),"['Mystery', 'Thriller']",102900
6477,"Song of Bernadette, The (1943)",['Drama'],36377
6478,"Life and Times of Judge Roy Bean, The (1972)","['Comedy', 'Western']",68853
6480,Thoroughly Modern Millie (1967),"['Comedy', 'Musical']",62362
6481,Where the Heart Is (1990),"['Comedy', 'Drama']",100924
6482,Dumb and Dumberer: When Harry Met Lloyd (2003),['Comedy'],329028
6483,From Justin to Kelly (2003),"['Musical', 'Romance']",339034
6484,Hollywood Homicide (2003),"['Action', 'Crime', 'Drama']",329717
6485,Rugrats Go Wild! (2003),"['Adventure', 'Animation', 'Children', 'Comedy']",337711
6488,Jet Lag (Décalage horaire) (2002),"['Comedy', 'Romance']",293116
6493,Alex and Emma (2003),"['Comedy', 'Drama', 'Romance']",318283
6498,Murphy's War (1971),['War'],67458
6502,28 Days Later (2002),"['Action', 'Horror', 'Sci-Fi']",289043
6503,Charlie's Angels: Full Throttle (2003),"['Action', 'Adventure', 'Comedy', 'Crime', 'Thriller']",305357
6505,Ed and His Dead Mother (1993),"['Comedy', 'Horror']",106792
6506,Fulltime Killer (Chuen jik sat sau) (2001),"['Action', 'Thriller']",286635
6508,"Bank, The (2001)",['Thriller'],241223
6509,Ali: Fear Eats the Soul (Angst essen Seele auf) (1974),"['Drama', 'Romance']",71141
6510,"Bodies, Rest & Motion (1993)","['Drama', 'Romance']",106447
6513,Made for Each Other (1939),"['Comedy', 'Drama', 'Romance']",31602
6516,Anastasia (1956),['Drama'],48947
6517,"Babe, The (1992)",['Drama'],103747
6518,Flight of the Intruder (1991),"['Action', 'War']",99587
6519,Fun with Dick and Jane (1977),['Comedy'],76059
6523,Mr. Baseball (1992),"['Comedy', 'Romance']",104926
6524,Never on Sunday (Pote tin Kyriaki) (1960),"['Comedy', 'Drama']",54198
6525,Nuts (1987),['Drama'],93660
6526,Rhapsody in August (Hachi-gatsu no kyôshikyoku) (1991),['Drama'],101991
6527,Scaramouche (1952),"['Adventure', 'Romance']",45125
6530,"Tenant, The (Locataire, Le) (1976)","['Drama', 'Horror', 'Mystery', 'Thriller']",74811
6531,"Hour of the Pig, The (1993)","['Crime', 'Drama', 'Mystery']",107146
6533,"What's Up, Doc? (1972)",['Comedy'],69495
6534,Hulk (2003),"['Action', 'Adventure', 'Sci-Fi']",286716
6535,"Legally Blonde 2: Red, White & Blonde (2003)",['Comedy'],333780
6536,Sinbad: Legend of the Seven Seas (2003),"['Adventure', 'Animation', 'Children', 'Fantasy']",165982
6537,Terminator 3: Rise of the Machines (2003),"['Action', 'Adventure', 'Sci-Fi']",181852
6538,Swimming Pool (2003),"['Drama', 'Mystery', 'Thriller']",324133
6539,Pirates of the Caribbean: The Curse of the Black Pearl (2003),"['Action', 'Adventure', 'Comedy', 'Fantasy']",325980
6541,"League of Extraordinary Gentlemen, The (a.k.a. LXG) (2003)","['Action', 'Fantasy', 'Sci-Fi']",311429
6542,"Cuckoo, The (Kukushka) (2002)","['Comedy', 'Drama', 'War']",308476
6545,I Capture the Castle (2003),"['Drama', 'Romance']",300015
6547,Northfork (2003),"['Drama', 'Fantasy']",322659
6548,Bad Boys II (2003),"['Action', 'Comedy', 'Crime', 'Thriller']",172156
6549,How to Deal (2003),"['Comedy', 'Drama', 'Romance']",319524
6550,Johnny English (2003),"['Action', 'Comedy', 'Thriller']",274166
6552,Dirty Pretty Things (2002),"['Crime', 'Drama', 'Thriller']",301199
6554,Garage Days (2002),"['Comedy', 'Musical']",280696
6558,Curly Sue (1991),"['Comedy', 'Drama']",101635
6559,Little Giants (1994),"['Children', 'Comedy']",110364
6560,Loose Cannons (1990),"['Action', 'Comedy']",100053
6561,"Mouse That Roared, The (1959)","['Comedy', 'War']",53084
6562,Spencer's Mountain (1963),"['Comedy', 'Drama']",57523
6564,Lara Croft Tomb Raider: The Cradle of Life (2003),"['Action', 'Adventure', 'Comedy', 'Romance', 'Thriller']",325703
6565,Seabiscuit (2003),['Drama'],329575
6566,Spy Kids 3-D: Game Over (2003),"['Action', 'Adventure', 'Children']",338459
6567,Buffalo Soldiers (2001),"['Comedy', 'Crime', 'Drama', 'War']",252299
6568,Camp (2003),"['Comedy', 'Musical']",342167
6571,"Mondays in the Sun (Lunes al sol, Los) (2002)",['Drama'],319769
6573,Avanti! (1972),"['Comedy', 'Drama']",68240
6574,Eve of Destruction (1991),"['Action', 'Sci-Fi', 'Thriller']",101831
6575,Gator (1976),"['Action', 'Drama']",74564
6576,Juggernaut (1974),"['Action', 'Thriller']",71706
6577,Kickboxer 2: The Road Back (1991),"['Action', 'Drama']",102202
6578,"Kiss Me, Stupid (1964)",['Comedy'],58265
6579,"One, Two, Three (1961)",['Comedy'],55256
6581,"Private Life of Sherlock Holmes, The (1970)","['Comedy', 'Drama', 'Mystery']",66249
6582,Remo Williams: The Adventure Begins (1985),"['Action', 'Comedy', 'Crime', 'Thriller']",89901
6583,"Blood of Heroes, The (Salute of the Jugger, The) (1989)","['Action', 'Sci-Fi']",94764
6584,"What's Up, Tiger Lily? (1966)","['Adventure', 'Comedy', 'Crime', 'Thriller']",61177
6585,White Lightning (1973),"['Action', 'Crime', 'Drama']",70915
6586,American Wedding (American Pie 3) (2003),['Comedy'],328828
6587,Gigli (2003),"['Comedy', 'Crime', 'Romance']",299930
6591,"Magdalene Sisters, The (2002)",['Drama'],318411
6592,"Secret Lives of Dentists, The (2002)",['Drama'],314630
6593,Freaky Friday (2003),"['Children', 'Comedy', 'Fantasy']",322330
6595,S.W.A.T. (2003),"['Action', 'Thriller']",257076
6596,"Divorce, Le (2003)","['Comedy', 'Drama', 'Romance']",306734
6597,"Princess Blade, The (Shura Yukihime) (2001)","['Action', 'Sci-Fi']",310149
6598,Step Into Liquid (2002),['Documentary'],308508
6599,Accattone (1961),['Drama'],54599
6602,Brain Damage (1988),"['Comedy', 'Horror']",94793
6609,"Gospel According to St. Matthew, The (Vangelo secondo Matteo, Il) (1964)",['Drama'],58715
6611,Umberto D. (1952),['Drama'],45274
6612,Brother's Keeper (1992),['Documentary'],103888
6613,"Day of the Dolphin, The (1973)",['Drama'],69946
6614,I Love You to Death (1990),"['Comedy', 'Crime']",99819
6615,Freddy vs. Jason (2003),"['Action', 'Horror', 'Thriller']",329101
6616,Grind (2003),"['Action', 'Comedy']",338077
6617,Open Range (2003),['Western'],316356
6618,Shaolin Soccer (Siu lam juk kau) (2001),"['Action', 'Comedy']",286112
6619,Uptown Girls (2003),['Comedy'],263757
6620,American Splendor (2003),"['Comedy', 'Drama']",305206
6624,Agent Cody Banks (2003),"['Action', 'Adventure', 'Children', 'Fantasy']",313911
6625,Camp Nowhere (1994),"['Adventure', 'Children', 'Comedy']",109369
6626,"Cemetery Club, The (1993)","['Comedy', 'Drama', 'Romance']",106536
6629,House of Wax (1953),"['Crime', 'Horror', 'Mystery', 'Thriller']",45888
6630,"Inn of the Sixth Happiness, The (1958)","['Adventure', 'Drama']",51776
6631,Man's Best Friend (1993),"['Horror', 'Sci-Fi', 'Thriller']",107504
6635,"Rachel Papers, The (1989)","['Drama', 'Romance']",98160
6636,"Sure Thing, The (1985)","['Comedy', 'Romance']",90103
6638,Valley Girl (1983),"['Comedy', 'Romance']",86525
6639,Wait Until Dark (1967),"['Drama', 'Thriller']",62467
6642,Showdown in Little Tokyo (1991),"['Action', 'Crime']",102915
6643,Tokyo Story (Tôkyô monogatari) (1953),['Drama'],46438
6645,THX 1138 (1971),"['Action', 'Adventure', 'Drama', 'Sci-Fi']",66434
6646,Valley of the Dolls (1967),['Drama'],62430
6650,Kind Hearts and Coronets (1949),"['Comedy', 'Drama']",41546
6651,Ash Wednesday (2002),"['Crime', 'Drama']",280438
6652,Joe Kidd (1972),['Western'],68768
6653,"Keep, The (1983)","['Horror', 'Thriller']",85780
6657,"Beast from 20,000 Fathoms, The (1953)",['Sci-Fi'],45546
6658,10 (1979),"['Comedy', 'Romance']",78721
6659,Tremors (1990),"['Comedy', 'Horror', 'Sci-Fi']",100814
6660,"Red Shoes, The (1948)","['Drama', 'Fantasy', 'Musical', 'Romance']",40725
6662,"Pink Panther, The (1963)","['Comedy', 'Crime']",57413
6663,"Pink Panther Strikes Again, The (1976)","['Comedy', 'Crime']",75066
6664,Commando (1985),"['Action', 'Adventure']",88944
6665,Dracula (1979),"['Horror', 'Romance']",79073
6666,"Discreet Charm of the Bourgeoisie, The (Charme discret de la bourgeoisie, Le) (1972)","['Comedy', 'Drama', 'Fantasy']",68361
6667,Waco: The Rules of Engagement (1997),['Documentary'],120472
6668,"Road Home, The (Wo de fu qin mu qin) (1999)","['Drama', 'Romance']",235060
6669,Ikiru (1952),['Drama'],44741
6670,Comic Book Villains (2002),['Comedy'],287969
6671,"Angel at My Table, An (1990)",['Drama'],99040
6672,War Photographer (2001),"['Documentary', 'War']",309061
6678,"Handmaid's Tale, The (1990)","['Drama', 'Sci-Fi']",99731
6679,Revolution OS (2001),['Documentary'],308808
6683,Fire (1996),['Drama'],116308
6684,Death in Venice (Morte a Venezia) (1971),"['Drama', 'Romance']",67445
6686,"Medallion, The (2003)","['Action', 'Comedy', 'Crime', 'Fantasy']",288045
6687,My Boss's Daughter (2003),"['Comedy', 'Romance']",270980
6690,Don't Tempt Me (Sin noticias de Dios) (2001),"['Comedy', 'Fantasy', 'Mystery']",284491
6695,Jeepers Creepers 2 (2003),"['Horror', 'Thriller']",301470
6696,Bollywood/Hollywood (2002),"['Comedy', 'Drama', 'Musical', 'Romance']",303785
6702,Dickie Roberts: Former Child Star (2003),['Comedy'],325258
6703,"Order, The (2003)","['Horror', 'Mystery', 'Thriller']",304711
6705,Party Monster (2003),"['Comedy', 'Crime', 'Drama', 'Thriller']",320244
6707,Cabin Fever (2002),"['Horror', 'Thriller']",303816
6708,Matchstick Men (2003),"['Comedy', 'Crime', 'Drama']",325805
6709,Once Upon a Time in Mexico (2003),"['Action', 'Adventure', 'Crime', 'Thriller']",285823
6710,Dummy (2002),"['Comedy', 'Drama', 'Romance']",246592
6711,Lost in Translation (2003),"['Comedy', 'Drama', 'Romance']",335266
6713,Millennium Actress (Sennen joyû) (2001),"['Animation', 'Drama', 'Romance']",291350
6718,Gotcha! (1985),['Comedy'],89222
6720,Kuffs (1992),"['Action', 'Comedy', 'Crime']",104647
6721,Once Upon a Time in China (Wong Fei Hung) (1991),"['Action', 'Adventure', 'Drama']",103285
6722,Once Upon a Time in China II (Wong Fei-hung Ji Yi: Naam yi dong ji keung) (1992),"['Action', 'Romance']",105839
6723,Once Upon a Time in China III (Wong Fei-hung tsi sam: Siwong tsangba) (1993),['Action'],108592
6724,Paper Moon (1973),"['Comedy', 'Crime', 'Drama']",70510
6725,Sgt. Pepper's Lonely Hearts Club Band (1978),"['Adventure', 'Musical']",78239
6727,Targets (1968),"['Crime', 'Thriller']",63671
6730,Convoy (1978),"['Action', 'Comedy', 'Drama']",77369
6731,Day of the Dead (1985),"['Horror', 'Sci-Fi', 'Thriller']",88993
6732,"Hello, Dolly! (1969)","['Comedy', 'Musical', 'Romance']",64418
6734,Memoirs of an Invisible Man (1992),"['Comedy', 'Romance', 'Sci-Fi', 'Thriller']",104850
6735,"Rose, The (1979)",['Drama'],79826
6740,Bingo (1991),"['Adventure', 'Comedy']",101455
6741,God told Me To (1976),"['Crime', 'Horror', 'Mystery', 'Sci-Fi', 'Thriller']",75930
6743,Jungle Book (1942),"['Adventure', 'Fantasy']",34928
6744,Once Bitten (1985),"['Comedy', 'Horror']",89730
6747,"Adventures of Huckleberry Finn, The (1960)","['Adventure', 'Children']",53571
6748,"Brood, The (1979)",['Horror'],78908
6749,"Prince and the Pauper, The (1937)","['Adventure', 'Drama']",29440
6750,Anything Else (2003),"['Comedy', 'Drama', 'Romance']",313792
6751,Cold Creek Manor (2003),"['Drama', 'Thriller']",331468
6752,"Fighting Temptations, The (2003)",['Drama'],191133
6753,Secondhand Lions (2003),"['Children', 'Comedy', 'Drama']",327137
6754,Underworld (2003),"['Action', 'Fantasy', 'Horror']",320691
6755,Bubba Ho-tep (2002),"['Comedy', 'Horror']",281686
6756,Casa de los babys (2003),['Drama'],303830
6757,Demonlover (2002),"['Crime', 'Drama', 'Mystery', 'Thriller']",284034
6760,In This World (2002),"['Adventure', 'Drama']",310154
6761,Tibet: Cry of the Snow Lion (2002),['Documentary'],373389
6763,Duplex (2003),"['Comedy', 'Crime']",266489
6764,"Rundown, The (2003)","['Action', 'Adventure', 'Comedy']",327850
6765,Under the Tuscan Sun (2003),"['Comedy', 'Drama', 'Romance']",328589
6768,Luther (2003),['Drama'],309820
6769,Mambo Italiano (2003),['Comedy'],330602
6770,My Life Without Me (2003),"['Drama', 'Romance']",314412
6771,Dorm Daze (National Lampoon Presents Dorm Daze) (2003),['Comedy'],362511
6772,To Be and to Have (Être et avoir) (2002),['Documentary'],318202
6773,"Triplets of Belleville, The (Les triplettes de Belleville) (2003)","['Animation', 'Comedy', 'Fantasy']",286244
6774,Videodrome (1983),"['Fantasy', 'Horror', 'Sci-Fi', 'Thriller']",86541
6775,Life and Debt (2001),['Documentary'],284262
6776,Lagaan: Once Upon a Time in India (2001),"['Comedy', 'Drama', 'Musical', 'Romance']",282674
6777,Judgment at Nuremberg (1961),['Drama'],55031
6779,"Same Time, Next Year (1978)","['Comedy', 'Drama', 'Romance']",78199
6780,"Brief History of Time, A (1991)",['Documentary'],103882
6782,Leningrad Cowboys Go America (1989),"['Comedy', 'Musical']",97728
6783,"Rules of the Game, The (La règle du jeu) (1939)","['Comedy', 'Drama']",31885
6784,"Song Remains the Same, The (1976)","['Documentary', 'Musical']",75244
6785,Seven Brides for Seven Brothers (1954),"['Comedy', 'Musical', 'Romance', 'Western']",47472
6786,Kiss of the Spider Woman (1985),['Drama'],89424
6787,All the President's Men (1976),"['Drama', 'Thriller']",74119
6788,Angie (1994),"['Comedy', 'Drama', 'Romance']",109129
6789,"Apartment, The (Appartement, L') (1996)","['Drama', 'Mystery', 'Romance']",115561
6790,Avalon (2001),"['Drama', 'Fantasy', 'Sci-Fi']",267287
6791,Babette's Feast (Babettes gæstebud) (1987),['Drama'],92603
6793,Beethoven (1992),"['Children', 'Comedy', 'Drama']",103786
6794,Beethoven's 2nd (1993),"['Children', 'Comedy']",106375
6796,Boyz N the Hood (1991),"['Crime', 'Drama']",101507
6797,Bugsy (1991),"['Crime', 'Drama']",101516
6798,Bugsy Malone (1976),"['Children', 'Comedy', 'Crime', 'Musical']",74256
6799,By the Sword (1991),['Drama'],101524
6800,Cobra (1986),"['Action', 'Crime']",90859
6802,Consenting Adults (1992),['Thriller'],104006
6803,Phenomena (a.k.a. Creepers) (1985),"['Horror', 'Mystery', 'Thriller']",87909
6806,Time and Tide (Seunlau Ngaklau) (2000),"['Action', 'Crime', 'Thriller']",251433
6807,Monty Python's The Meaning of Life (1983),['Comedy'],85959
6808,Where Eagles Dare (1968),"['Action', 'Adventure', 'War']",65207
6809,Tightrope (1984),['Thriller'],88272
6810,Sleeping with the Enemy (1991),"['Drama', 'Thriller']",102945
6811,PCU (1994),['Comedy'],110759
6812,"Rookie, The (1990)","['Action', 'Comedy', 'Thriller']",100514
6813,"Ghost and Mr. Chicken, The (1966)","['Comedy', 'Romance']",59221
6814,City Heat (1984),"['Action', 'Comedy']",87062
6815,Into the Night (1985),"['Action', 'Comedy', 'Drama', 'Thriller']",89346
6816,Three O'Clock High (1987),['Comedy'],94138
6817,"White Hunter, Black Heart (1990)","['Adventure', 'Drama']",100928
6818,Come and See (Idi i smotri) (1985),"['Drama', 'War']",91251
6820,Ginger Snaps (2000),"['Drama', 'Horror', 'Thriller']",210070
6825,"Reluctant Astronaut, The (1967)",['Comedy'],62190
6826,"Shakiest Gun in the West, The (1968)","['Comedy', 'Western']",63591
6827,It's Pat (1994),['Comedy'],110169
6829,"Gun in Betty Lou's Handbag, The (1992)","['Comedy', 'Mystery']",104376
6832,Regarding Henry (1991),['Drama'],102768
6839,All I Want (Try Seventeen) (2002),"['Comedy', 'Drama', 'Romance']",311941
6840,"Hospital, The (1971)","['Comedy', 'Drama']",67217
6841,Article 99 (1992),"['Comedy', 'Drama']",101371
6844,Oleanna (1994),['Drama'],110722
6849,Scrooge (1970),"['Drama', 'Fantasy', 'Musical']",66344
6850,Leap of Faith (1992),"['Comedy', 'Drama']",104695
6851,"Gas, Food, Lodging (1992)","['Drama', 'Romance']",104321
6852,In Cold Blood (1967),"['Crime', 'Drama']",61809
6854,"Bedford Incident, The (1965)","['Drama', 'Thriller', 'War']",58962
6855,"Murderous Maids (Blessures assassines, Les) (2000)",['Drama'],216578
6856,Yankee Doodle Dandy (1942),"['Drama', 'Musical']",35575
6857,Ninja Scroll (Jûbei ninpûchô) (1995),"['Action', 'Adventure', 'Animation', 'Fantasy']",107692
6858,Knife in the Water (Nóz w wodzie) (1962),['Drama'],56291
6859,"Devil and Daniel Webster, The (All That Money Can Buy) (1941)","['Drama', 'Fantasy']",33532
6860,Mobsters (1991),"['Crime', 'Drama']",102460
6862,Out of Time (2003),"['Crime', 'Drama', 'Thriller']",313443
6863,School of Rock (2003),"['Comedy', 'Musical']",332379
6864,"Concert for George, The (2003)","['Documentary', 'Musical']",380275
6867,"Station Agent, The (2003)","['Comedy', 'Drama']",340377
6868,Wonderland (2003),"['Crime', 'Drama', 'Mystery', 'Thriller']",335563
6869,Bus 174 (Ônibus 174) (2002),"['Crime', 'Documentary']",340468
6870,Mystic River (2003),"['Crime', 'Drama', 'Mystery']",327056
6871,Good Boy! (2003),"['Children', 'Comedy', 'Sci-Fi']",326900
6872,"House of the Dead, The (2003)","['Action', 'Horror']",317676
6873,Intolerable Cruelty (2003),"['Comedy', 'Romance']",138524
6874,Kill Bill: Vol. 1 (2003),"['Action', 'Crime', 'Thriller']",266697
6879,Runaway Jury (2003),"['Drama', 'Thriller']",313542
6880,"Texas Chainsaw Massacre, The (2003)",['Horror'],324216
6881,Pieces of April (2003),"['Comedy', 'Drama']",311648
6882,Returner (Ritaanaa) (2002),"['Action', 'Adventure', 'Sci-Fi']",339579
6883,Sylvia (2003),"['Drama', 'Romance']",325055
6884,Veronica Guerin (2003),"['Crime', 'Drama', 'Thriller']",312549
6885,In the Cut (2003),"['Crime', 'Drama', 'Mystery', 'Romance', 'Thriller']",199626
6886,Beyond Borders (2003),"['Drama', 'Romance', 'War']",294357
6887,Radio (2003),['Drama'],316465
6888,Scary Movie 3 (2003),"['Comedy', 'Horror']",306047
6889,Brother Bear (2003),"['Adventure', 'Animation', 'Children']",328880
6890,Elephant (2003),['Drama'],363589
6893,"Italian Job, The (1969)","['Action', 'Comedy', 'Crime']",64505
6896,Shoah (1985),"['Documentary', 'War']",90015
6898,Sweet Sixteen (2002),['Drama'],313670
6900,Black Sunday (1977),"['Action', 'Drama', 'Thriller']",75765
6902,Interstate 60 (2002),"['Adventure', 'Comedy', 'Drama', 'Fantasy', 'Mystery', 'Sci-Fi', 'Thriller']",165832
6909,"Eye, The (Gin gwai) (Jian gui) (2002)",['Thriller'],325655
6910,Kronos (a.k.a. Captain Kronos: Vampire Hunter) (1973),['Horror'],71276
6918,"Unvanquished, The (Aparajito) (1957)",['Drama'],48956
6920,"Cercle Rouge, Le (Red Circle, The) (1970)","['Crime', 'Thriller']",65531
6927,"Human Stain, The (2003)","['Drama', 'Romance', 'Thriller']",308383
6932,Shattered Glass (2003),"['Crime', 'Drama']",323944
6934,"Matrix Revolutions, The (2003)","['Action', 'Adventure', 'Sci-Fi', 'Thriller', 'IMAX']",242653
6935,"Revolution Will Not Be Televised, The (a.k.a. Chavez: Inside the Coup) (2003)",['Documentary'],363510
6936,Elf (2003),"['Children', 'Comedy', 'Fantasy']",319343
6942,Love Actually (2003),"['Comedy', 'Drama', 'Romance']",314331
6944,Father of the Bride (1991),['Comedy'],101862
6945,My Architect: A Son's Journey (2003),['Documentary'],373175
6946,Looney Tunes: Back in Action (2003),"['Action', 'Animation', 'Children', 'Fantasy']",318155
6947,Master and Commander: The Far Side of the World (2003),"['Adventure', 'Drama', 'War']",311113
6948,Tupac: Resurrection (2003),['Documentary'],343121
6950,"Missing, The (2003)","['Adventure', 'Thriller', 'Western']",338188
6951,"Cat in the Hat, The (2003)","['Children', 'Comedy']",312528
6952,Gothika (2003),"['Horror', 'Thriller']",348836
6953,21 Grams (2003),"['Crime', 'Drama', 'Mystery', 'Romance', 'Thriller']",315733
6954,"Barbarian Invasions, The (Les invasions barbares) (2003)","['Comedy', 'Crime', 'Drama', 'Mystery', 'Romance']",338135
6957,Bad Santa (2003),"['Comedy', 'Crime']",307987
6958,"Haunted Mansion, The (2003)","['Children', 'Comedy', 'Fantasy', 'Horror']",338094
6959,Timeline (2003),"['Action', 'Adventure', 'Sci-Fi']",300556
6961,Damage (Fatale) (1992),['Drama'],104237
6963,Devil's Playground (2002),['Documentary'],293088
6964,Dance with a Stranger (1985),"['Crime', 'Drama', 'Thriller']",88987
6966,Darkman (1990),"['Action', 'Crime', 'Fantasy', 'Sci-Fi', 'Thriller']",99365
6967,Dead of Night (1945),"['Horror', 'Mystery']",37635
6969,"Dernier Combat, Le (Last Battle, The) (1983)","['Drama', 'Sci-Fi']",85426
6970,Desk Set (1957),"['Comedy', 'Romance']",50307
6971,Europa (Zentropa) (1991),"['Drama', 'Thriller']",101829
6973,Final Analysis (1992),"['Drama', 'Romance', 'Thriller']",104265
6974,"Freshman, The (1990)","['Comedy', 'Crime']",99615
6975,Funny Games (1997),"['Drama', 'Horror', 'Thriller']",119167
6976,Tales from the Crypt (1972),['Horror'],69341
6977,New Jack City (1991),"['Action', 'Crime', 'Drama']",102526
6978,Slacker (1991),"['Comedy', 'Drama']",102943
6979,WarGames (1983),"['Drama', 'Sci-Fi', 'Thriller']",86567
6980,Mr. Hobbs Takes a Vacation (1962),['Comedy'],56255
6982,Forbidden Games (Jeux interdits) (1952),"['Drama', 'War']",43686
6983,Jane Eyre (1944),"['Drama', 'Romance']",36969
6984,"Tale of Two Cities, A (1935)",['Drama'],27075
6985,"Passion of Joan of Arc, The (Passion de Jeanne d'Arc, La) (1928)",['Drama'],19254
6986,Ben-Hur: A Tale of the Christ (1925),"['Adventure', 'Drama']",16641
6987,"Cabinet of Dr. Caligari, The (Cabinet des Dr. Caligari., Das) (1920)","['Crime', 'Fantasy', 'Horror']",10323
6988,Broken Blossoms or The Yellow Man and the Girl (1919),"['Drama', 'Romance']",9968
6989,Gorky Park (1983),"['Crime', 'Drama', 'Thriller']",85615
6990,"Great Train Robbery, The (a.k.a. First Great Train Robbery, The) (1979)","['Action', 'Adventure', 'Comedy', 'Crime', 'Drama']",79240
6991,"Greystoke: The Legend of Tarzan, Lord of the Apes (1984)","['Adventure', 'Drama', 'Romance']",87365
6992,Guarding Tess (1994),"['Comedy', 'Drama']",109951
6993,Hannah and Her Sisters (1986),"['Comedy', 'Drama', 'Romance']",91167
6994,"Hard Way, The (1991)","['Action', 'Comedy']",102004
6995,Hercules in New York (1970),"['Action', 'Comedy', 'Fantasy']",65832
6996,Highlander II: The Quickening (1991),"['Action', 'Sci-Fi']",102034
6997,Hoffa (1992),"['Crime', 'Drama']",104427
6998,House of Cards (1993),['Drama'],107148
6999,Housesitter (1992),"['Comedy', 'Romance']",104452
7000,Hudson Hawk (1991),"['Action', 'Adventure', 'Comedy']",102070
7001,Invasion of the Body Snatchers (1978),"['Horror', 'Mystery', 'Sci-Fi', 'Thriller']",77745
7003,Kafka (1991),"['Comedy', 'Drama', 'Mystery', 'Sci-Fi', 'Thriller']",102181
7004,Kindergarten Cop (1990),"['Action', 'Comedy', 'Crime', 'Thriller']",99938
7005,King Ralph (1991),['Comedy'],102216
7006,Knight Moves (1992),"['Mystery', 'Thriller']",104627
7007,"Last Boy Scout, The (1991)","['Action', 'Comedy', 'Crime', 'Drama', 'Thriller']",102266
7008,Last Tango in Paris (Ultimo tango a Parigi) (1972),"['Drama', 'Romance']",70849
7009,Lorenzo's Oil (1992),['Drama'],104756
7010,"Lover, The (Amant, L') (1992)","['Drama', 'Romance']",101316
7011,"Bullfighter, The (Matador) (1986)","['Comedy', 'Crime', 'Drama']",91495
7012,Mr. Destiny (1990),"['Comedy', 'Fantasy']",100201
7013,"Night of the Hunter, The (1955)","['Drama', 'Film-Noir', 'Thriller']",48424
7014,Nowhere to Run (1993),"['Action', 'Romance']",107711
7015,Only the Lonely (1991),"['Comedy', 'Romance']",102598
7016,Over the Top (1987),"['Action', 'Drama']",93692
7017,Passenger 57 (1992),"['Action', 'Thriller']",105104
7018,Presumed Innocent (1990),"['Crime', 'Drama', 'Thriller']",100404
7019,Project X (1987),"['Comedy', 'Drama']",93793
7020,Proof (1991),"['Comedy', 'Drama', 'Romance']",102721
7021,Pure Luck (1991),"['Comedy', 'Crime']",102729
7022,Battle Royale (Batoru rowaiaru) (2000),"['Action', 'Drama', 'Horror', 'Thriller']",266308
7023,"Wedding Banquet, The (Xi yan) (1993)","['Comedy', 'Drama', 'Romance']",107156
7024,"Salo, or The 120 Days of Sodom (Salò o le 120 giornate di Sodoma) (1976)",['Drama'],73650
7025,"Midnight Clear, A (1992)","['Drama', 'War']",102443
7026,Summer School (1987),['Comedy'],94072
7027,Silverado (1985),"['Action', 'Western']",90022
7028,Quick Change (1990),"['Comedy', 'Crime']",100449
7029,Rabid (1977),"['Horror', 'Thriller']",76590
7030,Radio Flyer (1992),['Drama'],105211
7031,"Real McCoy, The (1993)","['Action', 'Crime', 'Drama', 'Thriller']",107927
7032,Revenge (1990),"['Drama', 'Romance', 'Thriller']",100485
7033,"Secret of My Succe$s, The (a.k.a. The Secret of My Success) (1987)","['Comedy', 'Romance']",93936
7034,Show Me Love (Fucking Åmål) (1998),"['Drama', 'Romance']",150662
7035,Streets of Fire (1984),"['Action', 'Romance']",88194
7036,Teen Wolf (1985),"['Comedy', 'Fantasy']",90142
7037,High Heels (Tacones lejanos) (1991),"['Comedy', 'Drama']",103030
7038,Things You Can Tell Just by Looking at Her (2000),"['Drama', 'Romance']",210358
7039,Thunderheart (1992),"['Crime', 'Mystery', 'Thriller']",105585
7040,To Live and Die in L.A. (1985),"['Action', 'Crime', 'Drama', 'Thriller']",90180
7041,Trapped in Paradise (1994),"['Comedy', 'Crime']",111477
7042,Betty Blue (37°2 le matin) (1986),"['Drama', 'Romance']",90563
7043,Vivre sa vie: Film en douze tableaux (My Life to Live) (1962),['Drama'],56663
7044,Wild at Heart (1990),"['Crime', 'Drama', 'Mystery', 'Romance', 'Thriller']",100935
7045,"Witches, The (1990)","['Children', 'Fantasy']",100944
7046,"Witches of Eastwick, The (1987)","['Comedy', 'Fantasy', 'Horror', 'Thriller']",94332
7047,Year of the Dragon (1985),"['Action', 'Crime', 'Drama']",90350
7048,Nothing to Lose (1997),"['Action', 'Adventure', 'Comedy', 'Crime']",119807
7050,Follow the Fleet (1936),"['Comedy', 'Musical', 'Romance']",27630
7051,"What's New, Pussycat (1965)",['Comedy'],59903
7054,Little Women (1949),['Drama'],41594
7055,Swing Time (1936),"['Comedy', 'Musical', 'Romance']",28333
7056,"Public Enemy, The (1931)","['Action', 'Crime', 'Drama']",22286
7057,"Midsummer Night's Dream, A (1935)","['Comedy', 'Fantasy', 'Romance']",26714
7058,Life with Father (1947),['Comedy'],39566
7059,National Velvet (1944),"['Children', 'Drama']",37120
7060,Jesus Christ Superstar (1973),"['Drama', 'Musical']",70239
7061,Dark Victory (1939),"['Drama', 'Romance']",31210
7062,Birdman of Alcatraz (1962),['Drama'],55798
7063,"Aguirre: The Wrath of God (Aguirre, der Zorn Gottes) (1972)","['Adventure', 'Drama']",68182
7064,Beauty and the Beast (La belle et la bête) (1946),"['Drama', 'Fantasy']",38348
7065,"Birth of a Nation, The (1915)","['Drama', 'War']",4972
7067,Juliet of the Spirits (Giulietta degli spiriti) (1965),"['Comedy', 'Drama', 'Fantasy', 'Romance']",59229
7068,Last Year at Marienbad (L'Année dernière à Marienbad) (1961),"['Drama', 'Mystery', 'Romance']",54632
7069,"Macbeth (a.k.a. Tragedy of Macbeth, The) (1971)",['Drama'],67372
7070,Red River (1948),"['Action', 'Adventure', 'Western']",40724
7071,"Woman Under the Influence, A (1974)",['Drama'],72417
7072,Stagecoach (1939),"['Action', 'Drama', 'Romance', 'Western']",31971
7073,"Shot in the Dark, A (1964)","['Comedy', 'Crime', 'Mystery']",58586
7075,"Court Jester, The (1956)","['Adventure', 'Comedy', 'Musical']",49096
7076,Bullitt (1968),"['Action', 'Crime', 'Drama', 'Thriller']",62765
7078,Jezebel (1938),['Drama'],30287
7079,"Hunchback of Notre Dame, The (1939)",['Drama'],31455
7080,42nd Street (1933),"['Drama', 'Musical', 'Romance']",24034
7082,That Touch of Mink (1962),"['Comedy', 'Romance']",56575
7083,Sweet Dreams (1985),['Drama'],90110
7084,"Play It Again, Sam (1972)","['Comedy', 'Romance']",69097
7085,Send Me No Flowers (1964),"['Comedy', 'Romance']",58571
7086,Pygmalion (1938),"['Comedy', 'Drama']",30637
7087,"Passage to India, A (1984)","['Adventure', 'Drama']",87892
7088,Black Orpheus (Orfeu Negro) (1959),"['Drama', 'Romance']",53146
7089,Amarcord (1973),"['Comedy', 'Drama']",71129
7090,Hero (Ying xiong) (2002),"['Action', 'Adventure', 'Drama']",299977
7091,Horse Feathers (1932),['Comedy'],23027
7092,Anna Karenina (1935),"['Drama', 'Romance']",26071
7093,"Front Page, The (1974)",['Comedy'],71524
7095,Looking for Mr. Goodbar (1977),['Drama'],76327
7096,Rivers and Tides (2001),['Documentary'],307385
7099,Nausicaä of the Valley of the Wind (Kaze no tani no Naushika) (1984),"['Adventure', 'Animation', 'Drama', 'Fantasy', 'Sci-Fi']",87544
7101,Doc Hollywood (1991),"['Comedy', 'Romance']",101745
7102,Dragnet (1987),"['Comedy', 'Crime', 'Drama']",92925
7103,Madhouse (1990),['Comedy'],100087
7104,1941 (1979),"['Comedy', 'War']",78723
7107,Foul Play (1978),"['Comedy', 'Thriller']",77578
7109,Beyond the Clouds (Al di là delle nuvole) (1996),"['Drama', 'Romance']",114086
7115,Deep Red (Profondo rosso) (1975),"['Horror', 'Mystery', 'Thriller']",73582
7116,Diabolique (Les diaboliques) (1955),"['Horror', 'Mystery', 'Thriller']",46911
7117,Leprechaun (1993),"['Comedy', 'Horror']",107387
7118,Wings of Honneamise (Ôritsu uchûgun Oneamisu no tsubasa) (1987),"['Animation', 'Drama', 'Sci-Fi', 'War']",93207
7121,Adam's Rib (1949),"['Comedy', 'Romance']",41090
7122,King of Hearts (1966),"['Comedy', 'Drama', 'War']",60908
7123,Naked Lunch (1991),"['Drama', 'Fantasy', 'Mystery', 'Sci-Fi']",102511
7124,Grass (1999),['Documentary'],214730
7125,Spring Forward (1999),['Drama'],156096
7126,"Killing of a Chinese Bookie, The (1976)","['Comedy', 'Crime', 'Drama', 'Film-Noir', 'Musical']",74749
7128,Things to Come (1936),['Sci-Fi'],28358
7132,"Night at the Opera, A (1935)","['Comedy', 'Musical', 'Romance']",26778
7134,"Element of Crime, The (Forbrydelsens Element) (1984)","['Drama', 'Thriller']",87280
7135,Shoot the Piano Player (Tirez sur le pianiste) (1960),"['Crime', 'Drama', 'Romance', 'Thriller']",54389
7136,Stolen Kisses (Baisers volés) (1968),"['Comedy', 'Drama', 'Romance']",62695
7137,"Cooler, The (2003)","['Comedy', 'Drama', 'Romance']",318374
7139,In America (2002),"['Drama', 'Romance']",298845
7141,My Flesh and Blood (2003),['Documentary'],342804
7142,Honey (2003),"['Drama', 'Romance']",322589
7143,"Last Samurai, The (2003)","['Action', 'Adventure', 'Drama', 'War']",325710
7147,Big Fish (2003),"['Drama', 'Fantasy', 'Romance']",319061
7149,Something's Gotta Give (2003),"['Comedy', 'Drama', 'Romance']",337741
7150,Stuck on You (2003),['Comedy'],338466
7151,Girl with a Pearl Earring (2003),"['Drama', 'Romance']",335119
7153,"Lord of the Rings: The Return of the King, The (2003)","['Action', 'Adventure', 'Drama', 'Fantasy']",167260
7154,Mona Lisa Smile (2003),"['Drama', 'Romance']",304415
7155,Calendar Girls (2003),['Comedy'],337909
7156,"Fog of War: Eleven Lessons from the Life of Robert S. McNamara, The (2003)","['Documentary', 'War']",317910
7157,"Hebrew Hammer, The (2003)",['Comedy'],317640
7158,House of Sand and Fog (2003),['Drama'],315983
7160,Monster (2003),"['Crime', 'Drama']",340855
7161,Cheaper by the Dozen (2003),"['Children', 'Comedy']",349205
7162,Cold Mountain (2003),"['Drama', 'Romance', 'War']",159365
7163,Paycheck (2003),"['Action', 'Sci-Fi', 'Thriller']",338337
7164,Peter Pan (2003),"['Action', 'Adventure', 'Children', 'Fantasy']",316396
7165,"Company, The (2003)","['Drama', 'Musical']",335013
7167,Japanese Story (2003),['Drama'],304229
7169,Chasing Liberty (2004),"['Comedy', 'Romance']",360139
7171,Aileen: Life and Death of a Serial Killer (2003),['Documentary'],364930
7173,Along Came Polly (2004),"['Comedy', 'Romance']",343135
7174,Teacher's Pet (2004),"['Animation', 'Children']",350194
7175,Torque (2004),"['Action', 'Crime']",329691
7177,Osama (2003),['Drama'],368913
7178,"Great Gatsby, The (1974)",['Drama'],71577
7179,Wuthering Heights (1992),"['Drama', 'Romance']",104181
7181,Ship of Fools (1965),['Drama'],59712
7185,Real Men (1987),"['Comedy', 'Sci-Fi']",93828
7186,Once Upon a Crime... (1992),"['Comedy', 'Mystery']",101625
7188,Buster (1988),"['Comedy', 'Crime']",94819
7190,Jane Eyre (1970),['Drama'],65911
7193,"Adventures of Ford Fairlane, The (1990)","['Action', 'Comedy']",98987
7194,Bonjour tristesse (1958),['Drama'],51429
7195,"Enforcer, The (1951)","['Crime', 'Drama', 'Film-Noir']",43503
7198,"Pick-up Artist, The (1987)","['Comedy', 'Romance']",93737
7199,Melvin Goes to Dinner (2003),"['Comedy', 'Drama']",323633
7201,Crime Spree (2003),"['Comedy', 'Crime']",310924
7202,Beyond Re-Animator (2003),['Horror'],222812
7205,"Wind and the Lion, The (1975)",['Adventure'],73906
7206,Mon Oncle (My Uncle) (1958),['Comedy'],50706
7208,Dr. Jekyll and Mr. Hyde (1941),"['Drama', 'Horror']",33553
7209,"M. Hulot’s Holiday (Mr. Hulot's Holiday) (Vacances de Monsieur Hulot, Les) (1953)",['Comedy'],46487
7210,My Darling Clementine (1946),['Western'],38762
7212,I Was a Male War Bride (1949),"['Comedy', 'Romance']",41498
7215,To Have and Have Not (1944),"['Adventure', 'Drama', 'Romance', 'Thriller', 'War']",37382
7216,High Sierra (1941),"['Crime', 'Drama', 'Film-Noir', 'Thriller']",33717
7217,Dark Passage (1947),"['Crime', 'Drama', 'Film-Noir', 'Romance', 'Thriller']",39302
7218,"Ox-Bow Incident, The (1943)","['Drama', 'Western']",36244
7219,They Drive by Night (1940),['Drama'],33149
7222,Reefer Madness (a.k.a. Tell Your Children) (1938),"['Comedy', 'Drama']",28346
7223,D.O.A. (1950),"['Drama', 'Film-Noir', 'Mystery']",42369
7225,Pumping Iron (1977),['Documentary'],76578
7227,"Trouble with Angels, The (1966)",['Comedy'],61122
7228,Cool World (1992),"['Animation', 'Comedy', 'Fantasy']",104009
7229,Money for Nothing (1993),"['Comedy', 'Crime']",107594
7234,"Strada, La (1954)",['Drama'],47528
7235,Ichi the Killer (Koroshiya 1) (2001),"['Action', 'Comedy', 'Crime', 'Drama', 'Horror', 'Thriller']",296042
7236,"Boy and His Dog, A (1975)",['Sci-Fi'],72730
7238,Ashes and Diamonds (Popiól i diament) (1958),"['Drama', 'War']",52080
7239,Marooned (1969),"['Drama', 'Sci-Fi']",64639
7241,Kanal (1957),"['Drama', 'War']",50585
7243,Intolerance: Love's Struggle Throughout the Ages (1916),['Drama'],6864
7247,Chitty Chitty Bang Bang (1968),"['Adventure', 'Children', 'Comedy', 'Fantasy', 'Musical']",62803
7249,Plaza Suite (1971),['Comedy'],67589
7250,"Out of Towners, The (1970)",['Comedy'],66193
7251,Where the Day Takes You (1992),['Drama'],105810
7252,"Three Stooges in Orbit, The (1962)","['Comedy', 'Sci-Fi']",56580
7254,The Butterfly Effect (2004),"['Drama', 'Sci-Fi', 'Thriller']",289879
7255,Win a Date with Tad Hamilton! (2004),"['Comedy', 'Romance']",335559
7256,Touching the Void (2003),"['Adventure', 'Documentary']",379557
7257,"Big Bounce, The (2004)","['Comedy', 'Crime', 'Thriller']",315824
7258,"Perfect Score, The (2004)","['Comedy', 'Crime']",314498
7259,You Got Served (2004),"['Drama', 'Musical']",365957
7260,Latter Days (2003),"['Comedy', 'Drama', 'Romance']",345551
7261,Barbershop 2: Back in Business (2004),['Comedy'],337579
7262,Catch That Kid (2004),"['Action', 'Adventure', 'Children', 'Comedy', 'Crime']",337917
7263,Miracle (2004),['Drama'],349825
7265,"Dreamers, The (2003)",['Drama'],309987
7266,"Lost Skeleton of Cadavra, The (2002)","['Comedy', 'Horror', 'Sci-Fi']",307109
7270,Sleep with Me (1994),"['Comedy', 'Drama', 'Romance']",111218
7272,Super Fly (Superfly) (1972),"['Action', 'Crime', 'Drama']",69332
7283,Swing Shift (1984),['Drama'],88213
7284,Trespass (1992),"['Action', 'Crime', 'Thriller']",105636
7285,Thirteen (2003),['Drama'],328538
7286,Simple Men (1992),"['Comedy', 'Drama']",105411
7292,Best Defense (1984),"['Comedy', 'War']",86955
7293,50 First Dates (2004),"['Comedy', 'Romance']",343660
7294,Welcome to Mooseport (2004),['Comedy'],361925
7297,Kitchen Stories (Salmer fra kjøkkenet) (2003),"['Comedy', 'Drama']",323872
7299,Monsieur Ibrahim (Monsieur Ibrahim et les fleurs du Coran) (2003),['Drama'],329388
7300,Vanishing Point (1971),"['Action', 'Drama']",67927
7301,Diary of a Country Priest (Journal d'un curé de campagne) (1951),['Drama'],42619
7302,"Thief of Bagdad, The (1924)","['Action', 'Adventure', 'Fantasy']",15400
7303,"Diary of Anne Frank, The (1959)","['Drama', 'War']",52738
7304,Allegro non troppo (1977),"['Animation', 'Comedy', 'Fantasy', 'Musical']",74121
7305,Black Widow (1987),"['Crime', 'Drama', 'Mystery', 'Thriller']",90738
7307,Flesh & Blood (1985),"['Action', 'Adventure', 'Drama', 'War']",89153
7308,King Solomon's Mines (1985),"['Adventure', 'Comedy']",89421
7310,Raw Deal (1986),['Action'],91828
7311,"Goodbye, Mr. Chips (1939)","['Drama', 'Romance']",31385
7313,Fire Birds (1990),"['Action', 'Adventure']",99575
7315,Against the Ropes (2004),"['Comedy', 'Drama']",312329
7316,Confessions of a Teenage Drama Queen (2004),['Comedy'],361467
7317,EuroTrip (2004),"['Adventure', 'Comedy']",356150
7318,"Passion of the Christ, The (2004)",['Drama'],335345
7319,Club Dread (2004),"['Comedy', 'Horror']",331953
7320,Dirty Dancing: Havana Nights (2004),['Romance'],338096
7321,Twisted (2004),['Thriller'],315297
7323,"Good bye, Lenin! (2003)","['Comedy', 'Drama']",301357
7324,Hidalgo (2004),"['Adventure', 'Drama']",317648
7325,Starsky & Hutch (2004),"['Action', 'Comedy', 'Crime', 'Thriller']",335438
7326,"Reckoning, The (2004)","['Crime', 'Drama']",258816
7327,Persona (1966),['Drama'],60827
7333,"Corbeau, Le (Raven, The) (1943)","['Crime', 'Drama', 'Thriller']",35753
7334,"Front, The (1976)","['Comedy', 'Drama']",74554
7335,Pickup on South Street (1953),['Film-Noir'],46187
7338,Richard III (1955),"['Drama', 'War']",49674
7340,Just One of the Guys (1985),['Comedy'],89393
7341,The Chase (1966),"['Crime', 'Drama', 'Thriller']",60232
7345,Agent Cody Banks 2: Destination London (2004),"['Action', 'Adventure', 'Children', 'Comedy']",358349
7346,"Girl Next Door, The (2004)","['Comedy', 'Romance']",265208
7347,Secret Window (2004),"['Mystery', 'Thriller']",363988
7348,Spartan (2004),['Thriller'],360009
7349,Broken Wings (Knafayim Shvurot) (2002),['Drama'],317842
7352,Wilbur Wants to Kill Himself (2002),"['Comedy', 'Drama', 'Romance']",329767
7353,Clifford (1994),['Comedy'],109447
7354,Mad Dog and Glory (1993),"['Comedy', 'Drama', 'Romance']",107473
7355,Mr. Toad's Wild Ride (a.k.a. The Wind in the Willows) (1996),"['Adventure', 'Animation', 'Comedy']",118172
7360,Dawn of the Dead (2004),"['Action', 'Drama', 'Horror', 'Thriller']",363547
7361,Eternal Sunshine of the Spotless Mind (2004),"['Drama', 'Romance', 'Sci-Fi']",338013
7362,Taking Lives (2004),"['Crime', 'Drama', 'Thriller']",364045
7364,Intermission (2003),"['Comedy', 'Crime', 'Drama']",332658
7365,Noi the Albino (Nói albinói) (2003),['Drama'],351461
7366,Jersey Girl (2004),"['Comedy', 'Drama', 'Romance']",300051
7367,"Ladykillers, The (2004)","['Comedy', 'Crime']",335245
7369,Scooby-Doo 2: Monsters Unleashed (2004),"['Action', 'Adventure', 'Children', 'Comedy', 'Mystery']",331632
7371,Dogville (2003),"['Drama', 'Mystery', 'Thriller']",276919
7372,Ned Kelly (2003),['Drama'],277941
7373,Hellboy (2004),"['Action', 'Adventure', 'Fantasy', 'Horror']",167190
7374,Home on the Range (2004),"['Animation', 'Children', 'Comedy', 'Musical', 'Western']",299172
7375,"Prince & Me, The (2004)","['Comedy', 'Romance']",337697
7376,Walking Tall (2004),['Action'],351977
7377,"United States of Leland, The (2003)","['Crime', 'Drama']",301976
7378,Johnson Family Vacation (2004),['Comedy'],359517
7379,"Alamo, The (2004)","['Drama', 'War', 'Western']",318974
7380,Ella Enchanted (2004),"['Comedy', 'Fantasy', 'Romance']",327679
7381,"Whole Ten Yards, The (2004)","['Action', 'Comedy', 'Crime']",327247
7382,I'm Not Scared (Io non ho paura) (2003),"['Drama', 'Mystery', 'Thriller']",326977
7383,Shade (2003),"['Crime', 'Drama', 'Thriller']",323939
7384,Since Otar Left (Depuis qu'Otar est parti...) (2003),['Drama'],336264
7386,"Ten Commandments, The (1956)","['Adventure', 'Drama']",49833
7387,Dawn of the Dead (1978),"['Action', 'Drama', 'Horror']",77402
7389,One Million Years B.C. (1966),"['Adventure', 'Fantasy']",60782
7391,"Mother, Jugs & Speed (1976)",['Comedy'],74923
7392,Bandolero! (1968),['Western'],62708
7394,Those Magnificent Men in Their Flying Machines (1965),"['Action', 'Adventure', 'Comedy']",59797
7395,Cheaper by the Dozen (1950),"['Comedy', 'Drama']",42327
7396,Scenes From a Marriage (Scener ur ett äktenskap) (1973),['Drama'],70644
7405,Road to Bali (1952),"['Comedy', 'Musical']",45094
7406,"Flying Deuces, The (1939)",['Comedy'],31322
7410,"Osterman Weekend, The (1983)","['Action', 'Thriller']",86058
7414,Going in Style (1979),"['Comedy', 'Drama']",79219
7415,"Late Show, The (1977)","['Comedy', 'Crime', 'Drama', 'Mystery']",76301
7416,"Sunshine Boys, The (1975)",['Comedy'],73766
7417,Jersey Girl (1992),"['Comedy', 'Romance']",104550
7419,After Hours (1985),"['Comedy', 'Thriller']",88680
7437,Connie and Carla (2004),['Comedy'],345074
7438,Kill Bill: Vol. 2 (2004),"['Action', 'Drama', 'Thriller']",378194
7439,"Punisher, The (2004)","['Action', 'Crime', 'Thriller']",330793
7440,Paper Clips (2004),['Documentary'],380615
7444,13 Going on 30 (2004),"['Comedy', 'Fantasy', 'Romance']",337563
7445,Man on Fire (2004),"['Action', 'Crime', 'Drama', 'Mystery', 'Thriller']",328107
7448,Envy (2004),['Comedy'],326856
7449,Godsend (2004),"['Drama', 'Horror', 'Thriller']",335121
7450,Laws of Attraction (2004),"['Comedy', 'Romance']",323033
7451,Mean Girls (2004),['Comedy'],377092
7453,New York Minute (2004),"['Action', 'Adventure', 'Comedy']",363282
7454,Van Helsing (2004),"['Action', 'Adventure', 'Fantasy', 'Horror']",338526
7456,Valentin (Valentín) (2002),['Drama'],296915
7458,Troy (2004),"['Action', 'Adventure', 'Drama', 'War']",332452
7459,Carandiru (2003),"['Crime', 'Drama']",293007
7460,Coffee and Cigarettes (2003),"['Comedy', 'Drama']",379217
7474,"Boys in the Band, The (1970)",['Drama'],65488
7475,Raid (2003),"['Action', 'Crime', 'Drama', 'Thriller']",330802
7478,Swimming to Cambodia (1987),['Drama'],94089
7481,Enemy Mine (1985),"['Adventure', 'Drama', 'Sci-Fi']",89092
7482,Enter the Dragon (1973),"['Action', 'Crime']",70034
7484,Gimme Shelter (1970),['Documentary'],65780
7485,Good Morning (Ohayô) (1959),['Comedy'],53134
7486,Happy Together (a.k.a. Buenos Aires Affair) (Chun gwong cha sit) (1997),"['Drama', 'Romance']",118845
7487,Henry & June (1990),['Drama'],99762
7489,"Nasty Girl, The (schreckliche Mädchen, Das) (1990)","['Comedy', 'Drama']",100557
7492,Martin (1977),"['Drama', 'Horror']",77914
7493,"Three Faces of Eve, The (1957)",['Drama'],51077
7502,Band of Brothers (2001),"['Action', 'Drama', 'War']",185906
7505,"Kingdom, The (Riget) (1994)","['Drama', 'Horror', 'Mystery']",108906
7523,Desperate Hours (1990),"['Crime', 'Drama', 'Thriller']",99409
7541,100 Girls (2000),"['Comedy', 'Romance']",214388
7560,Fail-Safe (1964),"['Drama', 'Thriller', 'War']",58083
7562,Dobermann (1997),"['Action', 'Crime']",118996
7564,Kwaidan (Kaidan) (1964),['Horror'],58279
7566,28 Up (1985),['Documentary'],88650
7569,You Only Live Twice (1967),"['Action', 'Adventure', 'Sci-Fi', 'Thriller']",62512
7570,Octopussy (1983),"['Action', 'Adventure', 'Thriller']",86034
7571,"Blue Gardenia, The (1953)","['Crime', 'Drama', 'Film-Noir', 'Thriller']",45564
7572,Wit (2001),['Drama'],243664
7573,Never Say Never Again (1983),"['Action', 'Adventure', 'Thriller']",86006
7577,"Magic Flute, The (Trollflöjten) (1975)","['Comedy', 'Fantasy', 'Musical', 'Romance']",73822
7578,Midnight (1939),"['Comedy', 'Romance']",31647
7579,Pride and Prejudice (1940),"['Comedy', 'Drama', 'Romance']",32943
7580,"Man in the Gray Flannel Suit, The (1956)",['Drama'],49474
7581,"Fountainhead, The (1949)",['Drama'],41386
7584,Woman of the Year (1942),"['Comedy', 'Romance']",35567
7585,Summertime (1955),"['Drama', 'Romance']",48673
7586,Soldier of Orange (a.k.a. Survival Run) (Soldaat van Oranje) (1977),"['Drama', 'Thriller', 'War']",76734
7587,"Samouraï, Le (Godson, The) (1967)","['Crime', 'Drama', 'Thriller']",62229
7613,White Palace (1990),['Drama'],103251
7614,Oklahoma! (1955),"['Musical', 'Romance', 'Western']",48445
7615,Desert Hearts (1985),['Drama'],89015
7616,Body Double (1984),"['Mystery', 'Thriller']",86984
7617,Rooster Cogburn (1975),"['Comedy', 'Western']",73636
7618,Chaplin (1992),['Drama'],103939
7619,"Miracle Worker, The (1962)",['Drama'],56241
7620,Monster in a Box (1992),"['Comedy', 'Drama']",102467
7624,School Ties (1992),['Drama'],105327
7626,Switch (1991),"['Comedy', 'Crime', 'Fantasy']",103016
7636,Raising Cain (1992),"['Horror', 'Thriller']",105217
7637,Irma Vep (1996),"['Comedy', 'Drama']",116650
7638,Buck Privates (1941),"['Comedy', 'Musical']",33436
7646,Rose Red (2002),"['Horror', 'Mystery', 'Thriller']",259153
7647,Noises Off... (1992),['Comedy'],105017
7649,Babylon 5: In the Beginning (1998),"['Adventure', 'Sci-Fi']",120711
7650,"Witchfinder General (Conquerer Worm, The) (1968)",['Horror'],63285
7657,Versus (2000),"['Action', 'Comedy', 'Fantasy', 'Horror']",275773
7669,Pride and Prejudice (1995),"['Drama', 'Romance']",112130
7675,"Canterville Ghost, The (1944)","['Comedy', 'Fantasy']",36696
7698,"China Syndrome, The (1979)","['Drama', 'Thriller']",78966
7700,"Wages of Fear, The (Salaire de la peur, Le) (1953)","['Action', 'Adventure', 'Drama', 'Thriller']",46268
7701,Look Who's Talking Too (1990),"['Comedy', 'Romance']",100050
7702,"Bells of St. Mary's, The (1945)",['Drama'],37536
7704,"Delta Force, The (1986)",['Action'],90927
7705,Pat and Mike (1952),"['Comedy', 'Romance']",45012
7706,Animal Crackers (1930),"['Comedy', 'Musical']",20640
7707,"He Said, She Said (1991)","['Comedy', 'Drama', 'Romance']",102011
7708,Bedazzled (1967),"['Comedy', 'Fantasy']",61391
7713,Cat People (1942),"['Drama', 'Horror', 'Romance', 'Thriller']",34587
7714,Camelot (1967),"['Drama', 'Musical', 'Romance']",61439
7716,"Lonely Guy, The (1984)",['Comedy'],87635
7720,"Four Musketeers, The (1974)","['Action', 'Adventure', 'Comedy', 'Romance']",73012
7725,On Deadly Ground (1994),"['Action', 'Adventure', 'Thriller']",110725
7728,"Postman Always Rings Twice, The (1946)","['Crime', 'Drama', 'Film-Noir', 'Thriller']",38854
7730,Matinee (1993),"['Comedy', 'Drama']",107529
7742,Baxter (1989),"['Drama', 'Horror']",94713
7743,Explorers (1985),"['Adventure', 'Children', 'Sci-Fi']",89114
7745,"Scent of Green Papaya, The (Mùi du du xhan - L'odeur de la papaye verte) (1993)",['Drama'],107617
7748,Pierrot le fou (1965),"['Crime', 'Drama']",59592
7749,Weekend (a.k.a. Le Week-end) (Week End) (1967),['Drama'],62480
7753,Tuesdays with Morrie (1999),['Drama'],207805
7756,Alexander Nevsky (Aleksandr Nevskiy) (1938),"['Action', 'Drama', 'War']",29850
7757,Jason and the Argonauts (1963),"['Action', 'Adventure', 'Fantasy']",57197
7759,Nostalghia (1983),['Drama'],86022
7762,"Tinker, Tailor, Soldier, Spy (1979)","['Drama', 'Thriller']",80297
7763,Winter Sleepers (Winterschläfer) (2000),"['Drama', 'Romance']",120522
7766,Throne of Blood (Kumonosu jô) (1957),"['Action', 'Drama', 'Thriller', 'War']",50613
7767,"Best of Youth, The (La meglio gioventù) (2003)",['Drama'],346336
7769,Legend of the Village Warriors (Bangrajan) (2000),"['Action', 'Drama', 'War']",284880
7771,Zorba the Greek (Alexis Zorbas) (1964),"['Adventure', 'Drama']",57831
7773,"Bang, Bang, You're Dead (2002)",['Drama'],288439
7775,"Thin Blue Lie, The (2000)",['Drama'],223384
7781,Twister (1990),['Comedy'],96321
7782,Sniper (1993),"['Action', 'Drama']",108171
7786,Genghis Blues (1999),['Documentary'],187859
7787,To Hell and Back (1955),"['Action', 'Drama', 'War']",48729
7790,"Bon Voyage, Charlie Brown (and Don't Come Back!) (1980)","['Animation', 'Children', 'Comedy']",80461
7791,Internal Affairs (1990),"['Crime', 'Thriller']",99850
7792,"Parallax View, The (1974)",['Thriller'],71970
7802,"Warriors, The (1979)","['Action', 'Adventure', 'Crime', 'Thriller']",80120
7809,Ambush (Rukajärven tie) (1999),"['Drama', 'Romance', 'War']",162625
7810,Babylon 5: A Call to Arms (1999),"['Adventure', 'Sci-Fi']",146455
7811,Babylon 5: The River of Souls (1998),"['Drama', 'Sci-Fi']",146247
7812,Babylon 5: Thirdspace (1998),"['Drama', 'Sci-Fi']",121804
7815,True Stories (1986),"['Comedy', 'Musical']",92117
7817,Zardoz (1974),"['Fantasy', 'Sci-Fi']",70948
7820,"Virgin Spring, The (Jungfrukällan) (1960)","['Crime', 'Drama']",53976
7826,"Secret Life of Walter Mitty, The (1947)","['Comedy', 'Romance', 'Thriller']",39808
7827,Cypher (2002),"['Action', 'Sci-Fi', 'Thriller']",284978
7831,Another Thin Man (1939),"['Comedy', 'Crime', 'Drama', 'Mystery', 'Romance']",31047
7832,"Thin Man Goes Home, The (1945)","['Comedy', 'Crime', 'Mystery']",37365
7833,Shadow of the Thin Man (1941),"['Comedy', 'Crime', 'Mystery']",34172
7834,After the Thin Man (1936),"['Comedy', 'Crime', 'Mystery', 'Romance']",27260
7835,Song of the Thin Man (1947),"['Comedy', 'Crime', 'Drama', 'Musical', 'Mystery', 'Romance']",39853
7836,Woodstock (1970),"['Documentary', 'Musical']",66580
7840,Gunga Din (1939),"['Adventure', 'Comedy', 'War']",31398
7841,Children of Dune (2003),"['Fantasy', 'Sci-Fi']",287839
7842,Dune (2000),"['Drama', 'Fantasy', 'Sci-Fi']",142032
7844,"Legend, The (Legend of Fong Sai-Yuk, The) (Fong Sai Yuk) (1993)","['Action', 'Comedy']",106936
7845,Tremors II: Aftershocks (1996),"['Comedy', 'Horror', 'Sci-Fi']",114720
7846,Tremors 3: Back to Perfection (2001),"['Comedy', 'Horror', 'Sci-Fi']",259685
7847,"Peanut Butter Solution, The (1985)","['Children', 'Fantasy']",89789
7878,Straight to Hell (1987),"['Comedy', 'Crime', 'Western']",94048
7879,Notorious C.H.O. (2002),['Comedy'],300274
7881,White Zombie (1932),['Horror'],23694
7883,I Walked with a Zombie (1943),"['Drama', 'Horror']",36027
7888,How to Succeed in Business Without Really Trying (1967),"['Comedy', 'Musical']",61791
7889,Pat Garrett and Billy the Kid (1973),['Western'],70518
7890,The Left Handed Gun (1958),"['Crime', 'Drama', 'Western']",51849
7891,"Last Man on Earth, The (Ultimo uomo della Terra, L') (1964)","['Drama', 'Horror', 'Sci-Fi']",58700
7892,"Street Fighter, The (Gekitotsu! Satsujin ken) (1974)",['Action'],73756
7893,Return of the Street Fighter (Satsujin ken 2) (1974),"['Action', 'Crime', 'Drama']",73623
7894,"Duck, You Sucker (a.k.a. Fistful of Dynamite, A) (Giù la testa) (1971)","['Action', 'Adventure', 'War', 'Western']",67140
7895,Bring Me the Head of Alfredo Garcia (1974),"['Crime', 'Drama', 'Thriller']",71249
7896,Ride the High Country (1962),"['Adventure', 'Drama', 'Western']",56412
7897,"Ballad of Cable Hogue, The (1970)","['Comedy', 'Western']",65446
7898,Junior Bonner (1972),"['Comedy', 'Drama', 'Western']",68786
7899,Master of the Flying Guillotine (Du bi quan wang da po xue di zi) (1975),['Action'],72913
7915,Samurai Fiction (SF: Episode One) (1998),"['Action', 'Adventure', 'Comedy']",170544
7916,Gidget (1959),['Comedy'],52847
7918,"Indian Runner, The (1991)",['Drama'],102116
7919,Drunken Angel (Yoidore tenshi) (1948),"['Drama', 'Film-Noir']",40979
7920,Desperate Living (1977),"['Comedy', 'Crime']",75936
7923,Rolling Thunder (1977),"['Action', 'Drama']",76637
7924,Stray Dog (Nora inu) (1949),"['Drama', 'Film-Noir', 'Thriller']",41699
7925,"Hidden Fortress, The (Kakushi-toride no san-akunin) (1958)","['Action', 'Adventure']",51808
7926,High and Low (Tengoku to jigoku) (1963),"['Crime', 'Drama', 'Film-Noir', 'Thriller']",57565
7930,"People Under the Stairs, The (1991)","['Horror', 'Mystery', 'Thriller']",105121
7932,Dark Days (2000),['Documentary'],235327
7933,"Night in Casablanca, A (1946)",['Comedy'],38777
7934,Zelig (1983),['Comedy'],86637
7936,Shame (Skammen) (1968),"['Drama', 'War']",63611
7937,"Silence, The (Tystnaden) (1963)",['Drama'],57611
7938,Winter Light (Nattvardsgästerna) (1963),['Drama'],57358
7939,Through a Glass Darkly (Såsom i en spegel) (1961),['Drama'],55499
7940,"Magician, The (Ansiktet) (1958)",['Drama'],51365
7941,Smiles of a Summer Night (Sommarnattens leende) (1955),"['Comedy', 'Romance']",48641
7942,Summer with Monika (Sommaren med Monika) (1953),"['Drama', 'Romance']",46345
7943,"Killers, The (1946)","['Crime', 'Film-Noir']",38669
7944,"Night of the Iguana, The (1964)","['Drama', 'Thriller']",58404
7949,"Yakuza, The (1975)",['Drama'],73918
7951,Nightbreed (1990),"['Fantasy', 'Horror']",100260
7976,Ken Park (2002),['Drama'],209077
7979,Monterey Pop (1968),"['Documentary', 'Musical']",64689
7980,"Bridge Too Far, A (1977)","['Action', 'Drama', 'War']",75784
7981,Infernal Affairs (Mou gaan dou) (2002),"['Crime', 'Drama', 'Thriller']",338564
7982,"Tale of Two Sisters, A (Janghwa, Hongryeon) (2003)","['Drama', 'Horror', 'Mystery', 'Thriller']",365376
7983,Broadway Danny Rose (1984),['Comedy'],87003
7984,From Beyond (1986),"['Horror', 'Sci-Fi']",91083
7986,Robot Jox (1990),['Sci-Fi'],102800
7988,Space Truckers (1996),"['Comedy', 'Sci-Fi']",120199
7990,Rock 'N' Roll High School (1979),"['Comedy', 'Musical']",79813
7991,Death Race 2000 (1975),"['Action', 'Sci-Fi']",72856
7993,"Bucket Of Blood, A (1959)","['Comedy', 'Horror']",52655
8003,Bedlam (1946),"['Drama', 'Horror']",38343
8004,Planet of the Vampires (Terrore nello spazio) (1965),"['Horror', 'Sci-Fi']",59792
8007,Pure Country (1992),"['Drama', 'Musical', 'Romance']",105191
8008,Brigadoon (1954),"['Fantasy', 'Musical', 'Romance']",46807
8010,"Power of One, The (1992)",['Drama'],105159
8011,"Weather Underground, The (2002)",['Documentary'],343168
8012,Kikujiro (Kikujirô no natsu) (1999),"['Comedy', 'Drama']",199683
8014,"Spring, Summer, Fall, Winter... and Spring (Bom yeoreum gaeul gyeoul geurigo bom) (2003)",['Drama'],374546
8015,"Phantom Tollbooth, The (1970)","['Adventure', 'Animation', 'Children', 'Fantasy']",64806
8016,"Getaway, The (1972)","['Action', 'Crime', 'Drama', 'Thriller']",68638
8019,Dark Water (Honogurai mizu no soko kara) (2002),"['Drama', 'Horror', 'Mystery', 'Thriller']",308379
8024,"Thing Called Love, The (1993)","['Comedy', 'Drama', 'Romance']",108327
8033,How to Steal a Million (1966),"['Comedy', 'Crime', 'Romance']",60522
8039,Support Your Local Sheriff! (1969),"['Comedy', 'Western']",65051
8042,Mean Streets (1973),"['Crime', 'Drama']",70379
8043,Jack the Bear (1993),"['Comedy', 'Drama']",107247
8044,I Am a Fugitive from a Chain Gang (1932),"['Crime', 'Drama', 'Film-Noir']",23042
8045,Hamburger Hill (1987),"['Action', 'Drama', 'War']",93137
8056,Harper (1966),"['Crime', 'Drama', 'Mystery']",60490
8062,Dahmer (2002),"['Drama', 'Horror', 'Thriller']",285728
8092,Frankenstein Unbound (1990),"['Drama', 'Horror', 'Sci-Fi']",99612
8093,Shiri (Swiri) (1999),"['Action', 'Drama', 'Romance', 'Thriller']",192657
8094,Bad Day at Black Rock (1955),"['Drama', 'Thriller', 'Western']",47849
8117,In China They Eat Dogs (I Kina spiser de hunde) (1999),"['Action', 'Comedy']",180748
8118,Delta Force 2 (Delta Force 2: The Colombian Connection) (1990),"['Action', 'Adventure', 'Thriller', 'War']",99399
8119,Crossroads (1986),['Drama'],90888
8121,"Seducing Doctor Lewis (Grande séduction, La) (2003)",['Comedy'],366532
8123,Sammy and Rosie Get Laid (1987),"['Comedy', 'Drama']",93913
8125,Sunrise: A Song of Two Humans (1927),"['Drama', 'Romance']",18455
8126,Shock Corridor (1963),['Drama'],57495
8127,"First $20 Million Is Always the Hardest, The (2002)",['Comedy'],280674
8128,Au revoir les enfants (1987),['Drama'],92593
8130,"Girl Next Door, The (1999)",['Documentary'],189553
8131,Pursuit of Happiness (2001),"['Comedy', 'Romance']",243508
8132,Gladiator (1992),"['Action', 'Drama']",104346
8134,Wonderful Days (a.k.a. Sky Blue) (2003),"['Animation', 'Sci-Fi']",353014
8142,Dead or Alive: Hanzaisha (1999),"['Action', 'Crime']",221111
8143,Lola Montès (1955),['Drama'],48308
8147,Charly (1968),"['Drama', 'Sci-Fi']",62794
8149,"Atlantis, the Lost Continent (1961)","['Adventure', 'Sci-Fi']",54642
8153,Lust for Life (1956),['Drama'],49456
8154,"Dolce Vita, La (1960)",['Drama'],53779
8157,Jin Roh: The Wolf Brigade (Jin-Rô) (1998),"['Animation', 'Fantasy', 'Thriller']",193253
8158,Rush (1991),"['Crime', 'Drama']",102820
8167,Captain Blood (1935),"['Action', 'Adventure', 'Romance']",26174
8169,*batteries not included (1987),"['Children', 'Comedy', 'Fantasy', 'Sci-Fi']",92494
8183,Educating Rita (1983),"['Comedy', 'Drama']",85478
8188,Sansho the Bailiff (Sanshô dayû) (1954),['Drama'],47445
8190,"Americanization of Emily, The (1964)","['Comedy', 'Drama', 'War']",57840
8191,Anne of the Thousand Days (1969),['Drama'],64030
8194,Baby Doll (1956),['Drama'],48973
8195,"Avventura, L' (Adventure, The) (1960)","['Drama', 'Mystery', 'Romance']",53619
8196,Beyond the Valley of the Dolls (1970),"['Comedy', 'Horror']",65466
8197,Hiroshima Mon Amour (1959),"['Drama', 'Romance', 'War']",52893
8199,Ugetsu (Ugetsu monogatari) (1953),"['Drama', 'Thriller']",46478
8201,At Play in the Fields of the Lord (1991),['Drama'],101373
8207,"Day of the Jackal, The (1973)","['Crime', 'Thriller']",69947
8208,"Razor's Edge, The (1946)",['Drama'],38873
8221,War of the Buttons (1994),"['Adventure', 'Children', 'Drama']",111666
8222,"Other, The (1972)","['Drama', 'Horror', 'Mystery']",69050
8225,Night of the Living Dead (1990),['Horror'],100258
8228,"Maltese Falcon, The (a.k.a. Dangerous Female) (1931)",['Mystery'],22111
8235,Safety Last! (1923),"['Action', 'Comedy', 'Romance']",14429
8239,Viridiana (1961),"['Comedy', 'Drama']",55601
8253,Lupin III: The Castle Of Cagliostro (Rupan sansei: Kariosutoro no shiro) (1979),"['Action', 'Adventure', 'Animation', 'Comedy', 'Crime', 'Mystery']",79833
8254,Arizona Dream (1993),"['Comedy', 'Drama', 'Fantasy', 'Romance']",106307
8256,Queen Christina (1933),"['Drama', 'Romance']",24481
8257,Battleground (1949),"['Action', 'Drama', 'War']",41163
8258,Citizen Toxie: The Toxic Avenger IV (2000),"['Action', 'Comedy', 'Horror']",212879
8259,Hooper (1978),"['Action', 'Comedy']",77696
8261,3 Women (Three Women) (1977),['Drama'],75612
8264,Grey Gardens (1975),['Documentary'],73076
8266,Purple Rain (1984),"['Drama', 'Musical']",87957
8268,Point of No Return (1993),"['Action', 'Thriller']",107843
8270,"Hairdresser's Husband, The (Le mari de la coiffeuse) (1990)","['Comedy', 'Drama', 'Romance']",100112
8273,"Tale of Ham and Passion, A (Jamón, Jamón) (1992)","['Comedy', 'Drama', 'Romance']",104545
8275,College (1927),['Comedy'],17765
8290,Mitchell (1975),"['Action', 'Crime']",73396
8291,Agatha Christie's 'Ten Little Indians' (Ten Little Indians) (And Then There Were None) (1965),['Mystery'],61075
8295,"Most Dangerous Game, The (1932)","['Adventure', 'Mystery', 'Thriller']",23238
8327,Dolls (2002),"['Drama', 'Romance']",330229
8330,Our Man in Havana (1959),"['Comedy', 'Drama', 'Thriller']",54152
8331,"Man Who Came to Dinner, The (1942)",['Comedy'],33874
8332,Sunday Bloody Sunday (1971),['Drama'],67805
8334,"Cowboys, The (1972)",['Western'],68421
8335,Make Way for Tomorrow (1937),['Drama'],29192
8336,"Major and the Minor, The (1942)","['Comedy', 'Romance']",35019
8337,"Caine Mutiny, The (1954)","['Drama', 'War']",46816
8338,Black Narcissus (1947),['Drama'],39192
8340,Escape from Alcatraz (1979),"['Drama', 'Thriller']",79116
8341,Oliver Twist (1948),"['Adventure', 'Crime', 'Drama']",40662
8360,Shrek 2 (2004),"['Adventure', 'Animation', 'Children', 'Comedy', 'Musical', 'Romance']",298148
8361,"Day After Tomorrow, The (2004)","['Action', 'Adventure', 'Drama', 'Sci-Fi', 'Thriller']",319262
8362,Raising Helen (2004),"['Comedy', 'Drama', 'Romance']",350028
8363,Soul Plane (2004),['Comedy'],367085
8364,Baadasssss! (How to Get the Man's Foot Outta Your Ass) (2003),['Drama'],367790
8365,"Mother, The (2003)",['Drama'],323298
8366,Saved! (2004),"['Comedy', 'Drama']",332375
8367,"Time of the Wolf, The (Le temps du loup) (2003)",['Drama'],324197
8368,Harry Potter and the Prisoner of Azkaban (2004),"['Adventure', 'Fantasy', 'IMAX']",304141
8369,Mindhunters (2004),"['Action', 'Crime', 'Horror', 'Mystery', 'Thriller']",297284
8370,"Blind Swordsman: Zatoichi, The (Zatôichi) (2003)","['Action', 'Comedy', 'Crime', 'Drama']",363226
8371,"Chronicles of Riddick, The (2004)","['Action', 'Sci-Fi', 'Thriller']",296572
8372,Garfield: The Movie (2004),"['Animation', 'Children', 'Comedy']",356634
8373,"Stepford Wives, The (2004)","['Comedy', 'Fantasy', 'Thriller']",327162
8374,Bright Future (Akarui mirai) (2003),['Drama'],363235
8375,"Hunting of the President, The (2004)",['Documentary'],391225
8376,Napoleon Dynamite (2004),['Comedy'],374900
8378,"Doctor, The (1991)",['Drama'],101746
8379,"Dresser, The (1983)",['Drama'],85461
8385,Lover Come Back (1961),"['Comedy', 'Romance']",55100
8387,Police Academy: Mission to Moscow (1994),"['Comedy', 'Crime']",110857
8391,Big Wednesday (1978),"['Comedy', 'Drama']",77235
8400,Wish You Were Here (1987),"['Comedy', 'Drama']",94331
8401,"Adventures of Sherlock Holmes, The (1939)","['Crime', 'Mystery', 'Thriller']",31022
8402,Book of Love (1990),"['Comedy', 'Romance']",99166
8404,"Hound of the Baskervilles, The (1939)","['Crime', 'Mystery', 'Thriller']",31448
8405,Hour of the Wolf (Vargtimmen) (1968),"['Drama', 'Horror']",63759
8407,"Molly Maguires, The (1970)",['Drama'],66090
8410,Suddenly (1954),"['Crime', 'Drama', 'Film-Noir']",47542
8421,Dying of Laughter (Muertos de Risa) (1999),['Comedy'],168080
8426,Robot Carnival (Roboto kânibauru) (1987),"['Animation', 'Comedy', 'Drama', 'Fantasy', 'Sci-Fi']",93871
8446,Sands of Iwo Jima (1949),"['Action', 'Drama', 'Romance', 'War']",41841
8447,This Island Earth (1955),['Sci-Fi'],47577
8451,Blackboard Jungle (1955),['Drama'],47885
8459,"Heiress, The (1949)","['Drama', 'Romance']",41452
8460,State Fair (1945),"['Musical', 'Romance']",38116
8464,Super Size Me (2004),"['Comedy', 'Documentary', 'Drama']",390521
8477,"Pier, The (Jetée, La) (1962)","['Romance', 'Sci-Fi']",56119
8482,"Picture of Dorian Gray, The (1945)","['Drama', 'Fantasy', 'Horror']",37988
8483,"Born Losers, The (1967)","['Action', 'Drama', 'Thriller']",61420
8484,"Human Condition I, The (Ningen no joken I) (1959)","['Drama', 'War']",53114
8485,Samsara (2001),"['Adventure', 'Drama', 'Romance']",196069
8486,Bachelor Mother (1939),"['Comedy', 'Romance']",31067
8487,Please Don't Eat the Daisies (1960),"['Children', 'Comedy', 'Musical']",54188
8491,White Heat (1949),"['Crime', 'Drama', 'Film-Noir']",42041
8492,"Christmas Carol, A (Scrooge) (1951)","['Drama', 'Fantasy']",44008
8493,Memphis Belle (1990),"['Action', 'Drama', 'War']",100133
8494,"Cincinnati Kid, The (1965)",['Drama'],59037
8495,Animal Factory (2000),"['Crime', 'Drama']",204137
8496,"Panic in Needle Park, The (1971)","['Drama', 'Romance']",67549
8499,Pretty Baby (1978),['Drama'],78111
8501,"Hitcher, The (1986)","['Action', 'Thriller']",91209
8503,Ivanhoe (1952),"['Adventure', 'Drama', 'Romance']",44760
8507,Freaks (1932),"['Crime', 'Drama', 'Horror']",22913
8512,Silent Movie (1976),['Comedy'],75222
8516,"Matter of Life and Death, A (Stairway to Heaven) (1946)","['Drama', 'Fantasy', 'Romance']",38733
8520,Deep Cover (1992),"['Action', 'Crime', 'Thriller']",104073
8521,Dr. Jekyll and Mr. Hyde (1931),"['Drama', 'Horror']",22835
8522,My Little Chickadee (1940),"['Comedy', 'Western']",32828
8524,"High and the Mighty, The (1954)",['Drama'],47086
8525,"Ugly Dachshund, The (1966)","['Children', 'Comedy']",61135
8526,Around the World in 80 Days (2004),"['Adventure', 'Children', 'Comedy']",327437
8527,I'll Sleep When I'm Dead (2003),"['Crime', 'Drama']",319531
8528,Dodgeball: A True Underdog Story (2004),['Comedy'],364725
8529,"Terminal, The (2004)","['Comedy', 'Drama', 'Romance']",362227
8530,Dear Frankie (2004),"['Drama', 'Romance']",377752
8531,White Chicks (2004),"['Action', 'Comedy', 'Crime']",381707
8532,"Door in the Floor, The (2004)",['Drama'],348593
8533,"Notebook, The (2004)","['Drama', 'Romance']",332280
8534,Two Brothers (Deux frères) (2004),"['Adventure', 'Children', 'Drama']",338512
8535,De-Lovely (2004),"['Drama', 'Musical']",352277
8540,Back to Bataan (1945),"['Drama', 'War']",37522
8542,"Day at the Races, A (1937)","['Comedy', 'Musical']",28772
8571,Bob & Carol & Ted & Alice (1969),"['Comedy', 'Drama']",64100
8573,Reconstruction (2003),"['Drama', 'Romance']",366943
8574,"Claymation Christmas Celebration, A (1987)","['Animation', 'Children', 'Comedy', 'Musical']",272045
8575,"Happenstance (Battement d'ailes du papillon, Le) (2001)","['Comedy', 'Drama']",243135
8576,Kopps (2003),"['Action', 'Comedy']",339230
8578,Undead (2003),"['Action', 'Comedy', 'Horror', 'Sci-Fi']",339840
8580,Into the Woods (1991),"['Adventure', 'Comedy', 'Fantasy', 'Musical']",99851
8581,Pirates of Silicon Valley (1999),"['Documentary', 'Drama']",168122
8582,Manufacturing Consent: Noam Chomsky and the Media (1992),"['Documentary', 'War']",104810
8584,Leave Her to Heaven (1945),"['Drama', 'Film-Noir']",37865
8589,Winter War (Talvisota) (1989),"['Drama', 'War']",98437
8591,"Philadelphia Experiment, The (1984)","['Adventure', 'Drama', 'Sci-Fi']",87910
8593,Juice (1992),"['Action', 'Crime', 'Drama', 'Thriller']",104573
8595,"Flim-Flam Man, The (1967)","['Action', 'Adventure', 'Comedy']",61678
8596,Revenge of the Pink Panther (1978),"['Comedy', 'Crime']",78163
8598,I Am Dina (2002),"['Crime', 'Drama', 'Mystery', 'Romance']",281924
8600,Angels with Dirty Faces (1938),"['Crime', 'Drama']",29870
8601,Zero de conduite (Zero for Conduct) (Zéro de conduite: Jeunes diables au collège) (1933),"['Comedy', 'Drama']",24803
8602,Shadows (1959),['Drama'],53270
8604,Taxi (1998),"['Action', 'Comedy']",152930
8605,Taxi 3 (2003),"['Action', 'Comedy']",295721
8607,Tokyo Godfathers (2003),"['Adventure', 'Animation', 'Drama']",388473
8609,Our Hospitality (1923),['Comedy'],14341
8610,All of Me (1984),"['Comedy', 'Fantasy']",86873
8612,Lassie Come Home (1943),"['Adventure', 'Children', 'Drama']",36098
8614,Overboard (1987),"['Comedy', 'Romance']",93693
8615,"Mask of Fu Manchu, The (1932)","['Adventure', 'Horror', 'Sci-Fi']",23194
8617,Butterfield 8 (1960),['Drama'],53622
8618,Johnny Guitar (1954),"['Drama', 'Western']",47136
8620,"Exterminating Angel, The (Ángel exterminador, El) (1962)","['Comedy', 'Drama', 'Fantasy', 'Mystery']",56732
8622,Fahrenheit 9/11 (2004),['Documentary'],361596
8623,Roxanne (1987),"['Comedy', 'Romance']",93886
8629,"Book of Life, The (1998)","['Comedy', 'Fantasy']",167059
8631,Hard Times (1975),"['Action', 'Drama']",73092
8633,"Last Starfighter, The (1984)","['Action', 'Adventure', 'Comedy', 'Sci-Fi']",87597
8634,Tank (1984),"['Action', 'Comedy', 'Drama']",88224
8636,Spider-Man 2 (2004),"['Action', 'Adventure', 'Sci-Fi', 'IMAX']",316654
8638,Before Sunset (2004),"['Drama', 'Romance']",381681
8639,"Clearing, The (2004)","['Drama', 'Thriller']",331952
8640,King Arthur (2004),"['Action', 'Adventure', 'Drama', 'War']",349683
8641,Anchorman: The Legend of Ron Burgundy (2004),['Comedy'],357413
8642,Sleepover (2004),['Comedy'],368975
8643,"Cinderella Story, A (2004)","['Comedy', 'Romance']",356470
8644,"I, Robot (2004)","['Action', 'Adventure', 'Sci-Fi', 'Thriller']",343818
8645,"Maria Full of Grace (Maria, Llena eres de gracia) (2004)","['Crime', 'Drama']",390221
8649,Gray Lady Down (1978),"['Drama', 'Thriller']",77629
8650,Long Day's Journey Into Night (1962),['Drama'],56196
8651,Man of La Mancha (1972),"['Adventure', 'Comedy', 'Musical']",68909
8656,"Short Film About Killing, A (Krótki film o zabijaniu) (1988)","['Crime', 'Drama']",95468
8657,"Tin Star, The (1957)",['Western'],51087
8661,How the West Was Won (1962),"['Adventure', 'Drama', 'Western']",56085
8662,Joan of Arc (1948),"['Action', 'Drama', 'War']",40491
8665,"Bourne Supremacy, The (2004)","['Action', 'Crime', 'Thriller']",372183
8666,Catwoman (2004),"['Action', 'Crime', 'Fantasy']",327554
8667,A Home at the End of the World (2004),"['Drama', 'Romance']",359423
8670,"Testament of Dr. Mabuse, The (Das Testament des Dr. Mabuse) (1933)","['Crime', 'Horror', 'Mystery', 'Thriller']",23563
8675,"Enemy Below, The (1957)","['Action', 'Drama', 'War']",50356
8676,Fist of the North Star (1995),"['Action', 'Thriller']",113074
8684,"Man Escaped, A (Un  condamné à mort s'est échappé ou Le vent souffle où il veut) (1956)","['Adventure', 'Drama']",49902
8690,Slaughterhouse-Five (1972),"['Comedy', 'Drama', 'Sci-Fi', 'War']",69280
8692,Wake Island (1942),"['Drama', 'War']",35530
8695,"Bachelor and the Bobby-Soxer, The (1947)",['Comedy'],39169
8700,Destination Tokyo (1943),"['Adventure', 'War']",35799
8701,Dr. Jekyll and Ms. Hyde (1995),"['Comedy', 'Horror']",112895
8710,Map of the Human Heart (1993),"['Drama', 'Romance']",104812
8711,Mr. Blandings Builds His Dream House (1948),['Comedy'],40613
8712,My Favorite Wife (1940),"['Comedy', 'Romance']",29284
8713,"New Adventures of Pippi Longstocking, The (1988)","['Adventure', 'Children', 'Fantasy', 'Musical']",93744
8718,"Snake Pit, The (1948)",['Drama'],40806
8720,"Super, The (1991)",['Comedy'],103007
8724,"Leopard, The (Gattopardo, Il) (1963)","['Drama', 'War']",57091
8725,"Goodbye, Columbus (1969)","['Comedy', 'Drama', 'Romance']",64381
8726,"President's Analyst, The (1967)","['Comedy', 'Thriller']",62153
8727,"Day of the Locust, The (1975)",['Drama'],72848
8730,To End All Wars (2001),"['Action', 'Drama', 'War']",243609
8731,Moulin Rouge (1952),['Drama'],44926
8732,"Belly of an Architect, The (1987)",['Drama'],92637
8733,"Nest, The (Nid de Guêpes) (2002)","['Action', 'Crime', 'Thriller']",280990
8738,"Woman Is a Woman, A (femme est une femme, Une) (1961)","['Comedy', 'Drama', 'Musical', 'Romance']",55572
8739,Mamma Roma (1962),['Drama'],56215
8751,Gun Crazy (a.k.a. Deadly Is the Female) (1949),"['Crime', 'Drama', 'Film-Noir']",42530
8752,"Set-Up, The (1949)","['Drama', 'Film-Noir', 'Romance']",41859
8753,Unprecedented: The 2000 Presidential Election (2002),['Documentary'],346091
8754,"Prime of Miss Jean Brodie, The (1969)",['Drama'],64840
8755,My Voyage to Italy (Il mio viaggio in Italia) (1999),['Documentary'],173772
8757,Lovers and Other Strangers (1970),['Comedy'],66016
8765,This Gun for Hire (1942),"['Crime', 'Film-Noir', 'Thriller']",35432
8767,"Big Clock, The (1948)","['Crime', 'Film-Noir', 'Thriller']",40160
8768,Criss Cross (1949),"['Crime', 'Drama', 'Film-Noir']",41268
8772,"Spy Who Came in from the Cold, The (1965)","['Drama', 'Thriller']",59749
8779,Bon Voyage (2003),"['Comedy', 'Drama']",310778
8781,"Manchurian Candidate, The (2004)",['Thriller'],368008
8782,Thunderbirds (2004),"['Action', 'Adventure', 'Fantasy', 'Sci-Fi']",167456
8783,"Village, The (2004)","['Drama', 'Mystery', 'Thriller']",368447
8784,Garden State (2004),"['Comedy', 'Drama', 'Romance']",333766
8785,Early Summer (Bakushû) (1951),['Drama'],43313
8786,Port of Shadows (Quai des brumes) (1938),['Drama'],30643
8795,Musa the Warrior (Musa) (2001),"['Action', 'Adventure', 'Drama', 'War']",275083
8796,"Funny Thing Happened on the Way to the Forum, A (1966)","['Comedy', 'Musical']",60438
8797,Salesman (1969),['Documentary'],64921
8798,Collateral (2004),"['Action', 'Crime', 'Drama', 'Thriller']",369339
8799,Little Black Book (2004),"['Comedy', 'Romance']",361841
8800,Code 46 (2003),"['Romance', 'Sci-Fi']",345061
8807,Harold and Kumar Go to White Castle (2004),"['Adventure', 'Comedy']",366551
8808,"Princess Diaries 2: Royal Engagement, The (2004)","['Comedy', 'Romance']",368933
8809,Danny Deckchair (2003),"['Comedy', 'Romance']",337960
8810,AVP: Alien vs. Predator (2004),"['Action', 'Horror', 'Sci-Fi', 'Thriller']",370263
8811,Yu-Gi-Oh! (2004),"['Action', 'Adventure', 'Animation', 'Fantasy']",403703
8813,We Don't Live Here Anymore (2004),['Drama'],361309
8814,Without a Paddle (2004),['Comedy'],364751
8815,Exorcist: The Beginning (2004),"['Horror', 'Thriller']",204313
8827,"Bill Cosby, Himself (1983)","['Comedy', 'Documentary']",83652
8830,Anacondas: The Hunt for the Blood Orchid (2004),"['Adventure', 'Drama', 'Horror', 'Sci-Fi', 'Thriller']",366174
8831,Suspect Zero (2004),"['Crime', 'Thriller']",324127
8832,Warriors of Heaven and Earth (Tian di ying xiong) (2003),"['Action', 'Adventure', 'Drama']",374330
8833,Vanity Fair (2004),"['Drama', 'Romance']",241025
8834,"Cookout, The (2004)",['Comedy'],380277
8835,Paparazzi (2004),"['Drama', 'Thriller']",338325
8836,Wicker Park (2004),"['Drama', 'Romance', 'Thriller']",324554
8838,Alice Doesn't Live Here Anymore (1974),"['Drama', 'Romance']",71115
8840,Who's That Knocking at My Door? (1967),['Drama'],63803
8844,Camera Buff (Amator) (1979),['Drama'],78763
8848,"Vitelloni, I (a.k.a. The Young and the Passionate) (1953)",['Drama'],46521
8850,Flipper (1963),"['Adventure', 'Children', 'Drama']",57063
8851,Smile (1975),['Comedy'],73722
8852,Lord Jim (1965),"['Adventure', 'Drama']",59399
8855,Witchboard (1986),"['Horror', 'Mystery', 'Thriller']",90327
8859,SuperBabies: Baby Geniuses 2 (2004),['Comedy'],270846
8860,Cellular (2004),"['Action', 'Crime', 'Drama', 'Mystery', 'Thriller']",337921
8861,Resident Evil: Apocalypse (2004),"['Action', 'Horror', 'Sci-Fi', 'Thriller']",318627
8862,Criminal (2004),"['Comedy', 'Drama']",362526
8864,Mr. 3000 (2004),"['Comedy', 'Drama']",339412
8865,Sky Captain and the World of Tomorrow (2004),"['Action', 'Adventure', 'Sci-Fi']",346156
8866,Wimbledon (2004),"['Comedy', 'Romance']",360201
8867,Anatomy of Hell (Anatomie de l'enfer) (2004),['Drama'],348529
8869,First Daughter (2004),"['Comedy', 'Romance']",361620
8870,"Forgotten, The (2004)","['Drama', 'Mystery', 'Sci-Fi', 'Thriller']",356618
8871,"Last Shot, The (2004)",['Comedy'],357054
8872,"Dirty Shame, A (2004)",['Comedy'],365125
8873,"Motorcycle Diaries, The (Diarios de motocicleta) (2004)","['Adventure', 'Drama']",318462
8874,Shaun of the Dead (2004),"['Comedy', 'Horror']",365748
8875,"Come Back, Little Sheba (1952)",['Drama'],44509
8879,Murder on the Orient Express (1974),"['Crime', 'Mystery', 'Thriller']",71877
8880,Mask (1985),['Drama'],89560
8882,"Boston Strangler, The (1968)","['Crime', 'Drama', 'Mystery', 'Thriller']",62755
8884,"Man with One Red Shoe, The (1985)","['Comedy', 'Thriller']",89543
8886,SSSSSSS (1973),"['Horror', 'Sci-Fi']",70622
8893,Basket Case 2 (1990),"['Comedy', 'Horror']",99108
8894,Orca: The Killer Whale (1977),"['Action', 'Drama', 'Horror', 'Thriller']",76504
8896,I Married a Monster from Outer Space (1958),"['Horror', 'Sci-Fi']",51756
8899,Hardcore (1979),['Drama'],79271
8903,"Terror, The (1963)","['Horror', 'Mystery']",57569
8905,1492: Conquest of Paradise (1992),"['Adventure', 'Drama']",103594
8906,Cannibal Holocaust (1980),['Horror'],78935
8907,Shark Tale (2004),"['Animation', 'Children', 'Comedy']",307453
8908,Ladder 49 (2004),"['Action', 'Drama', 'Thriller']",349710
8910,I Heart Huckabees (2004),['Comedy'],356721
8911,Raise Your Voice (2004),['Romance'],361696
8912,Taxi (2004),"['Action', 'Comedy']",316732
8913,Around the Bend (2004),['Drama'],384810
8914,Primer (2004),"['Drama', 'Sci-Fi']",390384
8915,Stage Beauty (2004),['Drama'],368658
8916,Shall We Dance? (2004),"['Comedy', 'Romance']",358135
8917,Team America: World Police (2004),"['Action', 'Adventure', 'Animation', 'Comedy']",372588
8918,Eulogy (2004),"['Comedy', 'Crime', 'Drama']",349416
8919,P.S. (2004),"['Comedy', 'Drama', 'Fantasy', 'Romance']",380609
8923,Tess (1979),"['Drama', 'Romance']",80009
8924,I Wanna Hold Your Hand (1978),['Comedy'],77714
8927,Cannonball (1976),"['Action', 'Comedy', 'Drama']",74279
8928,"Fearless Vampire Killers, The (1967)","['Comedy', 'Horror']",61655
8929,Black Beauty (1971),"['Children', 'Drama']",66834
8930,"Five Obstructions, The (Fem benspænd, De) (2003)",['Documentary'],354575
8931,Born Rich (2003),['Documentary'],342143
8932,It's Alive (1974),['Horror'],71675
8933,"Decline of the American Empire, The (Déclin de l'empire américain, Le) (1986)","['Comedy', 'Drama']",90985
8934,Bebe's Kids (1992),"['Animation', 'Children', 'Comedy']",103783
8937,Friday Night Lights (2004),"['Action', 'Drama']",390022
8938,Tarnation (2003),['Documentary'],390538
8939,"Final Cut, The (2004)","['Sci-Fi', 'Thriller']",364343
8941,Riding the Bullet (2004),"['Horror', 'Thriller']",355954
8943,Being Julia (2004),"['Comedy', 'Drama']",340012
8946,Surviving Christmas (2004),['Comedy'],252028
8947,"Grudge, The (2004)","['Horror', 'Mystery', 'Thriller']",391198
8948,Alfie (2004),"['Comedy', 'Drama', 'Romance']",375173
8949,Sideways (2004),"['Comedy', 'Drama', 'Romance']",375063
8950,"Machinist, The (Maquinista, El) (2004)","['Mystery', 'Thriller']",361862
8951,Vera Drake (2004),['Drama'],383694
8955,Undertow (2004),"['Crime', 'Drama', 'Thriller']",360130
8957,Saw (2004),"['Horror', 'Mystery', 'Thriller']",387564
8958,Ray (2004),['Drama'],350258
8959,Birth (2004),"['Drama', 'Mystery']",337876
8961,"Incredibles, The (2004)","['Action', 'Adventure', 'Animation', 'Children', 'Comedy']",317705
8965,"Polar Express, The (2004)","['Adventure', 'Animation', 'Children', 'Fantasy', 'IMAX']",338348
8966,Kinsey (2004),['Drama'],362269
8967,Seed of Chucky (Child's Play 5) (2004),"['Comedy', 'Horror']",387575
8968,After the Sunset (2004),"['Action', 'Adventure', 'Comedy', 'Crime', 'Thriller']",367479
8969,Bridget Jones: The Edge of Reason (2004),"['Comedy', 'Drama', 'Romance']",317198
8970,Finding Neverland (2004),['Drama'],308644
8972,National Treasure (2004),"['Action', 'Adventure', 'Drama', 'Mystery', 'Thriller']",368891
8973,Bad Education (La mala educación) (2004),"['Drama', 'Thriller']",275491
8974,"SpongeBob SquarePants Movie, The (2004)","['Adventure', 'Animation', 'Children', 'Comedy']",345950
8977,Alexander (2004),"['Action', 'Adventure', 'Drama', 'War']",346491
8978,Christmas with the Kranks (2004),"['Children', 'Comedy']",388419
8981,Closer (2004),"['Drama', 'Romance']",376541
8982,I Am David (2003),['Drama'],327919
8983,House of Flying Daggers (Shi mian mai fu) (2004),"['Action', 'Drama', 'Romance']",385004
8984,Ocean's Twelve (2004),"['Action', 'Comedy', 'Crime', 'Thriller']",349903
8985,Blade: Trinity (2004),"['Action', 'Fantasy', 'Horror', 'Thriller']",359013
8986,"Bellboy, The (1960)",['Comedy'],53644
8987,Bush's Brain (2004),['Documentary'],403910
8989,Damn Yankees! (1958),"['Comedy', 'Musical']",51516
8998,That's Entertainment (1974),['Documentary'],72272
8999,"That's Entertainment, Part II (1976)",['Documentary'],75323
9000,That's Entertainment! III (1994),['Documentary'],111408
9001,"Wackiest Ship in the Army, The (1960)","['Comedy', 'War']",54453
9004,D.A.R.Y.L. (1985),"['Adventure', 'Children', 'Sci-Fi']",88979
9005,Fire in the Sky (1993),"['Drama', 'Mystery', 'Sci-Fi']",106912
9010,Love Me If You Dare (Jeux d'enfants) (2003),"['Drama', 'Romance']",364517
9018,Control Room (2004),"['Documentary', 'War']",391024
25746,"Hunchback of Notre Dame, The (1923)","['Drama', 'Horror']",14142
25750,Sherlock Jr. (1924),"['Comedy', 'Fantasy', 'Romance']",15324
25752,"Freshman, The (1925)",['Comedy'],15841
25753,Greed (1924),['Drama'],15881
25755,"Phantom of the Opera, The (1925)","['Drama', 'Horror']",16220
25763,"Pandora's Box (Büchse der Pandora, Die) (1929)",['Drama'],18737
25764,"Cameraman, The (1928)","['Comedy', 'Drama', 'Romance']",18742
25766,"Crowd, The (1928)",['Drama'],18806
25769,"Steamboat Bill, Jr. (1928)","['Comedy', 'Romance']",19421
25771,"Andalusian Dog, An (Chien andalou, Un) (1929)",['Fantasy'],20530
25773,Little Caesar (1931),"['Crime', 'Drama']",21079
25774,"Golden Age, The (Âge d'Or, L') (1930)","['Comedy', 'Drama', 'Romance']",21577
25777,Monkey Business (1931),['Comedy'],22158
25788,Scarface (1932),"['Crime', 'Drama']",23427
25792,"I Was Born, But... (a.k.a. Children of Tokyo) (Otona no miru ehon - Umarete wa mita keredo) (1932)","['Comedy', 'Drama']",23634
25793,Vampyr (1932),"['Fantasy', 'Horror']",23649
25795,Dinner at Eight (1933),"['Comedy', 'Drama', 'Romance']",23948
25805,"Atalante, L' (1934)","['Comedy', 'Drama', 'Romance']",24844
25825,Fury (1936),"['Drama', 'Film-Noir']",27652
25826,Libeled Lady (1936),"['Comedy', 'Romance']",27884
25827,Mr. Deeds Goes to Town (1936),"['Comedy', 'Romance']",27996
25828,"Petrified Forest, The (1936)","['Crime', 'Drama', 'Romance']",28096
25834,Captains Courageous (1937),"['Adventure', 'Drama']",28691
25835,Dead End (1937),"['Crime', 'Drama']",28773
25839,Nothing Sacred (1937),"['Comedy', 'Drama', 'Romance']",29322
25840,"Prisoner of Zenda, The (1937)","['Action', 'Adventure', 'Romance']",29442
25841,Stage Door (1937),['Drama'],29604
25850,Holiday (1938),"['Comedy', 'Drama', 'Romance']",30241
25852,Gaslight (1940),"['Mystery', 'Thriller']",31359
25855,"Roaring Twenties, The (1939)","['Crime', 'Drama', 'Thriller']",31867
25856,Wuthering Heights (1939),"['Drama', 'Romance']",32145
25865,"Letter, The (1940)","['Drama', 'Film-Noir']",32701
25866,"Sea Hawk, The (1940)","['Action', 'Adventure', 'Romance']",33028
25868,Ball of Fire (1941),"['Comedy', 'Romance']",33373
25870,Here Comes Mr. Jordan (1941),"['Comedy', 'Fantasy', 'Romance']",33712
25886,Random Harvest (1942),"['Drama', 'Romance']",35238
25888,Action in the North Atlantic (1943),"['Action', 'War']",35608
25891,Heaven Can Wait (1943),"['Comedy', 'Fantasy', 'Romance']",35979
25893,"Memphis Belle: A Story of a Flying Fortress, The (1944)","['Documentary', 'War']",36152
25898,Day of Wrath (Vredens dag) (1943),['Drama'],36506
25904,Ministry of Fear (1944),"['Drama', 'Film-Noir', 'Thriller']",37075
25905,"Miracle of Morgan's Creek, The (1944)","['Comedy', 'Romance']",37077
25906,Mr. Skeffington (1944),"['Drama', 'Romance']",37094
25908,Passage to Marseille (1944),"['Adventure', 'Drama', 'War']",37166
25916,They Were Expendable (1945),"['Drama', 'War']",38160
25918,"Tree Grows in Brooklyn, A (1945)",['Drama'],38190
25923,Great Expectations (1946),['Drama'],38574
25924,Humoresque (1946),"['Drama', 'Romance']",38622
25927,"Stranger, The (1946)","['Drama', 'Film-Noir', 'Thriller']",38991
25929,Nightmare Alley (1947),"['Drama', 'Film-Noir']",39661
25930,Odd Man Out (1947),"['Crime', 'Drama', 'Film-Noir', 'Thriller']",39677
25934,3 Godfathers (1948),"['Drama', 'Western']",40064
25937,Easter Parade (1948),"['Musical', 'Romance']",40308
25938,Fort Apache (1948),['Western'],40369
25940,"Lady from Shanghai, The (1947)","['Drama', 'Film-Noir', 'Mystery']",40525
25941,Letter from an Unknown Woman (1948),"['Drama', 'Romance']",40536
25943,"Naked City, The (1948)","['Crime', 'Drama', 'Film-Noir', 'Mystery']",40636
25945,They Live by Night (1949),"['Crime', 'Film-Noir', 'Romance']",40872
25947,Unfaithfully Yours (1948),['Comedy'],40919
25952,"Letter to Three Wives, A (1949)","['Comedy', 'Drama']",41587
25954,Orpheus (Orphée) (1950),"['Drama', 'Fantasy', 'Romance']",41719
25961,"Gunfighter, The (1950)","['Action', 'Western']",42531
25962,King Solomon's Mines (1950),"['Action', 'Adventure', 'Romance']",42646
25963,"Young and the Damned, The (Olvidados, Los) (1950)","['Crime', 'Drama']",42804
25971,Carrie (1952),"['Drama', 'Romance']",44486
25993,Magnificent Obsession (1954),"['Drama', 'Romance']",47203
25995,Samurai I: Musashi Miyamoto (Miyamoto Musashi) (1954),"['Action', 'Adventure', 'Drama']",47444
25996,"Star Is Born, A (1954)","['Drama', 'Musical']",47522
25999,"Wild One, The (1953)",['Drama'],47677
26002,Confidential Report (1955),"['Crime', 'Drama', 'Mystery', 'Thriller']",48393
26003,Night and Fog (Nuit et brouillard) (1955),"['Crime', 'Documentary', 'War']",48434
26005,Samurai II: Duel at Ichijoji Temple (Zoku Miyamoto Musashi: Ichijôji no kettô) (1955),"['Action', 'Adventure', 'Drama']",48579
26007,"Unknown Soldier, The (Tuntematon sotilas) (1955)","['Drama', 'War']",48752
26012,Samurai III: Duel on Ganryu Island (a.k.a. Bushido) (Miyamoto Musashi kanketsuhen: kettô Ganryûjima) (1956),"['Action', 'Adventure', 'Drama']",49710
26025,"Spirit of St. Louis, The (1957)","['Adventure', 'Drama']",51003
26038,Teacher's Pet (1958),"['Comedy', 'Romance']",52278
26043,"Vikings, The (1958)","['Action', 'Adventure']",52365
26051,"Nun's Story, The (1959)",['Drama'],53131
26052,Pickpocket (1959),"['Crime', 'Drama']",53168
26055,Floating Weeds (Ukigusa) (1959),['Drama'],53390
26064,"Bad Sleep Well, The (Warui yatsu hodo yoku nemuru) (1960)","['Drama', 'Thriller']",54460
26078,Advise and Consent (1962),['Drama'],55728
26082,Harakiri (Seppuku) (1962),['Drama'],56058
26084,"Music Man, The (1962)","['Children', 'Comedy', 'Musical', 'Romance']",56262
26085,Mutiny on the Bounty (1962),"['Adventure', 'Drama', 'Romance']",56264
26094,"Eclisse, L' (Eclipse) (1962)",['Drama'],56736
26101,McLintock! (1963),"['Comedy', 'Western']",57298
26111,Becket (1964),['Drama'],57877
26113,"Best Man, The (1964)","['Comedy', 'Drama']",57883
26116,"Hush... Hush, Sweet Charlotte (1964)","['Horror', 'Thriller']",58213
26119,"Naked Kiss, The (1964)",['Drama'],58390
26122,Onibaba (1964),"['Drama', 'Horror', 'War']",58430
26123,Robin and the 7 Hoods (1964),"['Comedy', 'Crime', 'Musical']",58529
26124,Robinson Crusoe on Mars (1964),['Sci-Fi'],58530
26131,"Battle of Algiers, The (La battaglia di Algeri) (1966)","['Drama', 'War']",58946
26133,"Charlie Brown Christmas, A (1965)","['Animation', 'Children', 'Comedy']",59026
26134,Dracula: Prince of Darkness (1966),"['Horror', 'Mystery']",59127
26144,Operation Crossbow (1965),"['Action', 'Adventure', 'War']",59549
26148,"Train, The (1964)","['Action', 'Thriller', 'War']",59825
26150,Andrei Rublev (Andrey Rublyov) (1969),"['Drama', 'War']",60107
26151,Au Hasard Balthazar (1966),"['Crime', 'Drama']",60138
26152,Batman (1966),"['Action', 'Adventure', 'Comedy']",60153
26158,Closely Watched Trains (Ostre sledované vlaky) (1966),"['Comedy', 'Drama', 'War']",60802
26159,Tokyo Drifter (Tôkyô nagaremono) (1966),"['Action', 'Crime', 'Drama']",61101
26163,Don't Look Back (1967),"['Documentary', 'Musical']",61589
26170,"Bride Wore Black, The (La mariée était en noir) (1968)","['Crime', 'Drama']",61955
26171,Play Time (a.k.a. Playtime) (1967),['Comedy'],62136
26172,Point Blank (1967),"['Action', 'Crime', 'Drama', 'Thriller']",62138
26178,Two for the Road (1967),"['Comedy', 'Drama', 'Romance']",62407
26181,"War Wagon, The (1967)","['Action', 'Western']",62472
26198,"Yours, Mine and Ours (1968)","['Children', 'Comedy']",63829
26199,Alice's Restaurant (1969),"['Comedy', 'Drama']",64002
26203,Colossus: The Forbin Project (1970),"['Sci-Fi', 'Thriller']",64177
26208,My Night At Maud's (Ma Nuit Chez Maud) (1969),"['Comedy', 'Drama', 'Romance']",64612
26230,On a Clear Day You Can See Forever (1970),"['Comedy', 'Musical', 'Romance']",66181
26231,Performance (1970),"['Crime', 'Drama', 'Thriller']",66214
26240,"Beguiled, The (1971)","['Drama', 'Thriller', 'War']",66819
26242,Duel (1971),"['Action', 'Mystery', 'Thriller']",67023
26246,Johnny Got His Gun (1971),"['Drama', 'War']",67277
26249,They Call Me Trinity (1971),"['Comedy', 'Western']",67355
26258,"Topo, El (1970)","['Fantasy', 'Western']",67866
26269,Lone Wolf and Cub: Sword of Vengeance (Kozure Ôkami: Kowokashi udekashi tsukamatsuru) (1972),"['Action', 'Crime']",68815
26270,Lone Wolf and Cub: Baby Cart at the River Styx (Kozure Ôkami: Sanzu no kawa no ubaguruma) (1972),"['Action', 'Adventure']",68816
26283,Charley Varrick (1973),"['Crime', 'Drama', 'Thriller']",69865
26285,Dark Star (1974),"['Comedy', 'Sci-Fi', 'Thriller']",69945
26289,Emperor of the North (Emperor of the North Pole) (1973),"['Action', 'Drama', 'Thriller']",70030
26294,My Name Is Nobody (Il Mio nome è Nessuno) (1973),"['Comedy', 'Western']",70215
26302,Scarecrow (1973),['Drama'],70643
26303,Sisters (1973),"['Horror', 'Thriller']",70698
26313,California Split (1974),"['Comedy', 'Drama']",71269
26317,Emmanuelle (1974),"['Drama', 'Romance']",71464
26322,Gone in 60 Seconds (1974),"['Action', 'Crime', 'Drama']",71571
26324,Harry and Tonto (1974),"['Comedy', 'Drama']",71598
26326,"Holy Mountain, The (Montaña sagrada, La) (1973)",['Drama'],71615
26336,"Adventure of Sherlock Holmes' Smarter Brother, The (1975)","['Comedy', 'Crime', 'Mystery']",72608
26344,French Connection II (1975),"['Action', 'Crime', 'Drama', 'Thriller']",73018
26347,"Irony of Fate, or Enjoy Your Bath! (Ironiya sudby, ili S legkim parom!) (1975)","['Comedy', 'Drama', 'Romance']",73179
26349,Night Moves (1975),"['Crime', 'Thriller']",73453
26350,"Passenger, The (Professione: reporter) (1975)",['Drama'],73580
26359,1900 (Novecento) (1976),"['Drama', 'War']",74084
26366,Harlan County U.S.A. (1976),['Documentary'],74605
26371,The Missouri Breaks (1976),"['Drama', 'Western']",74906
26375,Silver Streak (1976),"['Action', 'Comedy', 'Crime']",75223
26386,High Anxiety (1977),"['Comedy', 'Thriller']",76141
26391,"New York, New York (1977)","['Drama', 'Musical', 'Romance']",76451
26393,Sorcerer (1977),"['Action', 'Thriller']",76740
26394,"Turning Point, The (1977)","['Drama', 'Romance']",76843
26398,Capricorn One (1978),"['Drama', 'Sci-Fi', 'Thriller']",77294
26400,Gates of Heaven (1978),['Documentary'],77598
26403,"Hobbit, The (1977)","['Animation', 'Children', 'Fantasy']",77687
26413,Snake in the Eagle's Shadow (Se ying diu sau) (1978),"['Action', 'Comedy']",78252
26422,Hair (1979),"['Comedy', 'Drama', 'Musical']",79261
26425,"In-Laws, The (1979)","['Action', 'Comedy']",79336
26444,"Hitch Hikers Guide to the Galaxy, The (1981)","['Adventure', 'Comedy', 'Sci-Fi']",81874
26462,Bad Boys (1983),"['Crime', 'Drama', 'Thriller']",85210
26464,Blue Thunder (1983),"['Action', 'Crime', 'Drama']",85255
26467,"Day After, The (1983)","['Drama', 'Sci-Fi']",85404
26471,Eddie Murphy Delirious (1983),"['Comedy', 'Documentary']",85474
26472,"Norte, El (1984)","['Adventure', 'Drama']",85482
26476,Merry Christmas Mr. Lawrence (1983),"['Drama', 'War']",85933
26479,"Pirates of Penzance, The (1983)","['Adventure', 'Comedy', 'Musical', 'Romance']",86112
26485,Rumble Fish (1983),['Drama'],86216
26487,Star 80 (1983),['Drama'],86355
26488,"Star Chamber, The (1983)","['Action', 'Crime', 'Drama', 'Thriller']",86356
26491,To Be or Not to Be (1983),"['Comedy', 'Romance', 'War']",86450
26492,Twilight Zone: The Movie (1983),"['Fantasy', 'Horror', 'Sci-Fi', 'Thriller']",86491
26495,Yellowbeard (1983),"['Action', 'Adventure', 'Comedy']",86618
26502,"Christmas Carol, A (1984)","['Drama', 'Fantasy']",87056
26513,"Ice Pirates, The (1984)","['Action', 'Adventure', 'Comedy', 'Sci-Fi']",87451
26521,Racing with the Moon (1984),"['Comedy', 'Drama', 'Romance']",87968
26524,"Times of Harvey Milk, The (1984)",['Documentary'],88275
26527,What Have I Done to Deserve This? (¿Qué he hecho yo para merecer esto!!) (1984),"['Comedy', 'Drama']",88461
26528,Anne of Green Gables (1985),"['Children', 'Drama']",88727
26547,Police Story (Ging chaat goo si) (1985),"['Action', 'Comedy', 'Crime', 'Thriller']",89374
26554,"Quiet Earth, The (1985)","['Drama', 'Mystery', 'Sci-Fi']",89869
26555,Spies Like Us (1985),['Comedy'],90056
26560,"Unknown Soldier, The (Tuntematon sotilas) (1985)","['Drama', 'War']",90215
26561,Vision Quest (1985),"['Drama', 'Romance']",90270
26562,White Nights (1985),['Drama'],90319
26564,'Round Midnight (1986),"['Drama', 'Musical']",90557
26566,"Best of Times, The (1986)","['Comedy', 'Drama']",90713
26567,Club Paradise (1986),['Comedy'],90856
26578,"Sacrifice, The (Offret - Sacraficatio) (1986)",['Drama'],91670
26585,"Better Tomorrow, A (Ying hung boon sik) (1986)","['Crime', 'Drama', 'Thriller']",92263
26587,"Decalogue, The (Dekalog) (1989)","['Crime', 'Drama', 'Romance']",92337
26599,"Law of Desire (Ley del deseo, La) (1987)","['Comedy', 'Drama', 'Romance']",93412
26603,Prince of Darkness (1987),"['Fantasy', 'Horror', 'Sci-Fi', 'Thriller']",93777
26606,"Chinese Ghost Story, A (Sinnui yauwan) (1987)","['Action', 'Fantasy', 'Horror', 'Romance']",93978
26614,"Bourne Identity, The (1988)","['Action', 'Adventure', 'Drama', 'Mystery', 'Thriller']",94791
26629,Killer Klowns from Outer Space (1988),"['Comedy', 'Horror', 'Sci-Fi']",95444
26630,Moonwalker (1988),['Musical'],95655
26631,Alice (Neco z Alenky) (1988),"['Animation', 'Fantasy', 'Mystery']",95715
26649,Lonesome Dove (1989),"['Adventure', 'Drama', 'Western']",96639
26662,Kiki's Delivery Service (Majo no takkyûbin) (1989),"['Adventure', 'Animation', 'Children', 'Drama', 'Fantasy']",97814
26663,Monsieur Hire (1989),"['Crime', 'Romance', 'Thriller']",97904
26680,Cry-Baby (1990),"['Comedy', 'Musical', 'Romance']",99329
26681,Bullet in the Head (1990),"['Action', 'Drama', 'War']",99426
26686,Ghost Dad (1990),"['Comedy', 'Fantasy']",99654
26688,Hard to Kill (1990),"['Action', 'Crime', 'Drama']",99739
26691,I Hired a Contract Killer (1990),"['Comedy', 'Drama']",99818
26693,It (1990),"['Drama', 'Fantasy', 'Horror', 'Mystery', 'Thriller']",99864
26694,Ju Dou (1990),['Drama'],99902
26695,"Krays, The (1990)",['Drama'],99951
26696,Lionheart (1990),['Action'],100029
26699,Close-Up (Nema-ye Nazdik) (1990),['Drama'],100234
26700,Nuns on the Run (1990),"['Comedy', 'Crime']",100280
26701,Patlabor: The Movie (Kidô keisatsu patorebâ: The Movie) (1989),"['Action', 'Animation', 'Crime', 'Drama', 'Film-Noir', 'Mystery', 'Sci-Fi', 'Thriller']",100339
26702,"Reflecting Skin, The (1990)","['Drama', 'Horror', 'Thriller']",100469
26704,State of Grace (1990),"['Crime', 'Drama', 'Thriller']",100685
26712,35 Up (1991),['Documentary'],101254
26713,Days of Being Wild (A Fei jingjyuhn) (1990),"['Drama', 'Romance']",101258
26726,Dutch (1991),['Comedy'],101786
26729,Hearts of Darkness: A Filmmakers Apocalypse (1991),['Documentary'],102015
26741,Mannequin 2: On the Move (1991),"['Comedy', 'Fantasy', 'Romance']",102395
26744,Once Around (1991),['Drama'],102590
26745,Other People's Money (1991),"['Comedy', 'Drama', 'Romance']",102609
26746,Out for Justice (1991),"['Action', 'Crime', 'Drama', 'Thriller']",102614
26750,Quigley Down Under (1990),"['Adventure', 'Drama', 'Western']",102744
26758,All the Mornings of the World (Tous les matins du monde) (1991),"['Drama', 'Romance']",103110
26760,Wild Hearts Can't Be Broken (1991),"['Drama', 'Romance']",103262
26770,Diggstown (1992),['Drama'],104107
26776,Porco Rosso (Crimson Pig) (Kurenai no buta) (1992),"['Adventure', 'Animation', 'Comedy', 'Fantasy', 'Romance']",104652
26778,Ladybugs (1992),['Comedy'],104670
26782,"Mambo Kings, The (1992)","['Drama', 'Musical']",104802
26788,"Story of Qiu Ju, The (Qiu Ju da guan si) (1992)","['Comedy', 'Drama']",105197
26792,Sidekicks (1992),"['Action', 'Adventure', 'Children', 'Comedy']",105402
26810,Bad Boy Bubby (1993),['Drama'],106341
26812,Barbarians at the Gate (1993),['Drama'],106356
26819,Fortress (1992),"['Action', 'Sci-Fi']",106950
26834,Philadelphia Experiment II (1993),"['Action', 'Adventure', 'Sci-Fi']",107819
26838,"Snapper, The (1993)","['Comedy', 'Drama']",108170
26840,Sonatine (Sonachine) (1993),"['Action', 'Comedy', 'Crime', 'Drama']",108188
26841,Splitting Heirs (1993),['Comedy'],108207
26842,Tai Chi Master (Twin Warriors) (Tai ji: Zhang San Feng) (1993),"['Action', 'Adventure', 'Comedy', 'Drama']",108281
26849,"Stand, The (1994)","['Adventure', 'Drama', 'Fantasy', 'Horror', 'Sci-Fi']",108941
26865,Fist of Legend (Jing wu ying xiong) (1994),"['Action', 'Drama']",110200
26870,Major League II (1994),['Comedy'],110442
26871,My Father the Hero (1994),"['Comedy', 'Romance']",110612
26875,"Pure Formality, A (Pura formalità, Una) (1994)","['Crime', 'Film-Noir', 'Mystery', 'Thriller']",110917
26887,"Langoliers, The (1995)","['Drama', 'Fantasy', 'Horror', 'Mystery', 'Sci-Fi', 'Thriller']",112040
26903,Whisper of the Heart (Mimi wo sumaseba) (1995),"['Animation', 'Drama', 'Romance']",113824
26925,Cannibal! The Musical (a.k.a. Alferd Packer: The Musical) (1996),"['Comedy', 'Horror', 'Musical', 'Western']",115819
26939,Drifting Clouds (Kauas pilvet karkaavat) (1996),"['Comedy', 'Drama']",116752
26947,Pusher (1996),"['Crime', 'Thriller']",117407
26965,"Boxer, The (1997)","['Drama', 'Thriller']",118760
26974,Gummo (1997),['Drama'],119237
26985,Nirvana (1997),"['Action', 'Sci-Fi']",119794
26989,Dance with the Devil (Perdita Durango) (1997),"['Action', 'Crime', 'Drama', 'Romance']",119879
26999,"Lion King II: Simba's Pride, The (1998)","['Adventure', 'Animation', 'Children', 'Musical', 'Romance']",120131
27002,From the Earth to the Moon (1998),"['Action', 'Documentary', 'Drama', 'Thriller']",120570
27005,"Interview, The (1998)","['Crime', 'Drama', 'Mystery', 'Thriller']",120714
27020,Gia (1998),"['Drama', 'Romance']",123865
27022,Thursday (1998),"['Action', 'Crime', 'Thriller']",124901
27032,Who Am I? (Wo shi shei) (1998),"['Action', 'Adventure', 'Comedy', 'Sci-Fi', 'Thriller']",127357
27033,"Kingdom II, The (Riget II) (1997)","['Drama', 'Horror', 'Mystery']",127392
27036,Merlin (1998),"['Action', 'Adventure', 'Drama', 'Fantasy', 'Romance']",130414
27044,Breast Men (1997),"['Comedy', 'Drama']",133643
27046,"Murder of Crows, A (1998)","['Action', 'Crime', 'Thriller']",133985
27073,Two Hands (1999),"['Comedy', 'Crime', 'Thriller']",145547
27075,Addams Family Reunion (1998),"['Children', 'Comedy', 'Fantasy']",146402
27109,Lady Snowblood (Shurayukihime) (1973),"['Action', 'Crime', 'Drama', 'Thriller']",158714
27152,Pitkä kuuma kesä (1999),"['Comedy', 'Drama']",168123
27155,"Batman/Superman Movie, The (1998)","['Action', 'Adventure', 'Animation', 'Children', 'Fantasy', 'Sci-Fi']",169590
27156,"Neon Genesis Evangelion: The End of Evangelion (Shin seiki Evangelion Gekijô-ban: Air/Magokoro wo, kimi ni) (1997)","['Action', 'Animation', 'Drama', 'Fantasy', 'Sci-Fi']",169858
27178,In July (Im Juli) (2000),"['Comedy', 'Romance']",177858
27180,Joan of Arc (1999),"['Adventure', 'Drama']",178145
27193,Taxi 2 (2000),"['Action', 'Comedy']",183869
27216,Katsastus (1988),"['Comedy', 'Drama']",195855
27246,If These Walls Could Talk 2 (2000),"['Drama', 'Romance']",206036
27251,"10th Kingdom, The (2000)","['Adventure', 'Comedy', 'Fantasy']",207275
27253,"Extremely Goofy Movie, An (2000)","['Animation', 'Children', 'Comedy']",208185
27255,"Wind Will Carry Us, The (Bad ma ra khahad bord) (1999)",['Drama'],209463
27266,2046 (2004),"['Drama', 'Fantasy', 'Romance', 'Sci-Fi']",212712
27309,Restless (Levottomat) (2000),"['Drama', 'Romance']",231971
27311,Batman Beyond: Return of the Joker (2000),"['Action', 'Animation', 'Crime', 'Sci-Fi', 'Thriller']",233298
27317,Audition (Ôdishon) (1999),"['Drama', 'Horror', 'Mystery', 'Romance', 'Thriller']",235198
27329,Paradise Lost 2: Revelations (2000),['Documentary'],239894
27338,"Hole, The (2001)","['Crime', 'Drama', 'Horror', 'Mystery', 'Thriller']",242527
27347,Good Advice (2001),"['Comedy', 'Romance']",243931
27351,Spiral (2000),['Horror'],244870
27362,"Sometimes Happiness, Sometimes Sorrow (Kabhi Khushi Kabhie Gham) (2001)","['Drama', 'Musical', 'Romance']",248126
27365,"River, The (Joki) (2001)",['Drama'],248928
27366,Werckmeister Harmonies (Werckmeister harmóniák) (2000),['Drama'],249241
27368,Asterix & Obelix: Mission Cleopatra (Astérix & Obélix: Mission Cléopâtre) (2002),"['Adventure', 'Comedy', 'Fantasy']",250223
27369,Daria: Is It Fall Yet? (2000),"['Animation', 'Comedy']",250440
27373,61* (2001),['Drama'],250934
27376,"Tunnel, The (Tunnel, Der) (2001)","['Action', 'Drama', 'Thriller']",251447
27391,"Laramie Project, The (2002)","['Crime', 'Drama']",257850
27397,Joint Security Area (Gongdong gyeongbi guyeok JSA) (2000),"['Crime', 'Drama', 'Mystery', 'Thriller', 'War']",260991
27402,Dagon (2001),"['Fantasy', 'Horror', 'Mystery', 'Thriller']",264508
27408,Ripley's Game (2002),"['Drama', 'Thriller']",265651
27410,Conspiracy (2001),"['Drama', 'War']",266425
27416,Jalla! Jalla! (2000),"['Comedy', 'Drama', 'Romance']",269389
27434,Darkness (2002),"['Horror', 'Mystery']",273517
27441,Blood: The Last Vampire (2000),"['Action', 'Animation', 'Horror']",275230
27456,Shackleton's Antarctic Adventure (2001),"['Documentary', 'IMAX']",280105
27478,Ali G Indahouse (2002),['Comedy'],284837
27482,Cube 2: Hypercube (2002),"['Horror', 'Mystery', 'Sci-Fi']",285492
27491,Pulse (Kairo) (2001),"['Horror', 'Mystery', 'Thriller']",286751
27523,My Sassy Girl (Yeopgijeogin geunyeo) (2001),"['Comedy', 'Romance']",293715
27537,Nothing (2003),"['Comedy', 'Fantasy', 'Mystery', 'Sci-Fi']",298482
27555,Fubar (2002),['Comedy'],302585
27563,"Happiness of the Katakuris, The (Katakuri-ke no kôfuku) (2001)","['Comedy', 'Horror', 'Musical']",304262
27584,Dead End (2003),"['Comedy', 'Horror', 'Mystery', 'Thriller']",308152
27592,Sympathy for Mr. Vengeance (Boksuneun naui geot) (2002),"['Crime', 'Drama']",310775
27604,Suicide Club (Jisatsu saakuru) (2001),"['Horror', 'Mystery', 'Thriller']",312843
27608,Immortel (ad vitam) (Immortal) (2004),"['Action', 'Adventure', 'Animation', 'Fantasy', 'Sci-Fi']",314063
27611,Battlestar Galactica (2003),"['Drama', 'Sci-Fi', 'War']",314979
27618,"Sound of Thunder, A (2005)","['Action', 'Adventure', 'Drama', 'Sci-Fi', 'Thriller']",318081
27648,Bright Young Things (2003),"['Comedy', 'Drama']",325123
27660,"Animatrix, The (2003)","['Action', 'Animation', 'Drama', 'Sci-Fi']",328832
27664,"Brown Bunny, The (2003)",['Drama'],330099
27674,11:14 (2003),"['Comedy', 'Crime', 'Drama', 'Mystery', 'Thriller']",331811
27685,Bring It On Again (2004),['Comedy'],334965
27689,"Crimson Rivers 2: Angels of the Apocalypse (Rivières pourpres II - Les anges de l'apocalypse, Les) (2004)","['Action', 'Crime', 'Thriller']",337103
27700,Evil (Ondskan) (2003),['Drama'],338309
27704,Battle Royale 2: Requiem (Batoru rowaiaru II: Chinkonka) (2003),"['Action', 'Drama', 'Thriller', 'War']",338763
27706,Lemony Snicket's A Series of Unfortunate Events (2004),"['Adventure', 'Children', 'Comedy', 'Fantasy']",339291
27716,"Green Butchers, The (Grønne slagtere, De) (2003)","['Comedy', 'Crime', 'Drama', 'Romance']",342492
27721,"Very Long Engagement, A (Un long dimanche de fiançailles) (2004)","['Drama', 'Mystery', 'Romance', 'War']",344510
27722,Last Life in the Universe (Ruang rak noi nid mahasan) (2003),"['Drama', 'Romance']",345549
27727,Head-On (Gegen die Wand) (2004),"['Drama', 'Romance']",347048
27728,Ghost in the Shell 2: Innocence (a.k.a. Innocence) (Inosensu) (2004),"['Action', 'Animation', 'Drama', 'Sci-Fi', 'Thriller']",347246
27731,"Cat Returns, The (Neko no ongaeshi) (2002)","['Adventure', 'Animation', 'Children', 'Fantasy']",347618
27735,Unstoppable (2004),"['Action', 'Adventure', 'Comedy', 'Drama', 'Thriller']",349889
27738,"Cathedral, The (Katedra) (2002)",['Animation'],351167
27741,"Twilight Samurai, The (Tasogare Seibei) (2002)","['Drama', 'Romance']",351817
27746,Ginger Snaps: Unleashed (2004),"['Horror', 'Thriller']",353489
27751,'Salem's Lot (2004),"['Drama', 'Horror', 'Mystery', 'Thriller']",355987
27768,Intimate Strangers (Confidences trop intimes) (2004),['Drama'],363532
27772,Ju-on: The Grudge (2002),['Horror'],364385
27773,Old Boy (2003),"['Mystery', 'Thriller']",364569
27778,Ginger Snaps Back: The Beginning (2004),"['Fantasy', 'Horror']",365265
27788,"Jacket, The (2005)","['Drama', 'Mystery', 'Sci-Fi', 'Thriller']",366627
27790,Millions (2004),"['Children', 'Comedy', 'Crime', 'Drama', 'Fantasy']",366777
27792,"Saddest Music in the World, The (2003)","['Comedy', 'Drama', 'Fantasy', 'Musical', 'Romance']",366996
27793,Starship Troopers 2: Hero of the Federation (2004),"['Action', 'Horror', 'Sci-Fi', 'War']",367093
27797,"Man Who Copied, The (Homem Que Copiava, O) (2003)","['Comedy', 'Crime', 'Drama', 'Romance']",367859
27800,Interstella 5555: The 5tory of the 5ecret 5tar 5ystem (2003),"['Adventure', 'Animation', 'Fantasy', 'Musical', 'Sci-Fi']",368667
27801,Ong-Bak: The Thai Warrior (Ong Bak) (2003),"['Action', 'Thriller']",368909
27802,Infernal Affairs 2 (Mou gaan dou II) (2003),"['Action', 'Crime', 'Drama', 'Thriller']",369060
27803,"Sea Inside, The (Mar adentro) (2004)",['Drama'],369702
27808,Spanglish (2004),"['Comedy', 'Drama', 'Romance']",371246
27812,Festival Express (2003),"['Documentary', 'Musical']",372279
27815,"Chorus, The (Choristes, Les) (2004)",['Drama'],372824
27816,Saints and Soldiers (2003),"['Action', 'Adventure', 'Drama', 'War']",373283
27820,"Story of the Weeping Camel, The (Geschichte vom weinenden Kamel, Die) (2003)","['Documentary', 'Drama']",373861
27821,"Interpreter, The (2005)","['Drama', 'Thriller']",373926
27822,Open Water (2003),"['Drama', 'Thriller']",374102
27826,Touch of Pink (2004),"['Comedy', 'Drama', 'Romance']",374277
27828,"Memory of a Killer, The (Zaak Alzheimer, De) (2003)","['Action', 'Crime', 'Drama', 'Thriller']",374345
27831,Layer Cake (2004),"['Crime', 'Drama', 'Thriller']",375912
27833,Silver City (2004),"['Comedy', 'Drama', 'Mystery', 'Thriller']",376890
27834,"Return, The (Vozvrashcheniye) (2003)",['Drama'],376968
27837,Flight of the Phoenix (2004),"['Action', 'Adventure']",377062
27838,Mean Creek (2004),"['Drama', 'Thriller']",377091
27839,"Ring Two, The (2005)","['Drama', 'Horror', 'Mystery', 'Thriller']",377109
27843,Machuca (2004),['Drama'],378284
27846,"Corporation, The (2003)",['Documentary'],379225
27850,"Yes Men, The (2003)",['Documentary'],379593
27857,As it is in Heaven (Så som i himmelen) (2004),"['Drama', 'Musical', 'Romance']",382330
27864,She Hate Me (2004),"['Comedy', 'Drama']",384533
27865,Azumi (2003),"['Action', 'Adventure', 'Drama', 'Thriller']",384819
27866,In My Father's Den (2004),['Drama'],385017
27869,Tae Guk Gi: The Brotherhood of War (Taegukgi hwinalrimyeo) (2004),"['Action', 'Drama', 'War']",386064
27871,Something the Lord Made (2004),['Drama'],386792
27873,Metallica: Some Kind of Monster (2004),['Documentary'],387412
27875,Redemption: The Stan Tookie Williams Story (2004),"['Crime', 'Documentary', 'Drama']",388367
27878,Born into Brothels (2004),['Documentary'],388789
27879,DiG! (2004),['Documentary'],388888
27882,Riding Giants (2004),['Documentary'],389326
27884,Word Wars (2004),"['Comedy', 'Documentary', 'Drama']",390632
27899,What the #$*! Do We Know!? (a.k.a. What the Bleep Do We Know!?) (2004),"['Comedy', 'Documentary', 'Drama']",399877
27904,"Scanner Darkly, A (2006)","['Animation', 'Drama', 'Mystery', 'Sci-Fi', 'Thriller']",405296
27905,Casshern (2004),"['Action', 'Drama', 'Fantasy', 'Sci-Fi']",405821
27912,Outfoxed: Rupert Murdoch's War on Journalism (2004),['Documentary'],418038
30701,Chimes at Midnight (Campanadas a medianoche) (1965),"['Comedy', 'Drama', 'War']",59012
30707,Million Dollar Baby (2004),['Drama'],405159
30712,"Narrow Margin, The (1952)","['Crime', 'Drama', 'Film-Noir']",44954
30721,Hell Is for Heroes (1962),"['Drama', 'War']",56062
30745,Gozu (Gokudô kyôfu dai-gekijô: Gozu) (2003),"['Comedy', 'Crime', 'Drama', 'Horror', 'Mystery']",361668
30747,"Goodbye, Dragon Inn (Bu san) (2003)","['Comedy', 'Drama']",377556
30749,Hotel Rwanda (2004),"['Drama', 'War']",395169
30793,Charlie and the Chocolate Factory (2005),"['Adventure', 'Children', 'Comedy', 'Fantasy', 'IMAX']",367594
30803,3-Iron (Bin-jip) (2004),"['Drama', 'Romance']",423866
30810,"Life Aquatic with Steve Zissou, The (2004)","['Adventure', 'Comedy', 'Fantasy']",362270
30812,"Aviator, The (2004)",['Drama'],338751
30816,"Phantom of the Opera, The (2004)","['Drama', 'Musical', 'Romance']",293508
30818,Beyond the Sea (2004),"['Drama', 'Musical']",363473
30820,"Woodsman, The (2004)",['Drama'],361127
30822,In Good Company (2004),"['Comedy', 'Drama']",385267
30825,Meet the Fockers (2004),['Comedy'],290002
30846,"Assassination of Richard Nixon, The (2004)","['Crime', 'Drama', 'Thriller']",364961
30848,"Love Song for Bobby Long, A (2004)",['Drama'],369672
30850,"Merchant of Venice, The (2004)",['Drama'],379889
30867,Kamikaze Girls (Shimotsuma monogatari) (2004),['Comedy'],416220
30883,Fat Albert (2004),"['Comedy', 'Fantasy']",396592
30892,In the Realms of the Unreal (2004),"['Animation', 'Documentary']",390123
30894,White Noise (2005),"['Drama', 'Horror', 'Mystery', 'Sci-Fi', 'Thriller']",375210
30898,"Upside of Anger, The (2005)","['Comedy', 'Drama', 'Romance']",365885
30996,Little Miss Marker (1934),"['Comedy', 'Drama']",25410
31000,Sweet Liberty (1986),['Comedy'],92035
31026,"Phantom of the Opera, The (1989)","['Drama', 'Horror', 'Musical']",98090
31030,I Remember Mama (1948),"['Children', 'Drama']",40458
31035,Testament (1983),['Drama'],86429
31047,Jinxed! (1982),['Comedy'],84173
31079,Son of Godzilla (Kaijûtô no kessen: Gojira no musuko) (1967),['Sci-Fi'],61856
31114,Imaginary Heroes (2004),"['Comedy', 'Drama']",373024
31116,Sergeant York (1941),"['Drama', 'War']",34167
31150,Wizards (1977),"['Animation', 'Fantasy', 'Sci-Fi', 'War']",76929
31156,Abbott and Costello Meet the Invisible Man (1951),"['Comedy', 'Sci-Fi']",43255
31162,"Life and Death of Peter Sellers, The (2004)","['Comedy', 'Drama']",352520
31184,Appleseed (Appurushîdo) (2004),"['Action', 'Animation', 'Fantasy', 'Sci-Fi']",401233
31193,"Many Adventures of Winnie the Pooh, The (1977)","['Animation', 'Children', 'Musical']",76363
31221,Elektra (2005),"['Action', 'Adventure', 'Crime', 'Drama']",357277
31223,Racing Stripes (2005),"['Children', 'Comedy']",376105
31225,Coach Carter (2005),['Drama'],393162
31251,Iceman (1984),"['Drama', 'Sci-Fi']",87452
31255,Ice Station Zebra (1968),"['Action', 'Thriller']",63121
31260,Boys Town (1938),['Drama'],29942
31270,Shivers (They Came from Within) (1975),"['Drama', 'Horror', 'Sci-Fi']",73705
31309,Rocco and His Brothers (Rocco e i suoi fratelli) (1960),"['Crime', 'Drama']",54248
31347,Christmas in July (1940),"['Comedy', 'Romance']",32338
31359,Moolaadé (2004),['Drama'],416991
31364,Memories of Murder (Salinui chueok) (2003),"['Crime', 'Drama', 'Mystery', 'Thriller']",353969
31367,"Chase, The (1994)","['Action', 'Adventure', 'Comedy', 'Crime', 'Romance', 'Thriller']",109402
31374,Hobson's Choice (1954),"['Comedy', 'Drama', 'Romance']",47094
31410,"Downfall (Untergang, Der) (2004)","['Drama', 'War']",363163
31420,Assault on Precinct 13 (2005),"['Action', 'Crime', 'Drama', 'Thriller']",398712
31422,Are We There Yet? (2005),"['Children', 'Comedy']",368578
31424,Alone in the Dark (2005),"['Action', 'Horror', 'Sci-Fi', 'Thriller']",369226
31427,Hide and Seek (2005),"['Horror', 'Mystery', 'Thriller']",382077
31431,Boogeyman (2005),"['Drama', 'Horror', 'Mystery', 'Thriller']",357507
31433,"Wedding Date, The (2005)","['Comedy', 'Romance']",372532
31435,Rory O'Shea Was Here (Inside I'm Dancing) (2004),['Drama'],417791
31437,Nobody Knows (Dare mo shiranai) (2004),['Drama'],408664
31445,Employee of the Month (2004),"['Comedy', 'Drama']",362590
31467,"Great White Hope, The (1970)","['Action', 'Drama']",65797
31485,"Professionals, The (1966)",['Western'],60862
31502,Salem's Lot (1979),"['Drama', 'Horror', 'Mystery', 'Thriller']",79844
31522,"Marriage of Maria Braun, The (Ehe der Maria Braun, Die) (1979)",['Drama'],79095
31524,"Bitter Tears of Petra von Kant, The (bitteren Tränen der Petra von Kant, Die) (1972)",['Drama'],68278
31528,Beau Geste (1939),"['Action', 'Adventure', 'Drama', 'War']",31088
31547,Lessons of Darkness (Lektionen in Finsternis) (1992),"['Documentary', 'War']",104706
31553,Double Dragon (1994),"['Action', 'Adventure', 'Sci-Fi']",106761
31555,Mac and Me (1988),"['Children', 'Fantasy', 'Sci-Fi']",95560
31588,Casque d'or (1952),"['Crime', 'Drama', 'Romance']",43386
31590,Hands Off the Loot (Touchez pas au grisbi) (1954),"['Crime', 'Drama', 'Thriller']",46451
31617,El Cid (1961),"['Action', 'Adventure', 'Drama', 'Romance', 'War']",54847
31658,Howl's Moving Castle (Hauru no ugoku shiro) (2004),"['Adventure', 'Animation', 'Fantasy', 'Romance']",347149
31660,Steamboy (Suchîmubôi) (2004),"['Action', 'Animation', 'Drama', 'Sci-Fi']",348121
31685,Hitch (2005),"['Comedy', 'Romance']",386588
31689,Inside Deep Throat (2005),['Documentary'],418753
31694,Bride & Prejudice (2004),"['Comedy', 'Musical', 'Romance']",361411
31696,Constantine (2005),"['Action', 'Fantasy', 'Horror', 'Thriller']",360486
31698,Son of the Mask (2005),"['Adventure', 'Children', 'Comedy', 'Fantasy']",362165
31700,Because of Winn-Dixie (2005),"['Children', 'Comedy', 'Drama']",317132
31702,Turtles Can Fly (Lakposhtha hâm parvaz mikonand) (2004),"['Drama', 'War']",424227
31724,Pauly Shore Is Dead (2003),['Comedy'],284674
31737,Bunny Lake Is Missing (1965),"['Mystery', 'Thriller']",58997
31747,The Boyfriend School (1990),"['Comedy', 'Romance']",99450
31770,Night and the City (1950),"['Film-Noir', 'Thriller']",42788
31785,Frozen Land (Paha maa) (2005),['Drama'],388318
31804,Night Watch (Nochnoy dozor) (2004),"['Action', 'Fantasy', 'Horror', 'Mystery', 'Sci-Fi', 'Thriller']",403358
31807,Dot the I (2003),"['Drama', 'Film-Noir', 'Thriller']",326835
31867,Man of the House (2005),"['Action', 'Comedy']",331933
31878,Kung Fu Hustle (Gong fu) (2004),"['Action', 'Comedy']",373074
31903,Zelary (2003),"['Drama', 'Romance']",288330
31923,"Three Musketeers, The (1973)","['Action', 'Adventure', 'Comedy']",72281
31934,"Four Feathers, The (1939)","['Adventure', 'War']",31334
31950,Curse of the Demon (Night of the Demon) (1957),"['Fantasy', 'Horror', 'Mystery']",50766
31952,Control (Kontroll) (2003),"['Comedy', 'Crime', 'Drama', 'Mystery']",373981
31956,5x2 (2004),"['Drama', 'Romance']",354356
32009,Tyler Perry's Diary of a Mad Black Woman (2005),"['Comedy', 'Drama', 'Romance']",422093
32011,Cursed (2005),"['Horror', 'Thriller']",257516
32017,"Pacifier, The (2005)","['Action', 'Comedy']",395699
32019,Be Cool (2005),"['Comedy', 'Crime', 'Musical']",377471
32022,Gunner Palace (2004),"['Documentary', 'War']",424129
32025,Walk on Water (2004),"['Drama', 'Thriller']",352994
32029,Hostage (2005),"['Action', 'Crime', 'Drama', 'Thriller']",340163
32031,Robots (2005),"['Adventure', 'Animation', 'Children', 'Comedy', 'Fantasy', 'Sci-Fi', 'IMAX']",358082
32058,Class Action (1991),['Drama'],101590
32076,Godzilla vs. The Sea Monster (Gojira-Ebira-Mosura: Nankai no daiketto) (1966),"['Action', 'Adventure', 'Fantasy', 'Sci-Fi']",60464
32078,Godzilla vs. Mechagodzilla II (Gojira VS Mekagojira) (1993),"['Action', 'Drama', 'Sci-Fi']",107027
32116,"Oh, God! You Devil (1984)",['Comedy'],87835
32139,"Agony and the Ecstasy, The (1965)",['Drama'],58886
32149,Butch and Sundance: The Early Days (1979),['Western'],78919
32153,Once Upon a Forest (1993),"['Adventure', 'Animation', 'Children', 'Fantasy']",107745
32160,Twentieth Century (1934),['Comedy'],25919
32174,"Green Berets, The (1968)","['Action', 'Drama', 'War']",63035
32179,Elevator to the Gallows (a.k.a. Frantic) (Ascenseur pour l'échafaud) (1958),"['Crime', 'Drama', 'Thriller']",51378
32196,"Violent Cop (Sono otoko, kyôbô ni tsuki) (1989)","['Action', 'Crime', 'Drama', 'Thriller']",98360
32203,Brian's Song (1971),['Drama'],68315
32213,Cube Zero (2004),"['Horror', 'Mystery', 'Sci-Fi', 'Thriller']",377713
32234,Julia (1977),['Drama'],76245
32239,Save the Green Planet! (Jigureul jikyeora!) (2003),"['Comedy', 'Drama', 'Horror', 'Sci-Fi', 'Thriller']",354668
32261,Thirty Seconds Over Tokyo (1944),"['Drama', 'War']",37366
32289,Ice Princess (2005),"['Children', 'Comedy', 'Drama']",396652
32291,Melinda and Melinda (2004),"['Comedy', 'Drama']",378947
32296,Miss Congeniality 2: Armed and Fabulous (2005),"['Adventure', 'Comedy', 'Crime']",385307
32298,Guess Who (2005),"['Comedy', 'Romance']",372237
32300,D.E.B.S. (2004),"['Action', 'Comedy']",367631
32302,"League of Ordinary Gentlemen, A (2004)",['Documentary'],430289
32314,Incident at Loch Ness (2004),"['Adventure', 'Comedy', 'Documentary']",374639
32316,"River, The (1951)","['Drama', 'Romance']",43972
32349,Stella Dallas (1937),['Drama'],29608
32369,Panic in the Streets (1950),"['Crime', 'Drama', 'Film-Noir', 'Thriller']",42832
32371,Call Northside 777 (1948),"['Crime', 'Drama', 'Film-Noir']",40202
32387,"Sword of Doom, The (Dai-bosatsu tôge) (1966)","['Action', 'Drama']",60277
32392,800 Bullets (800 Balas) (2002),"['Comedy', 'Crime', 'Drama', 'Western']",292886
32456,"Pom Poko (a.k.a. Raccoon War, The) (Heisei tanuki gassen pompoko) (1994)","['Animation', 'Comedy', 'Drama', 'Fantasy']",110008
32460,Knockin' on Heaven's Door (1997),"['Action', 'Comedy', 'Crime', 'Drama']",119472
32469,We're No Angels (1955),"['Comedy', 'Crime', 'Drama']",48801
32525,"Earrings of Madame de..., The (Madame de...) (1953)",['Drama'],46022
32554,Memories (Memorîzu) (1995),"['Animation', 'Fantasy', 'Sci-Fi', 'Thriller']",113799
32582,"Wild Parrots of Telegraph Hill, The (2003)",['Documentary'],424565
32584,"Ballad of Jack and Rose, The (2005)",['Drama'],357110
32587,Sin City (2005),"['Action', 'Crime', 'Film-Noir', 'Mystery', 'Thriller']",401792
32589,Beauty Shop (2005),['Comedy'],388500
32591,Look at Me (Comme une image) (2004),"['Comedy', 'Drama', 'Romance']",374583
32596,Sahara (2005),"['Action', 'Adventure', 'Comedy']",318649
32598,Fever Pitch (2005),"['Comedy', 'Romance']",332047
32617,Eye of the Tiger (1986),['Action'],91027
32627,Rhinestone (1984),['Comedy'],88001
32632,Electra Glide in Blue (1973),"['Action', 'Crime']",70022
32657,"Man Who Planted Trees, The (Homme qui plantait des arbres, L') (1987)","['Animation', 'Drama']",93488
32666,National Lampoon's Lady Killers (National Lampoon's Gold Diggers) (2003),['Comedy'],376717
32721,Battle of the Bulge (1965),"['Action', 'Drama', 'War']",58947
32728,"Little Girl Who Lives Down the Lane, The (1976)","['Drama', 'Mystery', 'Thriller']",74806
32743,Ringu 0: Bâsudei (2000),"['Drama', 'Horror', 'Thriller']",235712
32770,Brothers (Brødre) (2004),['Drama'],386342
32825,Sexmission (Seksmisja) (1984),"['Adventure', 'Comedy', 'Sci-Fi']",88083
32840,Vincent (1982),['Animation'],84868
32892,Ivan's Childhood (a.k.a. My Name is Ivan) (Ivanovo detstvo) (1962),"['Drama', 'War']",56111
32898,"Trip to the Moon, A (Voyage dans la lune, Le) (1902)","['Action', 'Adventure', 'Fantasy', 'Sci-Fi']",417
32914,Carrie (2002),"['Drama', 'Horror', 'Thriller']",319970
32943,Life Is Sweet (1990),"['Comedy', 'Drama']",100024
33004,"Hitchhiker's Guide to the Galaxy, The (2005)","['Adventure', 'Comedy', 'Sci-Fi']",371724
33036,"Eiger Sanction, The (1975)","['Action', 'Adventure', 'Drama', 'Thriller']",72926
33072,F for Fake (Vérités et mensonges) (1973),"['Documentary', 'Mystery']",72962
33085,"Amityville Horror, The (2005)","['Horror', 'Thriller']",384806
33124,Before the Fall (NaPolA - Elite für den Führer) (2004),"['Drama', 'War']",384369
33136,House of D (2004),['Drama'],372334
33138,Palindromes (2004),"['Adventure', 'Comedy', 'Drama']",362004
33145,"Lot Like Love, A (2005)","['Comedy', 'Drama', 'Romance']",391304
33154,Enron: The Smartest Guys in the Room (2005),['Documentary'],413845
33158,xXx: State of the Union (2005),"['Action', 'Crime', 'Thriller']",329774
33162,Kingdom of Heaven (2005),"['Action', 'Drama', 'Romance', 'War']",320661
33164,House of Wax (2005),"['Horror', 'Thriller']",397065
33166,Crash (2004),"['Crime', 'Drama']",375679
33171,Mysterious Skin (2004),"['Drama', 'Mystery']",370986
33288,Kes (1969),['Drama'],64541
33312,"Cocoanuts, The (1929)","['Comedy', 'Musical']",19777
33358,Off the Map (2003),"['Comedy', 'Drama']",332285
33410,Crackerjack (2002),['Comedy'],291832
33421,Dear Wendy (2005),['Drama'],342272
33437,Unleashed (Danny the Dog) (2005),"['Action', 'Crime', 'Drama', 'Thriller']",342258
33451,"Ugly, Dirty and Bad (Brutti sporchi e cattivi) (1976)","['Comedy', 'Drama']",74252
33463,DuckTales: The Movie - Treasure of the Lost Lamp (1990),"['Adventure', 'Animation', 'Children', 'Comedy', 'Fantasy']",99472
33487,Samaritan Girl (Samaria) (2004),['Drama'],397619
33493,Star Wars: Episode III - Revenge of the Sith (2005),"['Action', 'Adventure', 'Sci-Fi']",121766
33495,Kicking & Screaming (2005),['Comedy'],384642
33499,Monster-in-Law (2005),"['Comedy', 'Romance']",369735
33539,Deep Blue (2003),['Documentary'],365109
33558,"Snow Walker, The (2003)","['Adventure', 'Drama']",337721
33564,Divorce - Italian Style (Divorzio all'italiana) (1961),['Comedy'],55913
33585,9 Songs (2004),"['Drama', 'Romance']",411705
33592,Bad Guy (Nabbeun namja) (2001),['Drama'],307213
33603,Simon (2004),"['Comedy', 'Drama']",393775
33615,Madagascar (2005),"['Adventure', 'Animation', 'Children', 'Comedy']",351283
33621,Somersault (2004),['Drama'],381429
33639,Mad Hot Ballroom (2005),"['Children', 'Documentary']",438205
33644,Dominion: Prequel to the Exorcist (2005),"['Horror', 'Thriller']",449086
33646,"Longest Yard, The (2005)","['Comedy', 'Drama']",398165
33649,Saving Face (2004),"['Comedy', 'Drama', 'Romance']",384504
33660,Cinderella Man (2005),"['Drama', 'Romance']",352248
33669,"Sisterhood of the Traveling Pants, The (2005)","['Adventure', 'Comedy', 'Drama']",403508
33672,Lords of Dogtown (2005),"['Action', 'Comedy', 'Drama']",355702
33677,Rock School (2005),['Documentary'],436727
33679,Mr. & Mrs. Smith (2005),"['Action', 'Adventure', 'Comedy', 'Romance']",356910
33681,"Adventures of Sharkboy and Lavagirl 3-D, The (2005)","['Action', 'Adventure', 'Children', 'Fantasy']",424774
33683,High Tension (Haute tension) (Switchblade Romance) (2003),"['Horror', 'Thriller']",338095
33722,Ladies in Lavender (2004),"['Comedy', 'Drama', 'Romance']",377084
33725,It's All Gone Pete Tong (2004),"['Comedy', 'Drama', 'Musical']",388139
33750,Innocent Voices (Voces inocentes) (2004),"['Drama', 'War']",387914
33779,Eddie Izzard: Dress to Kill (1999),['Comedy'],184424
33781,Quo Vadis (1951),"['Drama', 'Romance']",43949
33794,Batman Begins (2005),"['Action', 'Crime', 'IMAX']",372784
33815,"Perfect Man, The (2005)","['Comedy', 'Drama', 'Romance']",380623
33817,My Summer of Love (2004),"['Drama', 'Romance']",382189
33819,Heights (2004),['Drama'],382073
33823,"Bridge of San Luis Rey, The (2004)",['Drama'],356443
33826,Saint Ralph (2004),"['Comedy', 'Drama']",384488
33830,Herbie: Fully Loaded (2005),"['Adventure', 'Comedy', 'Romance']",400497
33834,Land of the Dead (2005),"['Action', 'Horror', 'Thriller']",418819
33836,Bewitched (2005),"['Comedy', 'Fantasy', 'Romance']",374536
33838,Rize (2005),['Documentary'],436724
33880,Me and You and Everyone We Know (2005),"['Comedy', 'Drama']",415978
33893,"Perfect Crime, The (Crimen Ferpecto) (Ferpect Crime) (2004)","['Comedy', 'Crime', 'Thriller']",395125
33896,3 Extremes (Three... Extremes) (Saam gaang yi) (2004),['Horror'],420251
33903,"Edukators, The (Die Fetten Jahre sind vorbei) (2004)","['Comedy', 'Crime', 'Drama', 'Romance']",408777
33966,Cop and ½ (1993),['Comedy'],106613
34018,At the Circus (1939),"['Comedy', 'Musical']",31060
34048,War of the Worlds (2005),"['Action', 'Adventure', 'Sci-Fi', 'Thriller']",407304
34072,"March of the Penguins (Marche de l'empereur, La) (2005)",['Documentary'],428803
34129,Rebound (2005),['Comedy'],376108
34143,Dark Water (2005),"['Drama', 'Horror', 'Thriller']",382628
34148,"Beat That My Heart Skipped, The (battre mon coeur s'est arrêté, De) (2005)",['Drama'],411270
34150,Fantastic Four (2005),"['Action', 'Adventure', 'Sci-Fi']",120667
34153,Murderball (2005),['Documentary'],436613
34155,Saraband (2003),['Drama'],299478
34162,Wedding Crashers (2005),"['Comedy', 'Romance']",396269
34164,Happy Endings (2005),"['Comedy', 'Drama']",361693
34177,"Hindenburg, The (1975)","['Drama', 'Thriller']",73113
34198,Russian Dolls (Les poupées russes) (2005),"['Comedy', 'Romance']",409184
34271,Hustle & Flow (2005),"['Crime', 'Drama']",410097
34292,Hardware (1990),"['Action', 'Horror', 'Sci-Fi']",99740
34319,"Island, The (2005)","['Action', 'Sci-Fi', 'Thriller']",399201
34321,Bad News Bears (2005),"['Children', 'Comedy']",408524
34323,"Devil's Rejects, The (2005)","['Action', 'Crime', 'Horror']",395584
34326,Last Days (2005),['Drama'],403217
34332,Sky High (2005),"['Action', 'Adventure', 'Children', 'Comedy']",405325
34334,Stealth (2005),"['Action', 'Adventure', 'Sci-Fi', 'Thriller']",382992
34336,Must Love Dogs (2005),"['Comedy', 'Romance']",417001
34338,"Aristocrats, The (2005)","['Comedy', 'Documentary']",436078
34359,Georgy Girl (1966),['Comedy'],60453
34405,Serenity (2005),"['Action', 'Adventure', 'Sci-Fi']",379786
34437,Broken Flowers (2005),"['Comedy', 'Drama']",412019
34482,"Browning Version, The (1951)",['Drama'],43362
34520,"Dukes of Hazzard, The (2005)","['Action', 'Adventure', 'Comedy']",377818
34523,The Chumscrubber (2005),"['Comedy', 'Drama']",406650
34528,Junebug (2005),"['Comedy', 'Drama']",418773
34530,Deuce Bigalow: European Gigolo (2005),['Comedy'],367652
34532,"Skeleton Key, The (2005)","['Drama', 'Horror', 'Mystery', 'Thriller']",397101
34534,Four Brothers (2005),"['Action', 'Crime', 'Drama']",430105
34536,The Great Raid (2005),"['Action', 'Drama', 'War']",326905
34540,Pretty Persuasion (2005),"['Comedy', 'Drama']",381505
34542,Grizzly Man (2005),['Documentary'],427312
34552,"Girl in the Café, The (2005)","['Drama', 'Romance']",443518
34767,My Date with Drew (2004),"['Comedy', 'Documentary', 'Romance']",378407
34811,Pusher II: With Blood on My Hands (2004),"['Action', 'Crime', 'Drama', 'Thriller']",396184
35015,Duma (2005),"['Adventure', 'Drama']",361715
35347,Animal Farm (1954),"['Animation', 'Drama']",47834
35836,"40-Year-Old Virgin, The (2005)","['Comedy', 'Romance']",405422
35957,Red Eye (2005),"['Horror', 'Thriller']",421239
36276,Hidden (a.k.a. Cache) (Caché) (2005),"['Drama', 'Mystery', 'Thriller']",387898
36363,Kin-Dza-Dza! (1986),"['Comedy', 'Drama', 'Sci-Fi']",91341
36397,Valiant (2005),"['Adventure', 'Animation', 'Children', 'Comedy', 'Fantasy', 'War']",361089
36401,"Brothers Grimm, The (2005)","['Comedy', 'Fantasy', 'Horror', 'Thriller']",355295
36477,"Baxter, The (2005)","['Comedy', 'Drama', 'Romance']",401244
36509,"Cave, The (2005)","['Action', 'Adventure', 'Horror', 'Mystery', 'Sci-Fi', 'Thriller']",402901
36513,Dirty Deeds (2005),['Comedy'],407732
36517,"Constant Gardener, The (2005)","['Drama', 'Thriller']",387131
36519,Transporter 2 (2005),"['Action', 'Crime', 'Thriller']",388482
36523,Margaret Cho: Assassin (2005),['Comedy'],462333
36525,Just Like Heaven (2005),"['Comedy', 'Fantasy', 'Romance']",425123
36527,Proof (2005),['Drama'],377107
36529,Lord of War (2005),"['Action', 'Crime', 'Drama', 'Thriller', 'War']",399295
36533,Cry_Wolf (a.k.a. Cry Wolf) (2005),"['Drama', 'Horror', 'Mystery', 'Thriller']",384286
36535,Everything Is Illuminated (2005),"['Comedy', 'Drama']",404030
36537,Thumbsucker (2005),"['Comedy', 'Drama']",318761
36708,Family Guy Presents Stewie Griffin: The Untold Story (2005),"['Adventure', 'Animation', 'Comedy']",385690
36850,Police Story 2 (Ging chaat goo si juk jaap) (1988),"['Action', 'Comedy', 'Crime', 'Thriller']",95403
36931,New Police Story (Xin jing cha gu shi) (2004),"['Action', 'Crime', 'Drama']",386005
37211,Go West (1940),"['Comedy', 'Musical', 'Western']",32536
37240,Why We Fight (2005),['Documentary'],436971
37380,Doom (2005),"['Action', 'Horror', 'Sci-Fi']",419706
37382,Domino (2005),"['Crime', 'Drama', 'Thriller']",421054
37384,Waiting... (2005),['Comedy'],348333
37386,Aeon Flux (2005),"['Action', 'Sci-Fi']",402022
37475,"Unfinished Life, An (2005)",['Drama'],350261
37477,"Man, The (2005)","['Action', 'Comedy', 'Crime']",399327
37545,Woyzeck (1979),['Drama'],80149
37720,"Exorcism of Emily Rose, The (2005)","['Crime', 'Drama', 'Horror', 'Thriller']",404032
37727,Flightplan (2005),"['Action', 'Drama', 'Thriller']",408790
37729,Corpse Bride (2005),"['Animation', 'Comedy', 'Fantasy', 'Musical', 'Romance']",121164
37731,Green Street Hooligans (a.k.a. Hooligans) (2005),"['Crime', 'Drama']",385002
37733,"History of Violence, A (2005)","['Action', 'Crime', 'Drama', 'Thriller']",399146
37736,Oliver Twist (2005),['Drama'],380599
37739,"Greatest Game Ever Played, The (2005)",['Drama'],388980
37741,Capote (2005),"['Crime', 'Drama']",379725
37830,Final Fantasy VII: Advent Children (2004),"['Action', 'Adventure', 'Animation', 'Fantasy', 'Sci-Fi']",385700
37844,Roll Bounce (2005),"['Comedy', 'Drama', 'Romance']",403455
37853,Into the Blue (2005),"['Action', 'Adventure', 'Crime', 'Thriller']",378109
37855,"Prize Winner of Defiance Ohio, The (2005)",['Drama'],406158
37857,MirrorMask (2005),"['Adventure', 'Children', 'Drama', 'Fantasy']",366780
37955,Innocence (2004),"['Drama', 'Fantasy', 'Mystery']",375233
38038,Wallace & Gromit in The Curse of the Were-Rabbit (2005),"['Adventure', 'Animation', 'Children', 'Comedy']",312004
38061,Kiss Kiss Bang Bang (2005),"['Comedy', 'Crime', 'Mystery', 'Thriller']",373469
38095,"Bittersweet Life, A (Dalkomhan insaeng) (2005)","['Action', 'Crime', 'Drama']",456912
38097,Dumplings (Gaau ji) (2004),"['Drama', 'Horror', 'Thriller']",472458
38159,"Short Film About Love, A (Krótki film o milosci) (1988)","['Drama', 'Romance']",95467
38294,Beowulf & Grendel (2005),"['Action', 'Adventure', 'Drama', 'Fantasy']",402057
38304,No Direction Home: Bob Dylan (2005),['Documentary'],367555
38384,Hail the Conquering Hero (1944),['Comedy'],36891
38388,Goal! The Dream Begins (Goal!) (2005),['Drama'],380389
38499,Angels in America (2003),"['Drama', 'Fantasy']",318997
38538,Speak (2004),['Drama'],378793
38600,Factotum (2005),['Drama'],417658
38701,Don't Come Knocking (2005),"['Drama', 'Western']",377800
38798,In Her Shoes (2005),"['Comedy', 'Drama']",388125
38824,Mother of Mine (Äideistä parhain) (2005),['Drama'],343221
38886,"Squid and the Whale, The (2005)","['Comedy', 'Drama']",367089
38992,Two for the Money (2005),['Drama'],417217
38994,Separate Lies (2005),"['Drama', 'Romance', 'Thriller']",369053
39052,Star Wreck: In the Pirkinning (2005),"['Action', 'Comedy', 'Sci-Fi']",472566
39183,Brokeback Mountain (2005),"['Drama', 'Romance']",388795
39231,Elizabethtown (2005),"['Comedy', 'Drama', 'Romance']",368709
39234,North Country (2005),['Drama'],395972
39292,"Good Night, and Good Luck. (2005)","['Crime', 'Drama']",433383
39307,Dreamer: Inspired by a True Story (2005),"['Children', 'Drama']",418647
39381,"Proposition, The (2005)","['Crime', 'Drama', 'Western']",421238
39398,C.S.A.: The Confederate States of America (2004),"['Comedy', 'Drama']",389828
39400,"Fog, The (2005)","['Action', 'Horror', 'Mystery', 'Thriller']",432291
39414,Shopgirl (2005),"['Comedy', 'Drama', 'Romance']",338427
39419,Where the Truth Lies (2005),"['Drama', 'Thriller']",373450
39421,After School Special (a.k.a. Barely Legal) (2003),['Comedy'],302297
39427,Stay (2005),['Thriller'],371257
39435,"Legend of Zorro, The (2005)","['Action', 'Adventure', 'Drama', 'Western']",386140
39444,"Weather Man, The (2005)","['Comedy', 'Drama']",384680
39446,Saw II (2005),"['Horror', 'Thriller']",432348
39449,Prime (2005),"['Comedy', 'Drama', 'Romance']",387514
39529,"Race for Your Life, Charlie Brown (1977)","['Adventure', 'Animation', 'Children']",76591
39659,Teorema (1968),['Drama'],63678
39715,American Pie Presents: Band Camp (American Pie 4: Band Camp) (2005),['Comedy'],436058
39869,Manderlay (2005),['Drama'],342735
39886,Nine Lives (2005),['Drama'],420015
40010,Duck Season (Temporada de patos) (2004),['Comedy'],407246
40148,Revolver (2005),"['Crime', 'Drama', 'Thriller']",365686
40278,Jarhead (2005),"['Action', 'Drama', 'War']",418763
40339,Chicken Little (2005),"['Action', 'Adventure', 'Animation', 'Children', 'Comedy', 'Sci-Fi']",371606
40412,Dead Man's Shoes (2004),"['Crime', 'Thriller']",419677
40414,Joyeux Noël (Merry Christmas) (2005),"['Drama', 'War']",424205
40491,"Match Factory Girl, The (Tulitikkutehtaan tyttö) (1990)","['Comedy', 'Drama']",98532
40574,Get Rich or Die Tryin' (2005),"['Action', 'Crime', 'Drama']",430308
40581,Just Friends (2005),"['Comedy', 'Romance']",433400
40583,Syriana (2005),"['Drama', 'Thriller']",365737
40586,Calamari Union (1985),['Comedy'],87020
40614,Derailed (2005),"['Drama', 'Thriller']",398017
40617,Creep (2004),"['Horror', 'Thriller']",381966
40629,Pride & Prejudice (2005),"['Drama', 'Romance']",414387
40697,Babylon 5,['Sci-Fi'],105946
40723,Wolf Creek (2005),"['Crime', 'Horror', 'Thriller']",416315
40732,"Descent, The (2005)","['Adventure', 'Drama', 'Horror', 'Thriller']",435625
40815,Harry Potter and the Goblet of Fire (2005),"['Adventure', 'Fantasy', 'Thriller', 'IMAX']",330373
40819,Walk the Line (2005),"['Drama', 'Musical', 'Romance']",358273
40826,Rent (2005),"['Drama', 'Musical', 'Romance']",294870
40851,Zathura (2005),"['Action', 'Adventure', 'Children', 'Fantasy']",406375
40870,C.R.A.Z.Y. (2005),['Drama'],401085
40946,Sarah Silverman: Jesus Is Magic (2005),"['Comedy', 'Musical']",422528
40952,Bee Season (2005),['Drama'],387059
40955,Breakfast on Pluto (2005),"['Comedy', 'Drama']",411195
40959,"Ice Harvest, The (2005)","['Action', 'Comedy', 'Crime', 'Thriller']",400525
40962,"Yours, Mine and Ours (2005)","['Comedy', 'Romance']",443295
40966,"Libertine, The (2004)",['Drama'],375920
40973,"Wild Geese, The (1978)","['Action', 'Adventure', 'Drama', 'War']",78492
40988,Hondo (1953),['Western'],45883
41014,"Bird with the Crystal Plumage, The (Uccello dalle piume di cristallo, L') (1970)","['Crime', 'Horror', 'Mystery', 'Thriller']",65143
41025,"Good Woman, A (2004)","['Comedy', 'Drama', 'Romance']",379306
41136,"Driver, The (1978)","['Action', 'Crime', 'Film-Noir']",77474
41226,Sounder (1972),['Drama'],69303
41285,Match Point (2005),"['Crime', 'Drama', 'Romance']",416320
41411,"Deep, The (1977)","['Adventure', 'Horror', 'Mystery', 'Thriller']",75925
41527,Paradise Now (2005),"['Crime', 'Drama', 'Thriller', 'War']",445620
41566,"Chronicles of Narnia: The Lion, the Witch and the Wardrobe, The (2005)","['Adventure', 'Children', 'Fantasy']",363771
41569,King Kong (2005),"['Action', 'Adventure', 'Drama', 'Fantasy', 'Thriller']",360717
41571,Memoirs of a Geisha (2005),"['Drama', 'Romance']",397535
41573,"Family Stone, The (2005)","['Comedy', 'Drama', 'Romance']",356680
41575,"Promise, The (Wu ji) (2005)","['Action', 'Drama', 'Fantasy']",417976
41585,Kiss of Death (1947),"['Crime', 'Drama', 'Film-Noir']",39536
41617,Havoc (2005),"['Crime', 'Drama', 'Romance']",285175
41716,"Matador, The (2005)","['Comedy', 'Drama', 'Thriller']",365485
41721,Look Both Ways (2005),"['Drama', 'Romance']",382806
41724,Wal-Mart: The High Cost of Low Price (2005),['Documentary'],473107
41831,They Died with Their Boots On (1941),"['Drama', 'Romance', 'War', 'Western']",34277
41863,"Three Burials of Melquiades Estrada, The (2006)","['Adventure', 'Crime', 'Drama']",419294
41997,Munich (2005),"['Action', 'Crime', 'Drama', 'Thriller']",408306
42002,"Producers, The (2005)","['Comedy', 'Musical']",395251
42004,Transamerica (2005),"['Adventure', 'Comedy', 'Drama']",407265
42007,Rumor Has It... (2005),"['Comedy', 'Drama', 'Romance']",398375
42009,Cheaper by the Dozen 2 (2005),"['Adventure', 'Comedy']",452598
42011,Fun with Dick and Jane (2005),"['Comedy', 'Crime']",369441
42013,"Ringer, The (2005)",['Comedy'],267891
42015,Casanova (2005),"['Action', 'Adventure', 'Comedy', 'Drama', 'Romance']",402894
42018,Mrs. Henderson Presents (2005),"['Comedy', 'Drama']",413015
42021,"White Countess, The (2005)",['Drama'],384686
42094,"Spirit of the Beehive, The (Espíritu de la colmena, El) (1973)","['Drama', 'Horror', 'Mystery']",70040
42163,Richard Pryor: Live in Concert (1979),"['Comedy', 'Documentary']",79807
42197,Keeping Mum (2005),"['Comedy', 'Crime']",444653
42217,Late Spring (Banshun) (1949),['Drama'],41154
42351,Threads (1984),"['Drama', 'Sci-Fi', 'War']",90163
42418,"New World, The (2005)","['Adventure', 'Drama', 'Romance']",402399
42422,Voices of a Distant Star (Hoshi no koe) (2003),"['Animation', 'Drama', 'Romance', 'Sci-Fi']",370754
42632,Lady Vengeance (Sympathy for Lady Vengeance) (Chinjeolhan geumjassi) (2005),"['Crime', 'Drama', 'Mystery', 'Thriller']",451094
42718,District 13 (Banlieue 13) (2004),"['Action', 'Crime', 'Sci-Fi']",414852
42721,BloodRayne (2005),"['Action', 'Fantasy']",383222
42723,Hostel (2005),['Horror'],450278
42725,Grandma's Boy (2006),['Comedy'],456554
42728,Tristan & Isolde (2006),"['Drama', 'Romance']",375154
42730,Glory Road (2006),['Drama'],385726
42732,Last Holiday (2006),['Comedy'],408985
42734,Hoodwinked! (2005),"['Animation', 'Children', 'Comedy']",443536
42738,Underworld: Evolution (2006),"['Action', 'Fantasy', 'Horror']",401855
42740,Looking for Comedy in the Muslim World (2005),['Comedy'],433116
42900,Cul-de-sac (1966),"['Comedy', 'Crime', 'Drama', 'Thriller']",60268
42946,Project A ('A' gai waak) (1983),"['Action', 'Comedy']",85127
42958,Little Manhattan (2005),"['Children', 'Comedy', 'Romance']",412922
43333,Water (2005),"['Drama', 'Romance']",240200
43376,Sophie Scholl: The Final Days (Sophie Scholl - Die letzten Tage) (2005),"['Drama', 'War']",426578
43396,"World's Fastest Indian, The (2005)",['Drama'],412080
43419,Bandidas (2006),"['Action', 'Comedy', 'Crime', 'Western']",416496
43460,Tristram Shandy: A Cock and Bull Story (2005),"['Comedy', 'Drama']",423409
43556,Annapolis (2006),['Drama'],417433
43558,Big Momma's House 2 (2006),"['Action', 'Comedy', 'Crime']",421729
43560,Nanny McPhee (2005),"['Children', 'Comedy', 'Fantasy']",396752
43652,"Comedians of Comedy, The (2005)","['Comedy', 'Documentary']",451021
43677,"Tuskegee Airmen, The (1995)","['Drama', 'War']",114745
43679,Final Destination 3 (2006),"['Horror', 'Mystery', 'Thriller']",414982
43684,Something New (2006),"['Comedy', 'Drama', 'Romance']",437777
43708,Block Party (a.k.a. Dave Chappelle's Block Party) (2005),"['Comedy', 'Documentary']",425598
43744,Imagine Me & You (2005),"['Comedy', 'Drama', 'Romance']",421994
43832,"Call of Cthulhu, The (2005)","['Horror', 'Thriller']",478988
43836,"Pink Panther, The (2006)","['Adventure', 'Comedy', 'Crime']",383216
43853,"Business, The (2005)","['Action', 'Comedy', 'Crime', 'Drama', 'Thriller']",429715
43869,Curious George (2006),"['Adventure', 'Animation', 'Children', 'Comedy']",381971
43871,Firewall (2006),"['Crime', 'Drama', 'Thriller']",408345
43897,"White Diamond, The (2004)",['Documentary'],435776
43904,When a Stranger Calls (2006),"['Horror', 'Thriller']",455857
43908,London (2005),['Drama'],449061
43910,Neil Young: Heart of Gold (2006),"['Documentary', 'Musical']",473692
43912,Freedomland (2006),"['Crime', 'Drama']",349467
43914,Winter Passing (2005),['Drama'],380817
43917,Eight Below (2006),"['Action', 'Adventure', 'Drama', 'Romance']",397313
43919,Date Movie (2006),"['Comedy', 'Romance']",466342
43921,Running Scared (2006),"['Action', 'Crime', 'Thriller']",404390
43926,Doogal (2006),"['Animation', 'Children']",763304
43928,Ultraviolet (2006),"['Action', 'Fantasy', 'Sci-Fi', 'Thriller']",370032
43930,Just My Luck (2006),"['Comedy', 'Romance']",397078
43932,Pulse (2006),"['Action', 'Drama', 'Fantasy', 'Horror', 'Mystery', 'Sci-Fi', 'Thriller']",454919
43936,16 Blocks (2006),"['Crime', 'Thriller']",450232
43983,Election (Hak se wui) (2005),"['Crime', 'Drama', 'Thriller']",434008
43987,Half Light (2006),"['Romance', 'Thriller']",412798
44004,Failure to Launch (2006),"['Comedy', 'Romance']",427229
44022,Ice Age 2: The Meltdown (2006),"['Adventure', 'Animation', 'Children', 'Comedy']",438097
44058,"Big White, The (2005)","['Comedy', 'Crime', 'Drama']",402850
44100,Cyrano de Bergerac (1950),"['Drama', 'Romance']",42367
44168,"Naked Spur, The (1953)",['Western'],44953
44191,V for Vendetta (2006),"['Action', 'Sci-Fi', 'Thriller', 'IMAX']",434409
44193,She's the Man (2006),"['Comedy', 'Romance']",454945
44195,Thank You for Smoking (2006),"['Comedy', 'Drama']",427944
44197,Find Me Guilty (2006),"['Comedy', 'Crime', 'Drama']",419749
44199,Inside Man (2006),"['Crime', 'Drama', 'Thriller']",454848
44204,Tsotsi (2005),"['Crime', 'Drama']",468565
44225,Aquamarine (2006),"['Children', 'Comedy', 'Fantasy']",429591
44238,Leprechaun 2 (1994),"['Comedy', 'Fantasy', 'Horror']",110329
44301,Lights in the Dusk (Laitakaupungin valot) (2006),"['Crime', 'Drama']",458242
44317,Kummeli Stories (1995),['Comedy'],113580
44397,"Hills Have Eyes, The (2006)","['Drama', 'Horror', 'Thriller']",454841
44399,"Shaggy Dog, The (2006)","['Adventure', 'Children', 'Comedy', 'Fantasy']",393735
44555,"Lives of Others, The (Das leben der Anderen) (2006)","['Drama', 'Romance', 'Thriller']",405094
44587,Nanook of the North (1922),"['Documentary', 'Drama']",13427
44613,Take the Lead (2006),['Drama'],446046
44633,"Devil and Daniel Johnston, The (2005)",['Documentary'],436231
44657,Mouchette (1967),['Drama'],61996
44665,Lucky Number Slevin (2006),"['Crime', 'Drama', 'Mystery']",425210
44694,Volver (2006),"['Comedy', 'Drama']",441909
44709,Akeelah and the Bee (2006),['Drama'],437800
44729,Larry the Cable Guy: Health Inspector (2006),['Comedy'],462395
44731,Stay Alive (2006),"['Horror', 'Sci-Fi', 'Thriller']",441796
44759,Basic Instinct 2 (2006),"['Crime', 'Drama', 'Mystery', 'Thriller']",430912
44761,Brick (2005),"['Crime', 'Drama', 'Film-Noir', 'Mystery']",393109
44788,This Film Is Not Yet Rated (2006),['Documentary'],493459
44815,ATL (2006),['Drama'],466856
44828,Slither (2006),"['Comedy', 'Horror', 'Sci-Fi']",439815
44840,"Benchwarmers, The (2006)",['Comedy'],437863
44849,Renaissance (2006),"['Action', 'Animation', 'Film-Noir', 'Sci-Fi', 'Thriller']",386741
44864,Friends with Money (2006),"['Comedy', 'Drama', 'Romance']",436331
44889,Reefer Madness: The Movie Musical (2005),"['Comedy', 'Drama', 'Musical']",404364
44900,Beauty and the Bastard (Tyttö sinä olet tähti) (2005),"['Drama', 'Musical', 'Romance']",471957
44929,Candy (2006),"['Drama', 'Romance']",424880
44937,"Child, The (L'enfant) (2005)","['Crime', 'Drama']",456396
44943,9/11 (2002),['Documentary'],312318
44949,Hoot (2006),"['Children', 'Comedy']",453494
44966,Where the Red Fern Grows (1974),"['Children', 'Drama']",72402
44972,Scary Movie 4 (2006),"['Comedy', 'Horror']",362120
44974,Hard Candy (2005),"['Drama', 'Thriller']",424136
45003,Shutter (2004),"['Fantasy', 'Horror', 'Mystery', 'Thriller']",440803
45028,"Prairie Home Companion, A (2006)","['Comedy', 'Drama', 'Musical']",420087
45062,"Sentinel, The (2006)","['Crime', 'Drama', 'Thriller']",443632
45074,"Wild, The (2006)","['Adventure', 'Animation', 'Children', 'Comedy', 'Fantasy']",405469
45081,Silent Hill (2006),"['Fantasy', 'Horror', 'Thriller']",384537
45106,American Dreamz (2006),"['Comedy', 'Drama']",465142
45175,Kinky Boots (2005),"['Comedy', 'Drama']",434124
45183,"Protector, The (a.k.a. Warrior King) (Tom yum goong) (2005)","['Action', 'Comedy', 'Crime', 'Thriller']",427954
45186,Mission: Impossible III (2006),"['Action', 'Adventure', 'Thriller']",317919
45208,RV (2006),"['Adventure', 'Children', 'Comedy']",449089
45210,United 93 (2006),"['Crime', 'Drama']",475276
45221,Stick It (2006),['Comedy'],430634
45361,"American Haunting, An (2005)","['Drama', 'Horror', 'Mystery', 'Thriller']",429573
45382,Down in the Valley (2005),"['Drama', 'Romance']",398027
45412,"Hidden Blade, The (Kakushi ken oni no tsume) (2004)","['Action', 'Drama', 'Romance']",442286
45431,Over the Hedge (2006),"['Adventure', 'Animation', 'Children', 'Comedy']",327084
45440,Art School Confidential (2006),"['Comedy', 'Drama']",364955
45442,Poseidon (2006),"['Action', 'Adventure', 'Thriller', 'IMAX']",409182
45447,"Da Vinci Code, The (2006)","['Drama', 'Mystery', 'Thriller']",382625
45499,X-Men: The Last Stand (2006),"['Action', 'Sci-Fi', 'Thriller']",376994
45501,"Break-Up, The (2006)","['Comedy', 'Drama', 'Romance']",452594
45503,Peaceful Warrior (2006),['Drama'],438315
45506,Twelve and Holding (2005),['Drama'],417385
45517,Cars (2006),"['Animation', 'Children', 'Comedy']",317219
45635,"Notorious Bettie Page, The (2005)",['Drama'],404802
45662,"Omen, The (2006)","['Horror', 'Thriller']",466909
45664,"King, The (2005)",['Drama'],396688
45666,Nacho Libre (2006),['Comedy'],457510
45668,"Lake House, The (2006)","['Drama', 'Fantasy', 'Romance']",410297
45672,Click (2006),"['Adventure', 'Comedy', 'Drama', 'Fantasy', 'Romance']",389860
45679,"Seventh Victim, The (1943)","['Drama', 'Film-Noir', 'Horror', 'Mystery']",36341
45720,"Devil Wears Prada, The (2006)","['Comedy', 'Drama']",458352
45722,Pirates of the Caribbean: Dead Man's Chest (2006),"['Action', 'Adventure', 'Fantasy']",383574
45726,"You, Me and Dupree (2006)",['Comedy'],463034
45728,Clerks II (2006),['Comedy'],424345
45730,Lady in the Water (2006),"['Drama', 'Fantasy', 'Mystery']",452637
45732,My Super Ex-Girlfriend (2006),"['Comedy', 'Fantasy', 'Romance']",465624
45852,See No Evil (2006),['Horror'],437179
45880,Marie Antoinette (2006),"['Drama', 'Romance']",422720
45928,Who Killed the Electric Car? (2006),['Documentary'],489037
45950,"Inconvenient Truth, An (2006)",['Documentary'],497116
45969,Career Opportunities (1991),"['Comedy', 'Romance']",101545
45981,Hollow Man II (2006),"['Action', 'Horror', 'Sci-Fi', 'Thriller']",469916
46062,High School Musical (2006),"['Children', 'Comedy', 'Drama', 'Musical', 'Romance']",475293
46156,"Ax, The (couperet, Le) (2005)","['Comedy', 'Crime']",422015
46194,Adam & Steve (2005),"['Comedy', 'Romance']",372122
46322,Jet Li's Fearless (Huo Yuan Jia) (2006),"['Action', 'Drama']",446059
46335,"Fast and the Furious: Tokyo Drift, The (Fast and the Furious 3, The) (2006)","['Action', 'Crime', 'Drama', 'Thriller']",463985
46337,Garfield: A Tail of Two Kitties (2006),"['Animation', 'Children', 'Comedy']",455499
46347,Metal: A Headbanger's Journey (2005),['Documentary'],478209
46530,Superman Returns (2006),"['Action', 'Adventure', 'Sci-Fi', 'IMAX']",348150
46559,"Road to Guantanamo, The (2006)","['Drama', 'War']",468094
46572,Edmond (2005),"['Drama', 'Thriller']",443496
46574,"OH in Ohio, The (2006)",['Comedy'],422861
46578,Little Miss Sunshine (2006),"['Adventure', 'Comedy', 'Drama']",449059
46664,"Fallen Idol, The (1948)","['Drama', 'Mystery', 'Thriller']",40338
46723,Babel (2006),"['Drama', 'Thriller']",449467
46772,Strangers with Candy (2005),['Comedy'],369994
46803,Young Mr. Lincoln (1939),['Drama'],32155
46850,Wordplay (2006),['Documentary'],492506
46855,Army of Shadows (L'armée des ombres) (1969),"['Action', 'Drama', 'Thriller', 'War']",64040
46865,Little Man (2006),['Comedy'],430304
46919,End of the Spear (2005),['Drama'],399862
46948,Monster House (2006),"['Animation', 'Children', 'Fantasy', 'Mystery']",385880
46965,Snakes on a Plane (2006),"['Action', 'Comedy', 'Horror', 'Thriller']",417148
46967,Scoop (2006),"['Comedy', 'Fantasy', 'Mystery']",457513
46970,Talladega Nights: The Ballad of Ricky Bobby (2006),"['Action', 'Comedy']",415306
46972,Night at the Museum (2006),"['Action', 'Comedy', 'Fantasy', 'IMAX']",477347
46974,World Trade Center (2006),['Drama'],469641
46976,Stranger than Fiction (2006),"['Comedy', 'Drama', 'Fantasy', 'Romance']",420223
47044,Miami Vice (2006),"['Action', 'Crime', 'Drama', 'Thriller']",430357
47099,"Pursuit of Happyness, The (2006)",['Drama'],454921
47122,John Tucker Must Die (2006),"['Comedy', 'Romance']",455967
47124,"Ant Bully, The (2006)","['Adventure', 'Animation', 'Children', 'Comedy', 'Fantasy', 'IMAX']",429589
47148,Mrs. Palfrey at the Claremont (2005),"['Comedy', 'Drama']",421229
47200,Crank (2006),"['Action', 'Thriller']",479884
47202,"Secret Life of Words, The (2005)","['Drama', 'Romance']",430576
47254,Chaos (2005),"['Action', 'Crime', 'Drama', 'Thriller']",402910
47261,"Night Listener, The (2006)","['Fantasy', 'Mystery', 'Thriller']",448075
47264,Barnyard: The Original Party Animals (2006),"['Animation', 'Children', 'Comedy']",414853
47274,Murmur of the Heart (Le souffle au coeur) (1971),['Drama'],67778
47306,"Canterbury Tale, A (1944)","['Drama', 'Mystery', 'War']",36695
47382,Step Up (2006),"['Drama', 'Romance']",462590
47404,Mind Game (2004),"['Adventure', 'Animation', 'Comedy', 'Fantasy', 'Romance', 'Sci-Fi']",452039
47423,Half Nelson (2006),['Drama'],468489
47465,Tideland (2005),"['Drama', 'Fantasy', 'Thriller']",410764
47491,Adam's Apples (Adams æbler) (2005),"['Comedy', 'Drama']",418455
47516,Material Girls (2006),"['Children', 'Comedy', 'Drama']",433412
47518,Accepted (2006),['Comedy'],384793
47610,"Illusionist, The (2006)","['Drama', 'Fantasy', 'Mystery', 'Romance']",443543
47629,"Queen, The (2006)",['Drama'],436697
47634,36 Quai des Orfèvres (Department 36) (2004),"['Action', 'Crime', 'Drama', 'Thriller']",390808
47640,Beerfest (2006),['Comedy'],486551
47644,Invincible (2006),['Drama'],445990
47646,Idlewild (2006),"['Crime', 'Drama', 'Musical']",417225
47721,"Red Balloon, The (Ballon rouge, Le) (1956)","['Children', 'Fantasy']",48980
47725,Angel-A (2005),"['Comedy', 'Drama', 'Fantasy', 'Romance']",473753
47778,Quinceañera (2006),['Drama'],451176
47805,Lassie (2005),"['Adventure', 'Children']",431213
47810,"Wicker Man, The (2006)","['Horror', 'Mystery', 'Thriller']",450345
47830,"Quiet, The (2005)","['Crime', 'Drama', 'Mystery', 'Thriller']",414951
47894,"Wind That Shakes the Barley, The (2006)","['Drama', 'War']",460989
47937,Severance (2006),"['Comedy', 'Horror', 'Thriller']",464196
47940,Time to Leave (2005),['Drama'],417189
47950,Hollywoodland (2006),"['Crime', 'Drama', 'Mystery', 'Thriller']",427969
47952,"Covenant, The (2006)","['Action', 'Horror', 'Thriller']",475944
47970,"Last Kiss, The (2006)","['Comedy', 'Drama']",434139
47978,SherryBaby (2006),['Drama'],423169
47997,Idiocracy (2006),"['Adventure', 'Comedy', 'Sci-Fi', 'Thriller']",387808
47999,Jesus Camp (2006),"['Documentary', 'Drama']",486358
48032,"Tiger and the Snow, The (La tigre e la neve) (2005)","['Comedy', 'Drama', 'Romance', 'War']",419198
48043,"Fountain, The (2006)","['Drama', 'Fantasy', 'Romance']",414993
48059,"Boy Named Charlie Brown, A (1969)","['Animation', 'Children', 'Comedy', 'Drama']",64107
48061,Snoopy Come Home (1972),"['Animation', 'Children', 'Comedy', 'Musical']",69289
48082,"Science of Sleep, The (La science des rêves) (2006)","['Comedy', 'Drama', 'Fantasy', 'Romance']",354899
48142,"Black Dahlia, The (2006)","['Crime', 'Drama', 'Mystery', 'Thriller']",387877
48161,Gridiron Gang (2006),['Drama'],421206
48165,"Seventh Continent, The (Der siebente Kontinent) (1989)",['Drama'],98327
48262,"Bridge, The (2006)",['Documentary'],799954
48304,Apocalypto (2006),"['Adventure', 'Drama', 'Thriller']",472043
48319,Flyboys (2006),"['Action', 'Adventure', 'Drama', 'War']",454824
48322,Jackass Number Two (2006),"['Comedy', 'Documentary']",493430
48326,All the King's Men (2006),['Drama'],405676
48342,Conversations with Other Women (2005),"['Comedy', 'Drama', 'Romance']",435623
48385,Borat: Cultural Learnings of America for Make Benefit Glorious Nation of Kazakhstan (2006),['Comedy'],443453
48394,"Pan's Labyrinth (Laberinto del fauno, El) (2006)","['Drama', 'Fantasy', 'Thriller']",457430
48412,"Guardian, The (2006)","['Action', 'Adventure', 'Drama']",406816
48414,Open Season (2006),"['Adventure', 'Animation', 'Children', 'Comedy', 'IMAX']",400717
48416,School for Scoundrels (2006),"['Comedy', 'Crime']",462519
48516,"Departed, The (2006)","['Crime', 'Drama', 'Thriller']",407887
48518,"Texas Chainsaw Massacre: The Beginning, The (2006)","['Horror', 'Thriller']",420294
48520,Employee of the Month (2006),['Comedy'],424993
48522,Stormbreaker (Alex Rider: Operation Stormbreaker) (2006),"['Action', 'Children']",457495
48560,Running With Scissors (2006),"['Comedy', 'Drama']",439289
48591,"Grudge 2, The (2006)","['Drama', 'Horror', 'Mystery', 'Thriller']",433386
48593,Man of the Year (2006),"['Comedy', 'Thriller']",483726
48596,"Marine, The (2006)","['Action', 'Drama', 'Thriller']",419946
48598,Infamous (2006),['Drama'],420609
48600,One Night with the King (2006),['Drama'],430431
48678,Feast (2005),"['Action', 'Comedy', 'Horror', 'Thriller']",426459
48696,Little Children (2006),"['Drama', 'Romance']",404203
48698,Deliver Us from Evil (2006),['Documentary'],814075
48711,Facing the Giants (2006),"['Action', 'Drama']",805526
48738,"Last King of Scotland, The (2006)","['Drama', 'Thriller']",455590
48741,"U.S. vs. John Lennon, The (2006)",['Documentary'],478049
48744,Shortbus (2006),"['Comedy', 'Drama', 'Romance']",367027
48774,Children of Men (2006),"['Action', 'Adventure', 'Drama', 'Sci-Fi', 'Thriller']",206634
48780,"Prestige, The (2006)","['Drama', 'Mystery', 'Sci-Fi', 'Thriller']",482571
48783,Flags of Our Fathers (2006),"['Drama', 'War']",418689
48791,Flicka (2006),"['Children', 'Drama']",434215
48856,"Guide to Recognizing Your Saints, A (2006)","['Crime', 'Drama']",473488
48872,13 Tzameti (2005),"['Film-Noir', 'Thriller']",475169
48877,Saw III (2006),"['Crime', 'Horror', 'Thriller']",489270
48879,Catch a Fire (2006),"['Drama', 'Thriller']",437232
48883,Death of a President (2006),"['Crime', 'Drama', 'Mystery', 'Thriller']",853096
48943,The Butterfly Effect 2 (2006),"['Adventure', 'Drama', 'Romance', 'Sci-Fi', 'Thriller']",457297
48982,Flushed Away (2006),"['Animation', 'Comedy']",424095
48997,Perfume: The Story of a Murderer (2006),"['Crime', 'Drama', 'Thriller']",396171
49013,"Santa Clause 3: The Escape Clause, The (2006)","['Comedy', 'Fantasy']",452681
49110,Mom and Dad Save the World (1992),"['Comedy', 'Sci-Fi']",104905
49130,"Good Year, A (2006)","['Comedy', 'Drama', 'Romance']",401445
49132,Shut Up & Sing (2006),['Documentary'],811136
49205,"Return, The (2006)","['Sci-Fi', 'Thriller']",433442
49220,For Your Consideration (2006),['Comedy'],470765
49272,Casino Royale (2006),"['Action', 'Adventure', 'Thriller']",381061
49274,Happy Feet (2006),"['Adventure', 'Animation', 'Children', 'Comedy', 'IMAX']",366548
49276,Let's Go to Prison (2006),['Comedy'],454987
49278,Déjà Vu (Deja Vu) (2006),"['Action', 'Sci-Fi', 'Thriller']",453467
49280,Bobby (2006),['Drama'],308055
49282,Deck the Halls (2006),['Comedy'],790604
49284,10 Items or Less (2006),"['Comedy', 'Drama', 'Romance']",499603
49286,"Holiday, The (2006)","['Comedy', 'Romance']",457939
49312,Snow Cake (2006),['Drama'],448124
49314,Harsh Times (2006),"['Action', 'Crime', 'Drama']",433387
49347,Fast Food Nation (2006),['Drama'],460792
49396,Tenacious D in The Pick of Destiny (2006),"['Adventure', 'Comedy', 'Musical']",365830
49412,It's A Wonderful World (1939),"['Comedy', 'Crime', 'Romance']",31500
49422,"OSS 117: Cairo, Nest of Spies (OSS 117: Le Caire nid d'espions) (2006)","['Adventure', 'Comedy', 'Crime']",464913
49524,"Nativity Story, The (2006)",['Drama'],762121
49526,National Lampoon's Van Wilder: The Rise of Taj (2006),['Comedy'],480271
49528,Turistas (2006),"['Adventure', 'Drama', 'Horror', 'Mystery', 'Thriller']",454970
49530,Blood Diamond (2006),"['Action', 'Adventure', 'Crime', 'Drama', 'Thriller', 'War']",450259
49615,Triad Election (Election 2) (Hak se wui yi wo wai kwai) (2006),"['Crime', 'Drama', 'Thriller']",491244
49642,Unaccompanied Minors (2006),"['Children', 'Comedy']",488658
49647,Charlotte's Web (2006),"['Children', 'Comedy', 'Drama', 'Fantasy']",413895
49649,Eragon (2006),"['Action', 'Adventure', 'Fantasy']",449010
49651,Rocky Balboa (2006),"['Action', 'Drama']",479143
49666,Fur: An Imaginary Portrait of Diane Arbus (2006),"['Drama', 'Fantasy', 'Romance']",422295
49688,"Dam Busters, The (1955)","['Action', 'Drama', 'War']",46889
49772,"Painted Veil, The (2006)","['Drama', 'Romance']",446755
49793,We Are Marshall (2006),['Drama'],758794
49815,"Place Promised in Our Early Days, The (Kumo no mukô, yakusoku no basho) (2004)","['Animation', 'Drama', 'Romance', 'Sci-Fi', 'War']",381348
49822,"Good Shepherd, The (2006)","['Drama', 'Thriller']",343737
49824,Dreamgirls (2006),"['Drama', 'Musical']",443489
49902,"Decameron, The (Decameron, Il) (1971)","['Comedy', 'Drama']",65622
49910,Freedom Writers (2007),['Drama'],463998
49917,When the Levees Broke: A Requiem in Four Acts (2006),['Documentary'],783612
49932,Inland Empire (2006),"['Drama', 'Mystery', 'Thriller']",460829
49957,"History Boys, The (2006)","['Comedy', 'Drama']",464049
49961,Notes on a Scandal (2006),['Drama'],465551
50003,DOA: Dead or Alive (2006),"['Action', 'Adventure']",398913
50005,Curse of the Golden Flower (Man cheng jin dai huang jin jia) (2006),"['Action', 'Drama']",473444
50011,"Bothersome Man, The (Brysomme mannen, Den) (2006)","['Comedy', 'Drama', 'Fantasy', 'Mystery']",808185
50064,"Good German, The (2006)","['Drama', 'Mystery', 'Thriller']",452624
50066,Sweet Land (2005),"['Drama', 'Romance']",428038
50068,Letters from Iwo Jima (2006),"['Drama', 'War']",498380
50147,Black Christmas (2006),"['Action', 'Horror', 'Thriller']",454082
50149,Happily N'Ever After (2007),"['Animation', 'Children', 'Comedy']",308353
50153,Code Name: The Cleaner (2007),"['Action', 'Comedy', 'Crime']",462229
50158,Stomp the Yard (2007),"['Drama', 'Musical']",775539
50160,Miss Potter (2006),['Drama'],482546
50162,Arthur and the Invisibles (2007),"['Action', 'Children', 'Fantasy']",344854
50189,American Pie Presents The Naked Mile (American Pie 5: The Naked Mile) (2006),"['Comedy', 'Romance']",808146
50259,Old Joy (2006),['Drama'],468526
50274,Venus (2006),"['Drama', 'Romance']",489327
50442,Alpha Dog (2007),"['Crime', 'Drama']",426883
50445,"Hitcher, The (2007)","['Action', 'Horror', 'Thriller']",455960
50447,"Dead Girl, The (2006)","['Drama', 'Mystery', 'Thriller']",783238
50514,After the Wedding (Efter brylluppet) (2006),['Drama'],457655
50517,Time (Shi gan) (2006),"['Drama', 'Romance']",497986
50601,Bridge to Terabithia (2007),"['Adventure', 'Children', 'Fantasy']",398808
50641,House (Hausu) (1977),"['Comedy', 'Fantasy', 'Horror']",76162
50651,Kenny (2006),['Comedy'],822389
50658,49 Up (2005),['Documentary'],473434
50685,Waitress (2007),"['Comedy', 'Drama', 'Romance']",473308
50740,Seven Up! (1964),['Documentary'],58578
50742,7 Plus Seven (1970),['Documentary'],66356
50792,Catch and Release (2006),"['Comedy', 'Drama', 'Romance']",395495
50794,Smokin' Aces (2006),"['Action', 'Crime', 'Drama', 'Thriller']",475394
50796,Blood and Chocolate (2007),"['Drama', 'Fantasy', 'Horror', 'Romance']",397044
50798,Epic Movie (2007),"['Adventure', 'Comedy']",799949
50800,"Messengers, The (2007)","['Drama', 'Horror', 'Thriller']",425430
50802,Because I Said So (2007),"['Comedy', 'Drama', 'Romance']",490084
50804,Hannibal Rising (2007),"['Drama', 'Horror', 'Thriller']",367959
50806,Norbit (2007),"['Comedy', 'Romance']",477051
50842,"Boss of It All, The (Direktøren for det hele) (2006)","['Comedy', 'Drama']",469754
50851,Cocaine Cowboys (2006),['Documentary'],380268
50858,Lonely Hearts (2006),"['Crime', 'Drama', 'Thriller']",441774
50872,Ratatouille (2007),"['Animation', 'Children', 'Drama']",382932
50886,Five Fingers (2006),"['Drama', 'Thriller']",428541
50912,"Paris, I Love You (Paris, je t'aime) (2006)",['Romance'],401711
50923,"Astronaut Farmer, The (2007)",['Drama'],469263
50954,It's a Boy Girl Thing (2006),"['Comedy', 'Romance']",482527
51007,Days of Glory (Indigènes) (2006),"['Action', 'Adventure', 'Drama', 'War']",444182
51037,Unknown (2006),"['Drama', 'Mystery', 'Thriller']",450340
51077,Ghost Rider (2007),"['Action', 'Fantasy', 'Thriller']",259324
51080,Breach (2007),"['Drama', 'Thriller']",401997
51084,Music and Lyrics (2007),"['Comedy', 'Romance']",758766
51086,"Number 23, The (2007)","['Drama', 'Mystery', 'Thriller']",481369
51088,Reno 911!: Miami (2007),['Comedy'],499554
51091,Black Snake Moan (2006),['Drama'],462200
51094,Gray Matters (2006),"['Comedy', 'Drama', 'Romance']",375785
51127,loudQUIETloud: A Film About the Pixies (2006),['Documentary'],449121
51174,Factory Girl (2006),['Drama'],432402
51255,Hot Fuzz (2007),"['Action', 'Comedy', 'Crime', 'Mystery']",425112
51277,"36th Chamber of Shaolin, The (Shao Lin san shi liu fang) (Master Killer) (1978)","['Action', 'Adventure']",78243
51357,Citizen X (1995),"['Crime', 'Drama', 'Thriller']",112681
51372,"\\""Great Performances\""\"" Cats (1998)""",['Musical'],173714
51412,Next (2007),"['Action', 'Sci-Fi', 'Thriller']",435705
51418,Breaking and Entering (2006),['Drama'],443456
51471,Amazing Grace (2006),"['Drama', 'Romance']",454776
51498,2001 Maniacs (2005),"['Comedy', 'Horror']",264323
51520,Teen Wolf Too (1987),['Comedy'],94118
51540,Zodiac (2007),"['Crime', 'Drama', 'Thriller']",443706
51545,Pusher III: I'm the Angel of Death (2005),"['Action', 'Comedy', 'Drama', 'Horror', 'Thriller']",425379
51575,Wild Hogs (2007),"['Adventure', 'Comedy']",486946
51638,"Westerner, The (1940)",['Western'],33253
51660,"Ultimate Gift, The (2006)",['Drama'],482629
51662,300 (2007),"['Action', 'Fantasy', 'War', 'IMAX']",416449
51666,"Abandoned, The (2006)","['Horror', 'Mystery', 'Thriller']",475937
51678,Julius Caesar (1953),['Drama'],45943
51694,Starter for 10 (2006),"['Drama', 'Romance']",477095
51698,"Last Mimzy, The (2007)","['Adventure', 'Children', 'Sci-Fi']",768212
51705,Priceless (Hors de prix) (2006),"['Comedy', 'Romance']",482088
51709,"Host, The (Gwoemul) (2006)","['Comedy', 'Drama', 'Horror', 'Sci-Fi', 'Thriller']",468492
51834,Becoming Jane (2007),"['Drama', 'Romance']",416508
51884,"Namesake, The (2006)","['Drama', 'Romance']",433416
51903,I Think I Love My Wife (2007),"['Comedy', 'Drama', 'Romance']",770772
51925,Premonition (2007),"['Drama', 'Fantasy', 'Mystery', 'Thriller']",477071
51927,Dead Silence (2007),"['Horror', 'Mystery', 'Thriller']",455760
51931,Reign Over Me (2007),['Drama'],490204
51935,Shooter (2007),"['Action', 'Drama', 'Thriller']",822854
51937,"Hills Have Eyes II, The (2007)","['Horror', 'Thriller']",800069
51939,TMNT (Teenage Mutant Ninja Turtles) (2007),"['Action', 'Adventure', 'Animation', 'Children', 'Comedy', 'Fantasy']",453556
52042,Black Book (Zwartboek) (2006),"['Drama', 'Thriller', 'War']",389557
52227,"Darwin Awards, The (2006)","['Adventure', 'Comedy', 'Romance']",428446
52241,"Lookout, The (2007)","['Crime', 'Drama', 'Thriller']",427470
52245,Blades of Glory (2007),"['Comedy', 'Romance']",445934
52279,Are We Done Yet? (2007),['Comedy'],422774
52281,Grindhouse (2007),"['Action', 'Crime', 'Horror', 'Sci-Fi', 'Thriller']",462322
52283,"Reaping, The (2007)","['Horror', 'Thriller']",444682
52287,Meet the Robinsons (2007),"['Action', 'Adventure', 'Animation', 'Children', 'Comedy', 'Sci-Fi']",396555
52319,Inglorious Bastards (Quel maledetto treno blindato) (1978),"['Action', 'Adventure', 'Drama', 'War']",76584
52321,Seraphim Falls (2006),"['Action', 'Adventure', 'Drama', 'War', 'Western']",479537
52328,Sunshine (2007),"['Adventure', 'Drama', 'Sci-Fi', 'Thriller']",448134
52375,"Hoax, The (2007)","['Crime', 'Drama']",462338
52424,Scent of a Woman (Profumo di donna) (1974),"['Comedy', 'Drama']",72037
52435,How the Grinch Stole Christmas! (1966),"['Animation', 'Comedy', 'Fantasy', 'Musical']",60345
52448,Goya's Ghosts (2006),['Drama'],455957
52456,Perfect Stranger (2007),"['Crime', 'Drama', 'Mystery', 'Thriller']",457433
52458,Disturbia (2007),"['Drama', 'Thriller']",486822
52460,Pathfinder (2007),"['Action', 'Adventure', 'Drama', 'Thriller', 'War']",446013
52462,Aqua Teen Hunger Force Colon Movie Film for Theaters (2007),"['Action', 'Adventure', 'Animation', 'Comedy', 'Fantasy', 'Mystery', 'Sci-Fi']",455326
52579,"Vie en Rose, La (Môme, La) (2007)","['Drama', 'Musical']",450188
52591,"Contract, The (2006)","['Crime', 'Drama', 'Thriller']",445946
52604,Fracture (2007),"['Crime', 'Drama', 'Mystery', 'Thriller']",488120
52606,Big Nothing (2006),"['Comedy', 'Crime', 'Thriller']",488085
52644,Vacancy (2007),"['Horror', 'Thriller']",452702
52666,Benny's Video (1992),"['Drama', 'Horror']",103793
52668,In the Land of Women (2007),"['Comedy', 'Drama', 'Romance']",419843
52694,Mr. Bean's Holiday (2007),['Comedy'],453451
52712,"Invisible, The (2007)","['Crime', 'Drama', 'Fantasy', 'Mystery', 'Thriller']",435670
52715,Kickin It Old Skool (2007),['Comedy'],772178
52717,"Condemned, The (2007)","['Action', 'Adventure', 'Crime', 'Thriller']",443473
52722,Spider-Man 3 (2007),"['Action', 'Adventure', 'Sci-Fi', 'Thriller', 'IMAX']",413300
52724,Lucky You (2007),"['Comedy', 'Drama']",338216
52730,It's a Very Merry Muppet Christmas Movie (2002),"['Children', 'Comedy']",329737
52767,21 Up (1977),['Documentary'],75610
52806,Tales from Earthsea (Gedo Senki) (2006),"['Adventure', 'Animation', 'Fantasy']",495596
52885,Paprika (Papurika) (2006),"['Animation', 'Mystery', 'Sci-Fi']",851578
52929,Red Road (2006),['Drama'],471030
52950,Day Watch (Dnevnoy dozor) (2006),"['Action', 'Fantasy', 'Horror', 'Thriller']",409904
52952,This Is England (2006),['Drama'],480025
52967,Away from Her (2006),['Drama'],491747
52973,Knocked Up (2007),"['Comedy', 'Drama', 'Romance']",478311
52975,Hairspray (2007),"['Comedy', 'Drama', 'Musical']",427327
53000,28 Weeks Later (2007),"['Horror', 'Sci-Fi', 'Thriller']",463854
53002,Georgia Rule (2007),"['Comedy', 'Drama', 'Romance']",791304
53004,Delta Farce (2007),"['Action', 'Adventure', 'Comedy']",800003
53024,Jonestown: The Life and Death of Peoples Temple (2006),['Documentary'],762111
53121,Shrek the Third (2007),"['Adventure', 'Animation', 'Children', 'Comedy', 'Fantasy']",413267
53123,Once (2006),"['Drama', 'Musical', 'Romance']",907657
53125,Pirates of the Caribbean: At World's End (2007),"['Action', 'Adventure', 'Comedy', 'Fantasy']",449088
53127,Bug (2007),"['Drama', 'Horror', 'Thriller']",470705
53129,Mr. Brooks (2007),"['Crime', 'Drama', 'Thriller']",780571
53131,Rise (2007),"['Action', 'Horror', 'Mystery', 'Thriller']",389328
53138,"Librarian: Return to King Solomon's Mines, The (2006)","['Action', 'Adventure', 'Fantasy']",455596
53140,"Librarian: Quest for the Spear, The (2004)","['Action', 'Adventure', 'Comedy', 'Fantasy', 'Romance']",412915
53161,"I'm a Cyborg, But That's OK (Saibogujiman kwenchana) (2006)","['Comedy', 'Drama', 'Romance', 'Sci-Fi']",497137
53189,Eagle vs Shark (2007),['Comedy'],494222
53207,88 Minutes (2008),"['Crime', 'Drama', 'Mystery', 'Thriller']",411061
53318,Cashback (2006),"['Comedy', 'Drama', 'Romance']",460740
53322,Ocean's Thirteen (2007),"['Crime', 'Thriller']",496806
53326,Them (Ils) (2006),['Horror'],465203
53435,Hostel: Part II (2007),"['Crime', 'Horror', 'Thriller']",498353
53447,Paranoid Park (2007),"['Crime', 'Drama']",842929
53460,Surf's Up (2007),"['Animation', 'Children', 'Comedy']",423294
53464,Fantastic Four: Rise of the Silver Surfer (2007),"['Action', 'Adventure', 'Sci-Fi']",486576
53466,Nancy Drew (2007),"['Adventure', 'Crime', 'Thriller']",479500
53468,Fido (2006),"['Comedy', 'Horror', 'Thriller']",457572
53519,Death Proof (2007),"['Action', 'Adventure', 'Crime', 'Horror', 'Thriller']",1028528
53550,Rescue Dawn (2006),"['Action', 'Adventure', 'Drama', 'War']",462504
53578,"Valet, The (La doublure) (2006)",['Comedy'],449851
53769,In Search of a Midnight Kiss (2007),"['Comedy', 'Romance']",989000
53788,Exiled (Fong juk) (2006),"['Action', 'Crime', 'Thriller']",796212
53827,Sybil (1976),['Drama'],75296
53883,"Power of Nightmares, The: The Rise of the Politics of Fear (2004)",['Documentary'],430484
53887,O Lucky Man! (1973),"['Comedy', 'Drama', 'Fantasy', 'Musical']",70464
53894,Sicko (2007),"['Documentary', 'Drama']",386032
53906,Popular Music (Populärmusik från Vittula) (2004),"['Comedy', 'Drama']",314524
53921,"Mighty Heart, A (2007)","['Drama', 'Thriller']",829459
53953,1408 (2007),"['Drama', 'Horror', 'Thriller']",450385
53956,Death at a Funeral (2007),['Comedy'],795368
53972,Live Free or Die Hard (2007),"['Action', 'Adventure', 'Crime', 'Thriller']",337978
53974,License to Wed (2007),"['Comedy', 'Romance']",762114
53988,Evening (2007),['Drama'],765447
53993,Evan Almighty (2007),"['Comedy', 'Fantasy']",413099
53996,Transformers (2007),"['Action', 'Sci-Fi', 'Thriller', 'IMAX']",418279
53999,Captivity (2007),"['Crime', 'Thriller']",374563
54001,Harry Potter and the Order of the Phoenix (2007),"['Adventure', 'Drama', 'Fantasy', 'IMAX']",373889
54004,I Now Pronounce You Chuck and Larry (2007),"['Comedy', 'Romance']",762107
54075,Arn: The Knight Templar (Arn - Tempelriddaren) (2007),"['Action', 'Adventure', 'Drama', 'Romance', 'War']",837106
54116,First Snow (2006),"['Drama', 'Thriller']",432289
54190,Across the Universe (2007),"['Drama', 'Fantasy', 'Musical', 'Romance']",445922
54229,When the Wind Blows (1986),"['Animation', 'War']",90315
54256,Hot Rod (2007),['Comedy'],787475
54259,Stardust (2007),"['Adventure', 'Comedy', 'Fantasy', 'Romance']",486655
54272,"Simpsons Movie, The (2007)","['Animation', 'Comedy']",462538
54274,I Know Who Killed Me (2007),"['Crime', 'Drama', 'Thriller']",897361
54276,No Reservations (2007),"['Comedy', 'Drama', 'Romance']",481141
54278,Underdog (2007),"['Action', 'Adventure', 'Children', 'Comedy', 'Fantasy', 'Sci-Fi']",467110
54281,Charlie Bartlett (2007),"['Comedy', 'Drama']",423977
54286,"Bourne Ultimatum, The (2007)","['Action', 'Crime', 'Thriller']",440963
54290,Bratz: The Movie (2007),['Comedy'],804452
54328,My Best Friend (Mon meilleur ami) (2006),['Comedy'],778784
54331,You Kill Me (2007),"['Comedy', 'Crime', 'Thriller']",796375
54372,Tell No One (Ne le dis à personne) (2006),"['Crime', 'Drama', 'Mystery', 'Thriller']",362225
54503,Superbad (2007),['Comedy'],829482
54513,Talk to Me (2007),['Drama'],796368
54612,Resurrecting the Champ (2007),['Drama'],416185
54648,Rush Hour 3 (2007),"['Action', 'Comedy', 'Crime', 'Thriller']",293564
54686,"Last Legion, The (2007)","['Action', 'Adventure', 'Fantasy', 'War']",462396
54732,Balls of Fury (2007),['Comedy'],424823
54734,Sydney White (2007),['Comedy'],815244
54736,"Kingdom, The (2007)","['Action', 'Drama', 'Thriller']",431197
54745,Rocket Science (2007),"['Comedy', 'Drama']",477078
54768,Daddy Day Camp (2007),"['Children', 'Comedy']",462244
54771,"Invasion, The (2007)","['Action', 'Drama', 'Horror', 'Sci-Fi', 'Thriller']",427392
54775,War (2007),"['Action', 'Thriller']",499556
54780,"Nanny Diaries, The (2007)","['Comedy', 'Drama', 'Romance']",489237
54785,Halloween (2007),['Horror'],373883
54787,Death Sentence (2007),"['Drama', 'Thriller']",804461
54796,2 Days in Paris (2007),"['Comedy', 'Drama', 'Romance']",841044
54881,"King of Kong, The (2007)",['Documentary'],923752
54910,Behind the Mask: The Rise of Leslie Vernon (2006),"['Comedy', 'Horror', 'Thriller']",437857
54934,"Brothers Solomon, The (2007)",['Comedy'],784972
54962,"Nines, The (2007)","['Drama', 'Mystery']",810988
54978,"Good Night, The (2007)","['Comedy', 'Drama', 'Fantasy', 'Musical', 'Romance']",484111
54995,Planet Terror (2007),"['Action', 'Horror', 'Sci-Fi']",1077258
54997,3:10 to Yuma (2007),"['Action', 'Crime', 'Drama', 'Western']",381849
54999,Shoot 'Em Up (2007),"['Action', 'Comedy', 'Crime']",465602
55020,"Ten, The (2007)",['Comedy'],811106
55031,"Evening with Kevin Smith, An (2002)","['Comedy', 'Documentary']",346952
55052,Atonement (2007),"['Drama', 'Romance', 'War']",783233
55067,Requiem (2006),"['Drama', 'Thriller']",454931
55069,"4 Months, 3 Weeks and 2 Days (4 luni, 3 saptamâni si 2 zile) (2007)",['Drama'],1032846
55071,No End in Sight (2007),['Documentary'],912593
55080,"Brave One, The (2007)","['Crime', 'Drama', 'Thriller']",476964
55094,In the Valley of Elah (2007),"['Drama', 'Mystery']",478134
55098,Paint It Yellow (Rang De Basanti) (2006),"['Action', 'Comedy', 'Drama']",405508
55110,December Boys (2007),['Drama'],465436
55116,"Hunting Party, The (2007)","['Action', 'Adventure', 'Comedy', 'Drama', 'Thriller']",455782
55118,Eastern Promises (2007),"['Crime', 'Drama', 'Thriller']",765443
55167,Tekkonkinkreet (Tekkon kinkurîto) (2006),"['Action', 'Adventure', 'Animation', 'Crime', 'Fantasy']",831888
55176,In the Shadow of the Moon (2007),['Documentary'],925248
55205,Interview (2007),['Drama'],480269
55232,Resident Evil: Extinction (2007),"['Action', 'Horror', 'Sci-Fi', 'Thriller']",432021
55241,Mr. Woodcock (2007),['Comedy'],419984
55245,Good Luck Chuck (2007),"['Comedy', 'Romance']",452625
55247,Into the Wild (2007),"['Action', 'Adventure', 'Drama']",758758
55250,"Game Plan, The (2007)",['Comedy'],492956
55253,"Lust, Caution (Se, jie) (2007)","['Drama', 'Romance', 'Thriller', 'War']",808357
55257,Postal (2007),"['Action', 'Comedy', 'Thriller']",486640
55259,"Seeker: The Dark Is Rising, The (2007)","['Action', 'Adventure', 'Drama', 'Fantasy']",484562
55261,"Heartbreak Kid, The (2007)","['Comedy', 'Drama', 'Romance']",408839
55267,Dan in Real Life (2007),"['Comedy', 'Drama', 'Romance']",480242
55269,"Darjeeling Limited, The (2007)","['Adventure', 'Comedy', 'Drama']",838221
55272,We Own the Night (2007),"['Crime', 'Drama']",498399
55274,Elizabeth: The Golden Age (2007),['Drama'],414055
55276,Michael Clayton (2007),"['Drama', 'Thriller']",465538
55278,Sleuth (2007),"['Drama', 'Mystery', 'Thriller']",857265
55280,Lars and the Real Girl (2007),"['Comedy', 'Drama']",805564
55282,30 Days of Night (2007),"['Horror', 'Thriller']",389722
55284,Rendition (2007),"['Drama', 'Thriller']",804522
55286,Things We Lost in the Fire (2007),"['Drama', 'Romance']",469623
55288,Reservation Road (2007),"['Drama', 'Thriller']",831884
55290,Gone Baby Gone (2007),"['Crime', 'Drama', 'Mystery']",452623
55363,"Assassination of Jesse James by the Coward Robert Ford, The (2007)","['Crime', 'Drama', 'Western']",443680
55442,Persepolis (2007),"['Animation', 'Drama']",808417
55444,Control (2007),['Drama'],421082
55451,"Jane Austen Book Club, The (2007)","['Drama', 'Romance']",866437
55553,Black Sheep (2006),"['Comedy', 'Horror']",779982
55555,"Edge of Heaven, The (Auf der anderen Seite) (2007)",['Drama'],880502
55566,Tyler Perry's Why Did I Get Married? (2007),"['Comedy', 'Drama']",906108
55577,Saw IV (2007),"['Crime', 'Horror', 'Thriller']",890870
55603,My Mom's New Boyfriend (2008),"['Action', 'Comedy', 'Romance', 'Thriller']",780534
55620,For the Bible Tells Me So (2007),['Documentary'],912583
55652,Scum (1979),"['Crime', 'Drama']",79871
55687,My Kid Could Paint That (2007),['Documentary'],912592
55721,Elite Squad (Tropa de Elite) (2007),"['Action', 'Crime', 'Drama', 'Thriller']",861739
55729,King of California (2007),['Comedy'],388182
55732,Martian Child (2007),"['Comedy', 'Drama']",415965
55765,American Gangster (2007),"['Crime', 'Drama', 'Thriller']",765429
55768,Bee Movie (2007),"['Animation', 'Comedy']",389790
55805,Before the Devil Knows You're Dead (2007),"['Crime', 'Drama', 'Thriller']",292963
55814,"Diving Bell and the Butterfly, The (Scaphandre et le papillon, Le) (2007)",['Drama'],401383
55820,No Country for Old Men (2007),"['Crime', 'Drama']",477348
55830,Be Kind Rewind (2008),['Comedy'],799934
55872,August Rush (2007),"['Drama', 'Musical']",426931
55895,"Desperate Hours, The (1955)","['Drama', 'Film-Noir', 'Thriller']",47985
55901,"You, the Living (Du levande) (2007)","['Comedy', 'Drama', 'Musical']",445336
55908,"Man from Earth, The (2007)","['Drama', 'Sci-Fi']",756683
55946,Lions For Lambs (2007),"['Drama', 'Thriller', 'War']",891527
55955,Fred Claus (2007),"['Children', 'Comedy', 'Fantasy']",486583
55995,Beowulf (2007),"['Action', 'Adventure', 'Animation', 'Fantasy', 'IMAX']",442933
55999,Mr. Magorium's Wonder Emporium (2007),"['Children', 'Comedy', 'Fantasy']",457419
56001,Love in the Time of Cholera (2007),"['Drama', 'Romance']",484740
56003,Southland Tales (2006),"['Comedy', 'Drama', 'Sci-Fi', 'Thriller']",405336
56012,"Evening with Kevin Smith 2: Evening Harder, An (2006)","['Comedy', 'Documentary']",910873
56079,Smiley Face (2007),['Comedy'],780608
56145,"Mist, The (2007)","['Horror', 'Sci-Fi']",884328
56152,Enchanted (2007),"['Adventure', 'Animation', 'Children', 'Comedy', 'Fantasy', 'Musical', 'Romance']",461770
56156,Hitman (2007),"['Action', 'Crime', 'Thriller']",465494
56165,P2 (2007),"['Horror', 'Thriller']",804516
56169,Awake (2007),"['Drama', 'Thriller']",211933
56171,"Golden Compass, The (2007)","['Adventure', 'Children', 'Fantasy']",385752
56174,I Am Legend (2007),"['Action', 'Horror', 'Sci-Fi', 'Thriller', 'IMAX']",480249
56176,Alvin and the Chipmunks (2007),"['Children', 'Comedy']",952640
56251,Futurama: Bender's Big Score (2007),"['Animation', 'Comedy', 'Sci-Fi']",471711
56274,Margot at the Wedding (2007),['Drama'],757361
56286,I'm Not There (2007),['Drama'],368794
56333,"Savages, The (2007)","['Comedy', 'Drama']",775529
56339,"Orphanage, The (Orfanato, El) (2007)","['Drama', 'Horror', 'Mystery', 'Thriller']",464141
56367,Juno (2007),"['Comedy', 'Drama', 'Romance']",467406
56389,My Blueberry Nights (2007),"['Drama', 'Romance']",765120
56508,Starting Out in the Evening (2007),['Drama'],758784
56563,Helvetica (2007),['Documentary'],847817
56587,"Bucket List, The (2007)","['Comedy', 'Drama']",825232
56607,"Kite Runner, The (2007)",['Drama'],419887
56671,"Go-Getter, The (2007)","['Comedy', 'Drama']",479289
56715,Wristcutters: A Love Story (2006),"['Drama', 'Fantasy', 'Romance']",477139
56757,Sweeney Todd: The Demon Barber of Fleet Street (2007),"['Drama', 'Horror', 'Musical', 'Thriller']",408236
56775,National Treasure: Book of Secrets (2007),"['Action', 'Adventure']",465234
56782,There Will Be Blood (2007),"['Drama', 'Western']",469494
56788,Charlie Wilson's War (2007),"['Comedy', 'Drama', 'War']",472062
56801,AVPR: Aliens vs. Predator - Requiem (2007),"['Action', 'Horror', 'Sci-Fi']",758730
56805,Walk Hard: The Dewey Cox Story (2007),"['Comedy', 'Musical']",841046
56885,"Great Debaters, The (2007)",['Drama'],427309
56908,Dedication (2007),"['Comedy', 'Drama', 'Romance']",490579
56915,"Water Horse: Legend of the Deep, The (2007)","['Adventure', 'Children', 'Fantasy']",760329
56921,Battlestar Galactica: Razor (2007),"['Action', 'Drama', 'Sci-Fi', 'Thriller']",991178
56941,P.S. I Love You (2007),"['Comedy', 'Drama', 'Romance']",431308
56945,"Perfect Holiday, The (2007)","['Comedy', 'Romance']",841032
56949,27 Dresses (2008),"['Comedy', 'Romance']",988595
57147,Cassandra's Dream (2007),"['Crime', 'Drama', 'Thriller']",795493
57223,D-War (Dragon Wars) (2007),"['Action', 'Adventure', 'Drama', 'Fantasy']",372873
57243,"Band's Visit, The (Bikur Ha-Tizmoret) (2007)","['Comedy', 'Drama']",1032856
57274,[REC] (2007),"['Drama', 'Horror', 'Thriller']",1038988
57326,In the Name of the King: A Dungeon Siege Tale (2008),"['Action', 'Adventure', 'Fantasy']",460780
57353,Flawless (2007),"['Crime', 'Drama']",780516
57368,Cloverfield (2008),"['Action', 'Mystery', 'Sci-Fi', 'Thriller']",1060277
57370,Mad Money (2008),"['Comedy', 'Crime', 'Thriller']",951216
57401,Cleaner (2007),"['Crime', 'Thriller']",896798
57421,Hatchet (2006),"['Comedy', 'Horror']",422401
57464,He Was a Quiet Man (2007),['Drama'],760311
57502,Cat Soup (Nekojiru-so) (2001),"['Adventure', 'Animation', 'Drama', 'Horror']",385586
57504,"Girl Who Leapt Through Time, The (Toki o kakeru shôjo) (2006)","['Animation', 'Comedy', 'Drama', 'Romance', 'Sci-Fi']",808506
57520,One Missed Call (2008),"['Horror', 'Mystery', 'Thriller']",479968
57526,Untraceable (2008),"['Crime', 'Thriller']",880578
57528,Rambo (Rambo 4) (2008),"['Action', 'Drama', 'Thriller', 'War']",462499
57532,Meet the Spartans (2008),['Comedy'],1073498
57534,"Eye, The (2008)","['Drama', 'Horror', 'Thriller']",406759
57536,Strange Wilderness (2008),['Comedy'],489282
57538,Over Her Dead Body (2008),"['Comedy', 'Fantasy', 'Romance']",785007
57637,"Signal, The (2007)","['Horror', 'Sci-Fi', 'Thriller']",780607
57640,Hellboy II: The Golden Army (2008),"['Action', 'Adventure', 'Fantasy', 'Sci-Fi']",411477
57655,Ira and Abby (2006),['Comedy'],480251
57669,In Bruges (2008),"['Comedy', 'Crime', 'Drama', 'Thriller']",780536
57845,Joe Strummer: The Future Is Unwritten (2007),['Documentary'],800099
57910,Teeth (2007),"['Comedy', 'Horror']",780622
57951,Fool's Gold (2008),"['Action', 'Adventure', 'Comedy', 'Romance']",770752
57972,Deep Water (2006),['Documentary'],460766
57980,"Art of Negative Thinking, The (Kunsten å tenke negativt) (2006)","['Comedy', 'Drama']",945356
58025,Jumper (2008),"['Action', 'Adventure', 'Drama', 'Sci-Fi', 'Thriller']",489099
58047,"Definitely, Maybe (2008)","['Comedy', 'Drama', 'Romance']",832266
58078,"Air I Breathe, The (2007)","['Crime', 'Drama', 'Romance', 'Thriller']",485851
58103,Vantage Point (2008),"['Action', 'Drama', 'Thriller']",443274
58105,"Spiderwick Chronicles, The (2008)","['Adventure', 'Children', 'Drama', 'Fantasy', 'IMAX']",416236
58107,Step Up 2 the Streets (2008),"['Drama', 'Musical', 'Romance']",1023481
58146,Witless Protection (2008),['Comedy'],1001562
58154,"Other Boleyn Girl, The (2008)","['Drama', 'Romance']",467200
58156,Semi-Pro (2008),['Comedy'],839980
58162,Run Fatboy Run (2007),"['Comedy', 'Romance']",425413
58191,Taxi to the Dark Side (2007),['Documentary'],854678
58246,Grace Is Gone (2007),['Drama'],772168
58291,College Road Trip (2008),['Comedy'],997047
58293,"10,000 BC (2008)","['Adventure', 'Romance', 'Thriller']",443649
58295,"Bank Job, The (2008)","['Action', 'Crime', 'Thriller']",200465
58297,Doomsday (2008),"['Action', 'Drama', 'Sci-Fi', 'Thriller']",483607
58299,Horton Hears a Who! (2008),"['Adventure', 'Animation', 'Children', 'Comedy']",451079
58301,Funny Games U.S. (2007),"['Drama', 'Thriller']",808279
58303,"Counterfeiters, The (Die Fälscher) (2007)","['Crime', 'Drama', 'War']",813547
58306,Mongol (2007),"['Drama', 'War']",416044
58315,"Love Guru, The (2008)",['Comedy'],811138
58332,Diary of the Dead (2007),"['Horror', 'Sci-Fi']",848557
58334,Hallam Foe (Mister Foe) (2007),"['Drama', 'Romance']",466816
58347,Penelope (2006),"['Comedy', 'Fantasy', 'Romance']",472160
58351,City of Men (Cidade dos Homens) (2007),['Drama'],870090
58376,Zeitgeist: The Movie (2007),"['Documentary', 'War']",1166827
58418,Then She Found Me (2007),"['Comedy', 'Drama', 'Romance']",455805
58425,Heima (2007),['Documentary'],1094594
58432,What Just Happened (2008),"['Comedy', 'Drama']",486674
58490,Miss Pettigrew Lives for a Day (2008),"['Comedy', 'Romance']",970468
58492,Snow Angels (2007),['Drama'],453548
58554,"Class, The (Klass) (2007)",['Drama'],988108
58559,"Dark Knight, The (2008)","['Action', 'Crime', 'Drama', 'IMAX']",468569
58622,"Hammer, The (2007)",['Comedy'],814130
58627,Never Back Down (2008),['Action'],1023111
58652,CJ7 (Cheung Gong 7 hou) (2008),"['Children', 'Comedy', 'Sci-Fi']",940709
58655,Drillbit Taylor (2008),['Comedy'],817538
58706,"Under the Same Moon (Misma luna, La) (2007)",['Drama'],796307
58803,21 (2008),"['Crime', 'Drama', 'Romance', 'Thriller']",478087
58806,Smart People (2008),"['Comedy', 'Drama', 'Romance']",858479
58839,Leatherheads (2008),"['Comedy', 'Drama', 'Romance']",379865
58876,Stop-Loss (2008),"['Drama', 'War']",489281
58879,Shine a Light (2008),"['Documentary', 'Musical', 'IMAX']",893382
58964,Inside (À l'intérieur) (2007),"['Horror', 'Thriller']",856288
58972,Nim's Island (2008),"['Adventure', 'Comedy', 'Fantasy']",410377
58975,"Ruins, The (2008)","['Horror', 'Thriller']",963794
58998,Forgetting Sarah Marshall (2008),"['Comedy', 'Romance']",800039
59000,Sex and Death 101 (2007),"['Comedy', 'Drama']",497972
59014,Superhero Movie (2008),"['Action', 'Comedy', 'Sci-Fi']",426592
59016,Street Kings (2008),"['Crime', 'Drama', 'Thriller']",421073
59018,"Visitor, The (2007)","['Drama', 'Romance']",857191
59022,Harold & Kumar Escape from Guantanamo Bay (2008),"['Adventure', 'Comedy']",481536
59026,99 francs (2007),['Comedy'],875113
59037,Speed Racer (2008),"['Action', 'Children', 'Sci-Fi', 'IMAX']",811080
59065,Chapter 27 (2007),"['Crime', 'Drama']",488988
59103,"Forbidden Kingdom, The (2008)","['Action', 'Adventure', 'Comedy', 'Fantasy']",865556
59107,"Life Before Her Eyes, The (2007)","['Drama', 'Thriller']",815178
59118,Happy-Go-Lucky (2008),"['Comedy', 'Drama']",1045670
59126,Religulous (2008),"['Comedy', 'Documentary']",815241
59141,Son of Rambow (2007),"['Children', 'Comedy', 'Drama']",845046
59143,Super High Me (2007),"['Comedy', 'Documentary']",1111833
59188,Viva Zapata! (1952),['Western'],45296
59220,Outsourced (2006),"['Comedy', 'Romance']",425326
59256,Deception (2008),"['Action', 'Drama', 'Thriller']",800240
59258,Baby Mama (2008),['Comedy'],871426
59295,Expelled: No Intelligence Allowed (2008),['Documentary'],1091617
59306,Prom Night (2008),"['Horror', 'Mystery', 'Thriller']",926129
59315,Iron Man (2008),"['Action', 'Adventure', 'Sci-Fi']",371746
59333,Made of Honor (2008),"['Comedy', 'Romance']",866439
59336,Redbelt (2008),"['Action', 'Drama']",1012804
59369,Taken (2008),"['Action', 'Crime', 'Drama', 'Thriller']",936501
59387,"Fall, The (2006)","['Adventure', 'Drama', 'Fantasy']",460791
59392,Stargate: The Ark of Truth (2008),"['Action', 'Fantasy', 'Sci-Fi']",942903
59404,Meet Bill (2007),"['Comedy', 'Drama']",790623
59418,"American Crime, An (2007)",['Crime'],802948
59421,What Happens in Vegas... (2008),"['Comedy', 'Romance']",1033643
59429,American Pie Presents Beta House (American Pie 6: Beta House) (2007),['Comedy'],974959
59440,Bella (2006),"['Drama', 'Romance']",482463
59501,"Chronicles of Narnia: Prince Caspian, The (2008)","['Adventure', 'Children', 'Fantasy']",499448
59519,Reprise (2006),['Drama'],827517
59549,Shelter (2007),"['Drama', 'Romance']",942384
59590,Young at Heart (a.k.a. Young@Heart) (2007),"['Documentary', 'Musical']",1047007
59594,"War, Inc. (2008)","['Comedy', 'Crime', 'Thriller']",884224
59607,King Corn (2007),['Documentary'],1112115
59615,Indiana Jones and the Kingdom of the Crystal Skull (2008),"['Action', 'Adventure', 'Comedy', 'Sci-Fi']",367882
59709,"Oxford Murders, The (2007)","['Crime', 'Mystery', 'Romance', 'Thriller']",488604
59721,"Grand, The (2007)",['Comedy'],427998
59725,Sex and the City (2008),"['Comedy', 'Romance']",1000774
59727,"Strangers, The (2008)","['Horror', 'Thriller']",482606
59731,"Bigger, Stronger, Faster* (2008)",['Documentary'],1151309
59738,All the Boys Love Mandy Lane (2006),"['Horror', 'Mystery', 'Thriller']",490076
59784,Kung Fu Panda (2008),"['Action', 'Animation', 'Children', 'Comedy', 'IMAX']",441773
59810,Recount (2008),['Drama'],1000771
59900,You Don't Mess with the Zohan (2008),['Comedy'],960144
59908,"Promotion, The (2008)",['Comedy'],803057
59985,Chaos Theory (2007),"['Comedy', 'Drama', 'Romance']",460745
59995,Boy A (2007),"['Crime', 'Drama']",1078188
60007,Doctor Who (1996),"['Adventure', 'Sci-Fi']",116118
60020,"Warlords, The (Tau ming chong) (2007)","['Action', 'Drama', 'War']",913968
60037,"Happening, The (2008)","['Drama', 'Sci-Fi', 'Thriller']",949731
60040,"Incredible Hulk, The (2008)","['Action', 'Sci-Fi']",800080
60069,WALL·E (2008),"['Adventure', 'Animation', 'Children', 'Romance', 'Sci-Fi']",910970
60072,Wanted (2008),"['Action', 'Thriller']",493464
60074,Hancock (2008),"['Action', 'Adventure', 'Comedy', 'Crime', 'Fantasy']",448157
60126,Get Smart (2008),"['Action', 'Comedy']",425061
60128,Young People Fucking (a.k.a. YPF) (2007),['Comedy'],913445
60137,"Rape of Europa, The (2006)",['Documentary'],997088
60141,St. Trinian's (2007),"['Children', 'Comedy']",964587
60161,Futurama: The Beast with a Billion Backs (2008),"['Action', 'Animation', 'Comedy', 'Romance', 'Sci-Fi']",1054485
60291,Gonzo: The Life and Work of Dr. Hunter S. Thompson (2008),['Documentary'],479468
60293,"Wackness, The (2008)","['Comedy', 'Drama', 'Romance']",1082886
60295,Up the Yangtze (2007),['Documentary'],1114277
60333,Encounters at the End of the World (2008),['Documentary'],1093824
60341,Standard Operating Procedure (2008),"['Crime', 'Documentary', 'War']",896866
60363,Zombie Strippers! (2008),"['Comedy', 'Horror']",960890
60382,Roman Polanski: Wanted and Desired (2008),['Documentary'],1157705
60397,Mamma Mia! (2008),"['Comedy', 'Musical', 'Romance']",795421
60408,Welcome to the Sticks (Bienvenue chez les Ch'tis) (2008),['Comedy'],1064932
60418,Kabluey (2007),"['Comedy', 'Drama']",816545
60471,Rogue (2007),"['Action', 'Adventure', 'Horror', 'Thriller']",479528
60482,Towelhead (a.k.a. Nothing is Private) (2007),['Drama'],787523
60487,"It's the Great Pumpkin, Charlie Brown (1966)","['Animation', 'Children', 'Comedy']",60550
60514,Journey to the Center of the Earth (2008),"['Action', 'Adventure', 'Sci-Fi']",373051
60516,Meet Dave (2008),"['Comedy', 'Sci-Fi']",765476
60538,Shrooms (2007),"['Horror', 'Thriller']",492486
60566,Just Another Love Story (Kærlighed på film) (2007),"['Crime', 'Drama', 'Thriller']",1024942
60599,Flakes (2007),['Comedy'],462295
60609,Death Note (2006),"['Adventure', 'Crime', 'Drama', 'Horror', 'Mystery']",758742
60647,Transsiberian (2008),"['Crime', 'Drama', 'Thriller']",800241
60674,Stargate: Continuum (2008),['Sci-Fi'],929629
60684,Watchmen (2009),"['Action', 'Drama', 'Mystery', 'Sci-Fi', 'Thriller', 'IMAX']",409459
60735,Shotgun Stories (2007),"['Drama', 'Thriller']",952682
60753,Felon (2008),"['Crime', 'Drama']",1117385
60756,Step Brothers (2008),['Comedy'],838283
60758,Brideshead Revisited (2008),['Drama'],412536
60760,"X-Files: I Want to Believe, The (2008)","['Drama', 'Mystery', 'Sci-Fi', 'Thriller']",443701
60763,American Teen (2008),['Documentary'],486259
60766,Man on Wire (2008),['Documentary'],1155592
60816,"Colour of Magic, The (Terry Pratchett's The Colour of Magic) (2008)","['Adventure', 'Comedy', 'Fantasy']",1079959
60818,Hogfather (Terry Pratchett's Hogfather) (2006),"['Adventure', 'Fantasy', 'Thriller']",765458
60832,Pathology (2008),"['Crime', 'Horror', 'Thriller']",964539
60894,"Edge of Love, The (2008)","['Drama', 'Romance', 'War']",819714
60904,Heart of a Dog (Sobachye serdtse) (1988),"['Comedy', 'Drama', 'Sci-Fi']",96126
60937,"Mummy: Tomb of the Dragon Emperor, The (2008)","['Action', 'Adventure', 'Fantasy', 'Thriller']",859163
60939,Swing Vote (2008),"['Comedy', 'Drama']",1027862
60941,"Midnight Meat Train, The (2008)","['Horror', 'Mystery', 'Thriller']",805570
60943,Frozen River (2008),['Drama'],978759
60948,Bottle Shock (2008),['Drama'],914797
60950,Vicky Cristina Barcelona (2008),"['Comedy', 'Drama', 'Romance']",497465
60979,Batman: Gotham Knight (2008),"['Action', 'Animation', 'Crime']",1117563
61024,Pineapple Express (2008),"['Action', 'Comedy', 'Crime']",910936
61026,Red Cliff (Chi bi) (2008),"['Action', 'Adventure', 'Drama', 'War']",425637
61071,"Sisterhood of the Traveling Pants 2, The (2008)","['Adventure', 'Comedy', 'Drama', 'Romance']",1018785
61073,Hell Ride (2008),"['Action', 'Drama', 'Thriller']",411475
61075,Elegy (2008),"['Drama', 'Romance']",974554
61123,High School Musical 2 (2007),"['Comedy', 'Drama', 'Musical', 'Romance']",810900
61132,Tropic Thunder (2008),"['Action', 'Adventure', 'Comedy', 'War']",942385
61160,Star Wars: The Clone Wars (2008),"['Action', 'Adventure', 'Animation', 'Sci-Fi']",1185834
61167,Henry Poole is Here (2008),"['Drama', 'Mystery']",1029120
61210,Mutant Chronicles (2008),"['Action', 'Adventure', 'Sci-Fi']",490181
61236,Waltz with Bashir (Vals im Bashir) (2008),"['Animation', 'Documentary', 'Drama', 'War']",1185616
61240,Let the Right One In (Låt den rätte komma in) (2008),"['Drama', 'Fantasy', 'Horror', 'Romance']",1139797
61246,Hamlet 2 (2008),['Comedy'],1104733
61248,Death Race (2008),"['Action', 'Adventure', 'Sci-Fi', 'Thriller']",452608
61250,"House Bunny, The (2008)",['Comedy'],852713
61255,"Rocker, The (2008)",['Comedy'],1031969
61257,I.O.U.S.A. (a.k.a. IOUSA) (2008),['Documentary'],963807
61262,Mirrors (2008),"['Horror', 'Mystery', 'Thriller']",790686
61267,Fly Me to the Moon (2008),"['Adventure', 'Animation', 'Children', 'IMAX']",486321
61289,Sukiyaki Western Django (2008),"['Action', 'Western']",906665
61319,Somers Town (2008),['Drama'],1172206
61323,Burn After Reading (2008),"['Comedy', 'Crime', 'Drama']",887883
61348,Disaster Movie (2008),['Comedy'],1213644
61350,Babylon A.D. (2008),"['Action', 'Adventure', 'Sci-Fi', 'Thriller']",364970
61352,Traitor (2008),"['Crime', 'Drama', 'Thriller']",988047
61354,College (2008),['Comedy'],844671
61361,"Women, The (2008)","['Comedy', 'Drama']",430770
61394,"Onion Movie, The (2008)",['Comedy'],392878
61401,"Spirit, The (2008)","['Action', 'Comedy', 'Fantasy', 'Thriller']",831887
61465,Bangkok Dangerous (2008),"['Action', 'Crime', 'Thriller']",814022
61697,Righteous Kill (2008),"['Crime', 'Mystery', 'Thriller']",1034331
61705,Lakeview Terrace (2008),"['Drama', 'Thriller']",947802
61724,Shadows in Paradise (Varjoja paratiisissa) (1986),"['Comedy', 'Romance']",92149
61729,Ghost Town (2008),"['Comedy', 'Fantasy', 'Romance']",995039
61818,"Crow, The: Wicked Prayer (2005)","['Action', 'Adventure', 'Fantasy', 'Thriller']",353324
61941,Humboldt County (2008),"['Comedy', 'Drama']",870122
61948,100 Feet (2008),"['Horror', 'Thriller']",899128
61967,"Autumn Afternoon, An (Sanma no aji) (1962)",['Drama'],56444
61986,Appaloosa (2008),['Western'],800308
61991,Miracle at St. Anna (2008),"['Drama', 'Mystery', 'War']",1046997
62049,1984 (1956),"['Drama', 'Sci-Fi']",48918
62081,Eagle Eye (2008),"['Action', 'Crime', 'Thriller', 'IMAX']",1059786
62113,How to Lose Friends & Alienate People (2008),['Comedy'],455538
62137,Nights in Rodanthe (2008),"['Drama', 'Romance']",956038
62155,Nick and Norah's Infinite Playlist (2008),"['Comedy', 'Drama', 'Romance']",981227
62203,Martyrs (2008),['Horror'],1029234
62235,Red (2008),"['Drama', 'Thriller']",972883
62250,Gomorrah (Gomorra) (2008),"['Crime', 'Drama']",929425
62265,"Accidental Husband, The (2009)","['Comedy', 'Romance']",809504
62293,"Duchess, The (2008)","['Drama', 'Romance']",864761
62336,FLCL (2000),"['Animation', 'Comedy', 'Fantasy', 'Sci-Fi']",279077
62344,Rachel Getting Married (2008),"['Drama', 'Romance']",1084950
62374,Body of Lies (2008),"['Action', 'Drama', 'Thriller']",758774
62376,City of Ember (2008),"['Adventure', 'Children', 'Sci-Fi']",970411
62394,Max Payne (2008),"['Action', 'Crime', 'Drama', 'Thriller']",467197
62434,Zack and Miri Make a Porno (2008),"['Comedy', 'Drama', 'Romance']",1007028
62437,W. (2008),['Drama'],1175491
62439,My Best Friend's Girl (2008),"['Comedy', 'Romance']",1046163
62511,"Synecdoche, New York (2008)","['Comedy', 'Drama']",383028
62553,"Secret Life of Bees, The (2008)",['Drama'],416212
62577,Flash of Genius (2008),['Drama'],1054588
62644,"Wave, The (Welle, Die) (2008)",['Drama'],1063669
62718,"Angus, Thongs and Perfect Snogging (2008)","['Comedy', 'Romance']",963743
62733,Quarantine (2008),"['Drama', 'Horror', 'Mystery', 'Thriller']",1082868
62792,Pride and Glory (2008),"['Crime', 'Drama']",482572
62799,"Express, The (2008)",['Drama'],469903
62801,Lone Wolf and Cub: Baby Cart to Hades (Kozure Ôkami: Shinikazeni mukau ubaguruma) (1972),"['Action', 'Drama']",68817
62834,Babylon 5: The Legend of the Rangers: To Live and Die in Starlight (2002),['Sci-Fi'],280453
62836,Babylon 5: The Lost Tales - Voices in the Dark (2007),['Sci-Fi'],871427
62849,RocknRolla (2008),"['Action', 'Crime']",1032755
62912,High School Musical 3: Senior Year (2008),['Musical'],962726
62956,Futurama: Bender's Game (2008),"['Action', 'Adventure', 'Animation', 'Comedy', 'Fantasy', 'Sci-Fi']",1054486
62970,Tin Man (2007),"['Adventure', 'Fantasy', 'Sci-Fi']",910812
62999,Madagascar: Escape 2 Africa (2008),"['Action', 'Adventure', 'Animation', 'Children', 'Comedy', 'IMAX']",479952
63033,Blindness (2008),"['Drama', 'Mystery', 'Romance', 'Thriller']",861689
63062,Changeling (2008),"['Crime', 'Drama', 'Mystery']",824747
63072,"Road, The (2009)","['Adventure', 'Drama', 'Thriller']",898367
63082,Slumdog Millionaire (2008),"['Crime', 'Drama', 'Romance']",1010048
63113,Quantum of Solace (2008),"['Action', 'Adventure', 'Thriller']",830515
63131,Role Models (2008),['Comedy'],430922
63179,Tokyo! (2008),['Drama'],976060
63189,Sauna (2008),"['Horror', 'Mystery']",1124394
63222,JCVD (2008),"['Action', 'Drama', 'Thriller']",1130988
63239,Cinderella (1997),"['Children', 'Fantasy', 'Musical', 'Romance']",128996
63393,Camp Rock (2008),"['Comedy', 'Musical', 'Romance']",1055366
63433,Farscape: The Peacekeeper Wars (2004),"['Action', 'Adventure', 'Sci-Fi']",387736
63436,Saw V (2008),"['Crime', 'Horror', 'Thriller']",1132626
63458,Critters 4 (1991),"['Comedy', 'Horror', 'Sci-Fi']",101628
63479,Sex Drive (2008),['Comedy'],1135985
63515,The Island (2006),"['Drama', 'Mystery']",851577
63540,Beverly Hills Chihuahua (2008),"['Adventure', 'Children', 'Comedy']",1014775
63808,"Class, The (Entre les murs) (2008)",['Drama'],1068646
63826,Splinter (2008),"['Action', 'Horror', 'Thriller']",1031280
63853,Australia (2008),"['Adventure', 'Drama', 'War', 'Western']",455824
63859,Bolt (2008),"['Action', 'Adventure', 'Animation', 'Children', 'Comedy']",397892
63876,Milk (2008),['Drama'],1013753
63992,Twilight (2008),"['Drama', 'Fantasy', 'Romance', 'Thriller']",1099212
64010,"Children, The (2008)",['Horror'],1172571
64030,Transporter 3 (2008),"['Action', 'Adventure', 'Crime', 'Thriller']",1129442
64032,Four Christmases (2008),['Comedy'],369436
64034,"Boy in the Striped Pajamas, The (Boy in the Striped Pyjamas, The) (2008)","['Drama', 'War']",914798
64037,Surveillance (2008),"['Crime', 'Mystery', 'Thriller']",409345
64114,Fireproof (2008),"['Drama', 'Romance']",1129423
64116,Igor (2008),"['Animation', 'Comedy']",465502
64197,Hunger (2008),['Drama'],986233
64231,Punisher: War Zone (2008),"['Action', 'Crime', 'Drama', 'Thriller']",450314
64249,Shrek the Halls (2007),"['Adventure', 'Animation', 'Comedy', 'Fantasy']",897387
64278,"Pervert's Guide to Cinema, The (2006)",['Documentary'],828154
64285,Wallace and Gromit in 'A Matter of Loaf and Death' (2008),"['Animation', 'Comedy']",1118511
64497,"Day the Earth Stood Still, The (2008)","['Drama', 'Sci-Fi', 'Thriller', 'IMAX']",970416
64499,Che: Part One (2008),"['Drama', 'War']",892255
64501,Che: Part Two (2008),"['Drama', 'War']",374569
64508,Starship Troopers 3: Marauder (2008),"['Action', 'Sci-Fi', 'War']",844760
64575,Doubt (2008),"['Drama', 'Mystery']",918927
64614,Gran Torino (2008),"['Crime', 'Drama']",1205489
64620,Frost/Nixon (2008),['Drama'],870111
64622,"Reader, The (2008)","['Drama', 'Romance']",976051
64701,I've Loved You So Long (Il y a longtemps que je t'aime) (2008),"['Drama', 'Mystery']",1068649
64716,Seven Pounds (2008),['Drama'],814314
64839,"Wrestler, The (2008)",['Drama'],1125849
64957,"Curious Case of Benjamin Button, The (2008)","['Drama', 'Fantasy', 'Mystery', 'Romance']",421715
64969,Yes Man (2008),['Comedy'],1068680
64983,Valkyrie (2008),"['Drama', 'Thriller', 'War']",985699
64993,5 Centimeters per Second (Byôsoku 5 senchimêtoru) (2007),"['Animation', 'Drama', 'Romance']",983213
64997,War of the Worlds (2005),"['Action', 'Sci-Fi']",449040
65088,Bedtime Stories (2008),"['Adventure', 'Children', 'Comedy']",960731
65126,Choke (2008),"['Comedy', 'Drama']",1024715
65130,Revolutionary Road (2008),"['Drama', 'Romance']",959337
65133,Blackadder Back & Forth (1999),['Comedy'],212579
65135,Blackadder's Christmas Carol (1988),['Comedy'],94754
65155,"Surfer, Dude (2008)",['Comedy'],976247
65188,Dear Zachary: A Letter to a Son About His Father (2008),['Documentary'],1152758
65193,Wild Child (2008),"['Drama', 'Romance']",1024255
65216,Defiance (2008),"['Drama', 'Thriller', 'War']",1034303
65225,Zeitgeist: Addendum (2008),['Documentary'],1332128
65230,Marley & Me (2008),"['Comedy', 'Drama']",822832
65261,Ponyo (Gake no ue no Ponyo) (2008),"['Adventure', 'Animation', 'Children', 'Fantasy']",876563
65418,Wendy and Lucy (2008),['Drama'],1152850
65435,Open Season 2 (2008),"['Adventure', 'Animation', 'Children', 'Comedy']",1107365
65465,Last Chance Harvey (2008),"['Drama', 'Romance']",1046947
65514,Ip Man (2008),"['Action', 'Drama', 'War']",1220719
65567,Passengers (2008),"['Drama', 'Mystery', 'Thriller']",449487
65577,"Tale of Despereaux, The (2008)","['Adventure', 'Animation', 'Children', 'Comedy', 'Fantasy']",420238
65585,Bride Wars (2009),"['Comedy', 'Romance']",901476
65588,"Gamers, The: Dorkness Rising (2008)","['Action', 'Adventure', 'Comedy', 'Fantasy']",447166
65601,My Bloody Valentine 3-D (2009),"['Horror', 'Thriller']",1179891
65612,Castaway (1986),"['Adventure', 'Drama']",92732
65631,Battle in Seattle (2007),"['Action', 'Drama']",850253
65642,"Timecrimes (Cronocrímenes, Los) (2007)","['Sci-Fi', 'Thriller']",480669
65665,Hamlet (2000),['Drama'],243951
65682,Underworld: Rise of the Lycans (2009),"['Action', 'Fantasy', 'Horror', 'Thriller']",834001
65685,Inkheart (2008),"['Adventure', 'Fantasy']",494238
65738,Revenge of the Nerds III: The Next Generation (1992),['Comedy'],105251
65740,Revenge of the Nerds IV: Nerds in Love (1994),"['Comedy', 'Romance']",110982
65802,Paul Blart: Mall Cop (2009),"['Action', 'Comedy', 'Crime']",1114740
65813,"Unborn, The (2009)","['Horror', 'Mystery', 'Thriller']",1139668
65817,Donkey Punch (2008),"['Horror', 'Thriller']",988849
65868,Repo! The Genetic Opera (2008),"['Fantasy', 'Horror', 'Musical']",963194
65882,"Uninvited, The (2009)","['Drama', 'Horror', 'Mystery', 'Thriller']",815245
65939,Kummeli Goldrush (Kummeli kultakuume) (1997),['Comedy'],133906
65982,Outlander (2008),"['Action', 'Adventure', 'Sci-Fi']",462465
66090,Eden Lake (2008),"['Horror', 'Thriller']",1020530
66097,Coraline (2009),"['Animation', 'Fantasy', 'Thriller']",327597
66130,Chocolate (2008),"['Action', 'Drama']",1183252
66156,"Escapist, The (2008)",['Thriller'],961728
66171,Push (2009),"['Sci-Fi', 'Thriller']",465580
66198,"International, The (2009)","['Drama', 'Thriller']",963178
66200,Two Lovers (2008),"['Drama', 'Romance']",1103275
66203,He's Just Not That Into You (2009),"['Comedy', 'Drama', 'Romance']",1001508
66240,Dead Like Me: Life After Death (2009),"['Comedy', 'Fantasy']",1079444
66297,Futurama: Into the Wild Green Yonder (2009),"['Action', 'Animation', 'Comedy', 'Sci-Fi']",1054487
66304,Hotel for Dogs (2009),"['Adventure', 'Children', 'Comedy']",785006
66310,Frontière(s) (2007),"['Drama', 'Horror', 'Thriller']",814685
66320,"11th Hour, The (2007)",['Documentary'],492931
66335,Afro Samurai: Resurrection (2009),['Animation'],1265998
66371,Departures (Okuribito) (2008),['Drama'],1069238
66385,Taking Chance (2009),"['Drama', 'War']",1019454
66427,My Name Is Bruce (2007),"['Comedy', 'Horror']",489235
66509,Funny People (2009),"['Comedy', 'Drama']",1201167
66544,Nuremberg (2000),"['Drama', 'War']",208629
66547,Bigger Than Life (1956),"['Drama', 'Mystery', 'Thriller']",49010
66581,Still Waiting... (2009),['Comedy'],1116186
66639,Street Fighter: The Legend of Chun-Li (2009),"['Action', 'Adventure', 'Sci-Fi', 'Thriller']",891592
66659,Tyler Perry's Madea Goes to Jail (2009),"['Comedy', 'Crime', 'Drama']",1142800
66665,Away We Go (2009),"['Comedy', 'Drama', 'Romance']",1176740
66762,Paris (2008),"['Comedy', 'Drama', 'Romance']",869994
66783,Friday the 13th (2009),['Horror'],758746
66785,"Good, the Bad, the Weird, The (Joheunnom nabbeunnom isanghannom) (2008)","['Action', 'Adventure', 'Comedy', 'Western']",901487
66798,"Pink Panther 2, The (2009)","['Adventure', 'Comedy', 'Mystery']",838232
66870,Everlasting Moments (Maria Larssons eviga ögonblick) (2008),['Drama'],961066
66915,Rock-A-Doodle (1991),"['Adventure', 'Animation', 'Children', 'Musical']",102802
66934,Dr. Horrible's Sing-Along Blog (2008),"['Comedy', 'Drama', 'Musical', 'Sci-Fi']",1227926
67073,Day of the Dead (2008),['Horror'],489018
67087,"I Love You, Man (2009)",['Comedy'],1155056
67138,Live Free or Die (2006),"['Comedy', 'Crime']",432318
67168,Dance of the Dead (2008),"['Adventure', 'Comedy', 'Horror']",926063
67186,"Haunting in Connecticut, The (2009)","['Horror', 'Thriller']",492044
67193,Duplicity (2009),"['Crime', 'Romance', 'Thriller']",1135487
67197,Knowing (2009),"['Action', 'Drama', 'Mystery', 'Sci-Fi', 'Thriller']",448011
67223,Sugar (2008),['Drama'],990413
67252,Ong-Bak 2: The Beginning (Ong Bak 2) (2008),['Action'],785035
67255,"Girl with the Dragon Tattoo, The (Män som hatar kvinnor) (2009)","['Crime', 'Drama', 'Mystery', 'Thriller']",1132620
67267,Sunshine Cleaning (2008),"['Comedy', 'Drama']",862846
67295,Kung Fu Panda: Secrets of the Furious Five (2008),"['Action', 'Animation', 'Children', 'Comedy']",1287845
67361,Echelon Conspiracy (2009),"['Action', 'Mystery', 'Thriller']",1124039
67408,Monsters vs. Aliens (2009),"['Animation', 'Sci-Fi', 'IMAX']",892782
67422,California Dreamin' (Nesfarsit) (2007),"['Comedy', 'Drama', 'War']",449573
67508,"Baader Meinhof Komplex, Der (2008)","['Action', 'Crime', 'Drama', 'Thriller']",765432
67534,Big Stan (2007),['Comedy'],490086
67620,Nothing But the Truth (2008),"['Drama', 'Thriller']",1073241
67665,Anvil! The Story of Anvil (2008),"['Documentary', 'Musical']",1157605
67695,Observe and Report (2009),"['Action', 'Comedy']",1197628
67734,Adventureland (2009),"['Comedy', 'Drama']",1091722
67784,"Cake Eaters, The (2007)",['Drama'],418586
67788,Confessions of a Shopaholic (2009),"['Comedy', 'Romance']",1093908
67799,The Butterfly Effect 3: Revelations (2009),"['Drama', 'Fantasy', 'Sci-Fi', 'Thriller']",1234541
67801,Revanche (2008),"['Crime', 'Drama', 'Romance']",1173745
67839,"Lucky Ones, The (2008)","['Comedy', 'Drama', 'War']",981072
67867,Dragonball Evolution (2009),"['Action', 'Adventure', 'Fantasy', 'Sci-Fi']",1098327
67923,"Fast & Furious (Fast and the Furious 4, The) (2009)","['Action', 'Crime', 'Drama', 'Thriller']",1013752
67997,In the Loop (2009),['Comedy'],1226774
68073,"Boat That Rocked, The (a.k.a. Pirate Radio) (2009)","['Comedy', 'Drama']",1131729
68099,Apollo 13: To the Edge and Back (1994),['Documentary'],180443
68135,17 Again (2009),"['Comedy', 'Drama']",974661
68157,Inglourious Basterds (2009),"['Action', 'Drama', 'War']",361748
68159,State of Play (2009),"['Crime', 'Drama', 'Thriller']",473705
68194,"Damned United, The (2009)",['Drama'],1226271
68205,Crank: High Voltage (2009),"['Action', 'Comedy', 'Crime']",1121931
68237,Moon (2009),"['Drama', 'Mystery', 'Sci-Fi', 'Thriller']",1182345
68269,"Young Victoria, The (2009)","['Drama', 'Romance']",962736
68288,"Informers, The (2008)","['Crime', 'Drama', 'Thriller']",865554
68319,X-Men Origins: Wolverine (2009),"['Action', 'Sci-Fi', 'Thriller']",458525
68324,"Girlfriend Experience, The (2009)",['Drama'],1103982
68347,Sin Nombre (2009),"['Crime', 'Drama', 'Thriller']",1127715
68358,Star Trek (2009),"['Action', 'Adventure', 'Sci-Fi', 'IMAX']",796366
68442,Lymelife (2008),"['Comedy', 'Drama']",363780
68444,"Great Buck Howard, The (2008)",['Comedy'],460810
68486,Red Cliff Part II (Chi Bi Xia: Jue Zhan Tian Xia) (2009),"['Action', 'Drama', 'War']",1326972
68511,Black Ice (Musta jää) (2007),['Drama'],890883
68519,S. Darko (S. Darko: A Donnie Darko Tale) (2009),"['Crime', 'Mystery', 'Sci-Fi', 'Thriller']",1231277
68522,Earth (2007),['Documentary'],393597
68536,Stanley Kubrick: A Life in Pictures (2001),['Documentary'],278736
68552,Crossing Over (2009),['Drama'],924129
68554,Angels & Demons (2009),"['Crime', 'Drama', 'Mystery', 'Thriller']",808151
68659,Fanboys (2008),"['Adventure', 'Comedy', 'Drama']",489049
68749,Management (2008),"['Comedy', 'Romance']",1082853
68791,Terminator Salvation (2009),"['Action', 'Adventure', 'Sci-Fi', 'Thriller']",438488
68793,Night at the Museum: Battle of the Smithsonian (2009),"['Action', 'Comedy', 'IMAX']",1078912
68838,Every Little Step (2008),['Documentary'],977648
68843,Lesbian Vampire Killers (2009),"['Action', 'Comedy', 'Horror']",1020885
68848,"Brothers Bloom, The (2008)","['Adventure', 'Comedy', 'Crime', 'Romance']",844286
68932,"Soloist, The (2009)","['Drama', 'Musical']",821642
68941,"Last House on the Left, The (2009)","['Drama', 'Horror', 'Thriller']",844708
68945,Neon Genesis Evangelion: Death & Rebirth (Shin seiki Evangelion Gekijô-ban: Shito shinsei) (1997),"['Action', 'Animation', 'Mystery', 'Sci-Fi']",169880
68952,Drag Me to Hell (2009),"['Comedy', 'Horror']",1127180
68954,Up (2009),"['Adventure', 'Animation', 'Children', 'Drama']",1049413
68959,Fullmetal Alchemist the Movie: Conqueror of Shamballa (Gekijô-ban hagane no renkinjutsushi: Shanbara wo yuku mono) (2005),"['Action', 'Adventure', 'Animation', 'Drama']",485323
68963,Easy Virtue (2008),"['Comedy', 'Romance']",808244
69069,Fired Up (2009),['Comedy'],1083456
69088,"War Game, The (1965)","['Documentary', 'Drama', 'War']",59894
69122,"Hangover, The (2009)","['Comedy', 'Crime']",1119646
69131,Killshot (2008),"['Action', 'Crime', 'Drama', 'Thriller']",443559
69134,Antichrist (2009),"['Drama', 'Fantasy']",870984
69140,Sweeney Todd (2006),"['Crime', 'Drama', 'Horror', 'Thriller']",479760
69253,New in Town (2009),"['Comedy', 'Romance']",1095174
69275,Dead Snow (Død snø) (2009),"['Action', 'Adventure', 'Comedy', 'Horror']",1278340
69278,Land of the Lost (2009),"['Action', 'Adventure', 'Comedy', 'Sci-Fi']",457400
69306,"Taking of Pelham 1 2 3, The (2009)","['Crime', 'Drama', 'Thriller']",1111422
69324,Flame and Citron (Flammen & Citronen) (2008),"['Action', 'Drama', 'War']",920458
69394,"Stoning of Soraya M., The (2008)","['Crime', 'Drama']",1277737
69406,"Proposal, The (2009)","['Comedy', 'Romance']",1041829
69436,Year One (2009),"['Adventure', 'Comedy']",1045778
69458,Tyson (2008),['Documentary'],1032821
69481,"Hurt Locker, The (2008)","['Action', 'Drama', 'Thriller', 'War']",887912
69516,"Limits of Control, The (2009)","['Crime', 'Drama', 'Film-Noir']",1135092
69524,Raiders of the Lost Ark: The Adaptation (1989),"['Action', 'Adventure', 'Thriller']",772251
69526,Transformers: Revenge of the Fallen (2009),"['Action', 'Adventure', 'Sci-Fi', 'IMAX']",1055369
69529,Home (2009),['Documentary'],1014762
69542,K2 (1991),"['Adventure', 'Drama']",102178
69574,Phoebe in Wonderland (2008),"['Drama', 'Fantasy']",1034325
69604,Whatever Works (2009),"['Comedy', 'Romance']",1178663
69606,Ghosts of Girlfriends Past (2009),"['Comedy', 'Fantasy', 'Romance']",821640
69640,Public Enemies (2009),"['Crime', 'Drama', 'Thriller']",1152836
69644,Ice Age: Dawn of the Dinosaurs (2009),"['Action', 'Adventure', 'Animation', 'Children', 'Comedy', 'Romance']",1080016
69685,Daria: Is It College Yet? (2002),"['Animation', 'Comedy']",285627
69712,My Sister's Keeper (2009),['Drama'],1078588
69746,Watchmen: Tales of the Black Freighter (2009),"['Action', 'Adventure', 'Animation', 'Horror']",1295071
69757,(500) Days of Summer (2009),"['Comedy', 'Drama', 'Romance']",1022603
69784,Brüno (Bruno) (2009),['Comedy'],889583
69805,"Librarian, The: The Curse of the Judas Chalice (2008)","['Action', 'Adventure', 'Fantasy']",1146438
69818,Franklyn (2008),"['Drama', 'Fantasy', 'Romance', 'Thriller']",893402
69842,Good Dick (2008),"['Comedy', 'Drama', 'Romance']",944101
69844,Harry Potter and the Half-Blood Prince (2009),"['Adventure', 'Fantasy', 'Mystery', 'Romance', 'IMAX']",417741
69849,Roots (1977),"['Drama', 'War']",75572
69934,My Sassy Girl (2008),"['Comedy', 'Drama', 'Romance']",404254
69945,"Fast and the Furious, The (1955)","['Crime', 'Mystery']",46969
69951,"Imaginarium of Doctor Parnassus, The (2009)","['Drama', 'Fantasy']",1054606
69988,Humpday (2009),['Comedy'],1334537
70032,Visioneers (2008),['Comedy'],833557
70159,Orphan (2009),"['Drama', 'Horror', 'Mystery', 'Thriller']",1148204
70183,"Ugly Truth, The (2009)","['Comedy', 'Drama', 'Romance']",1142988
70208,"Perfect Getaway, A (2009)","['Horror', 'Thriller']",971209
70282,Aliens in the Attic (2009),"['Adventure', 'Children', 'Fantasy', 'Sci-Fi']",775552
70286,District 9 (2009),"['Mystery', 'Sci-Fi', 'Thriller']",1136608
70293,Julie & Julia (2009),"['Comedy', 'Drama', 'Romance']",1135503
70305,Race to Witch Mountain (2009),"['Adventure', 'Children', 'Fantasy', 'Sci-Fi', 'Thriller']",1075417
70334,Hannah Montana: The Movie (2009),"['Comedy', 'Drama', 'Musical', 'Romance']",1114677
70336,G.I. Joe: The Rise of Cobra (2009),"['Action', 'Adventure', 'Sci-Fi', 'Thriller']",1046173
70342,Séraphine (2008),"['Drama', 'War']",1048171
70344,Cold Souls (2009),"['Comedy', 'Drama']",1127877
70361,12 Rounds (2009),"['Action', 'Thriller']",1160368
70451,Max Manus (2008),"['Action', 'Drama', 'War']",1029235
70521,Lost in Austen (2008),"['Drama', 'Fantasy', 'Romance', 'Sci-Fi']",1117666
70533,Evangelion: 1.0 You Are (Not) Alone (Evangerion shin gekijôban: Jo) (2007),"['Action', 'Animation', 'Sci-Fi']",923811
70565,"Goods: Live Hard, Sell Hard, The (2009)",['Comedy'],1092633
70567,Adam (2009),"['Drama', 'Romance']",1185836
70597,Gigantic (2008),"['Comedy', 'Romance']",1176251
70599,"Time Traveler's Wife, The (2009)","['Drama', 'Romance', 'Sci-Fi']",452694
70641,Miss March (2009),['Comedy'],1151922
70643,Bandslam (2009),"['Comedy', 'Drama', 'Musical']",976222
70663,"I Love You, Beth Cooper (2009)","['Comedy', 'Romance']",1032815
70687,Paper Heart (2009),"['Comedy', 'Documentary', 'Drama', 'Romance']",1331064
70697,G-Force (2009),"['Action', 'Adventure', 'Children', 'Fantasy']",436339
70708,Tetro (2009),"['Drama', 'Mystery']",964185
70728,Bronson (2009),"['Action', 'Comedy', 'Drama', 'Thriller']",1172570
70742,"Matador, The (2008)",['Documentary'],1186238
70849,"Doulos, Le (1962)","['Crime', 'Thriller']",54821
70862,It Might Get Loud (2008),['Documentary'],1229360
70898,Post Grad (2009),['Comedy'],1142433
70912,Goodbye Solo (2008),['Drama'],1095442
70932,My Life in Ruins (2009),['Comedy'],865559
70984,Taking Woodstock (2009),['Comedy'],1127896
70994,Halloween II (2009),"['Horror', 'Thriller']",1311067
71033,"Secret in Their Eyes, The (El secreto de sus ojos) (2009)","['Crime', 'Drama', 'Mystery', 'Romance', 'Thriller']",1305806
71057,9 (2009),"['Adventure', 'Animation', 'Sci-Fi']",472033
71106,Frequently Asked Questions About Time Travel (2009),"['Comedy', 'Sci-Fi']",910554
71108,"White Ribbon, The (Das weiße Band) (2009)","['Drama', 'Mystery']",1149362
71129,Green Lantern: First Flight (2009),"['Action', 'Adventure', 'Animation', 'Fantasy', 'Sci-Fi']",1384590
71131,"Most Hated Family in America, The (2007)",['Documentary'],1000764
71135,Pandorum (2009),"['Horror', 'Sci-Fi', 'Thriller']",1188729
71156,"Men Who Stare at Goats, The (2009)","['Action', 'Comedy', 'Drama']",1234548
71205,Jennifer's Body (2009),"['Comedy', 'Horror', 'Sci-Fi', 'Thriller']",1131734
71211,"Informant!, The (2009)","['Comedy', 'Crime', 'Drama', 'Thriller']",1130080
71248,Extract (2009),['Comedy'],1225822
71252,"Final Destination, The (Final Destination 4) (Final Destination in 3-D, The) (2009)","['Horror', 'Thriller']",1144884
71254,Gamer (2009),"['Action', 'Sci-Fi', 'Thriller']",1034032
71264,Cloudy with a Chance of Meatballs (2009),"['Animation', 'Children', 'Fantasy', 'IMAX']",844471
71282,"Food, Inc. (2008)",['Documentary'],1286537
71304,Thirst (Bakjwi) (2009),"['Drama', 'Horror']",762073
71325,Love Happens (2009),"['Comedy', 'Drama', 'Romance']",899106
71327,Bright Star (2009),"['Drama', 'Romance']",810784
71379,Paranormal Activity (2009),"['Horror', 'Thriller']",1179904
71429,World's Greatest Dad (2009),"['Comedy', 'Drama']",1262981
71438,Still Walking (Aruitemo aruitemo) (2008),['Drama'],1087578
71450,Capitalism: A Love Story (2009),['Documentary'],1232207
71460,Wanted (2009),"['Action', 'Romance']",1084972
71462,"Cove, The (2009)",['Documentary'],1313104
71464,"Serious Man, A (2009)","['Comedy', 'Drama']",1019452
71466,City Island (2009),"['Comedy', 'Drama']",1174730
71468,Ink (2009),"['Action', 'Fantasy', 'Sci-Fi']",1071804
71484,Metropia (2009),"['Animation', 'Sci-Fi']",985058
71500,Trick 'r Treat (2007),"['Comedy', 'Horror', 'Thriller']",862856
71518,Whip It (2009),"['Comedy', 'Drama']",1172233
71520,"Invention of Lying, The (2009)",['Comedy'],1058017
71530,Surrogates (2009),"['Action', 'Sci-Fi', 'Thriller']",986263
71535,Zombieland (2009),"['Action', 'Comedy', 'Horror']",1156398
71537,Fame (2009),"['Comedy', 'Drama', 'Musical', 'Romance']",1016075
71542,"September Issue, The (2009)",['Documentary'],1331025
71550,Assassination of a High School President (2008),"['Comedy', 'Drama', 'Mystery']",1018818
71573,Whiteout (2009),"['Action', 'Crime', 'Drama', 'Mystery', 'Thriller']",365929
71579,"Education, An (2009)","['Drama', 'Romance']",1174732
71619,Coco Before Chanel (Coco avant Chanel) (2009),['Drama'],1035736
71668,Couples Retreat (2009),"['Comedy', 'Romance']",1078940
71670,All About Steve (2009),['Comedy'],881891
71700,Deadgirl (2008),['Horror'],896534
71732,I Sell the Dead (2008),"['Comedy', 'Horror']",902290
71745,Where the Wild Things Are (2009),"['Adventure', 'Children', 'Drama', 'Fantasy', 'IMAX']",386117
71823,"New York, I Love You (2009)","['Drama', 'Romance']",808399
71838,Law Abiding Citizen (2009),"['Drama', 'Thriller']",1197624
71876,Amelia (2009),['Drama'],1129445
71878,"Stepfather, The (2009)","['Horror', 'Thriller']",814335
71899,Mary and Max (2009),"['Animation', 'Comedy', 'Drama']",978762
71902,Spread (2009),"['Drama', 'Romance']",1186370
71910,"Tournament, The (2009)",['Action'],471041
71928,Cairo Time (2009),"['Drama', 'Romance']",896529
72011,Up in the Air (2009),"['Drama', 'Romance']",1193138
72043,Monsters vs Aliens: Mutant Pumpkins from Outer Space (2009),"['Animation', 'Comedy', 'Sci-Fi']",1482967
72113,Is Anybody There? (2008),['Drama'],1130088
72129,Saw VI (2009),"['Crime', 'Horror', 'Mystery', 'Thriller']",1233227
72131,Michael Jackson's This Is It (2009),"['Documentary', 'Musical', 'IMAX']",1477715
72142,Love Exposure (Ai No Mukidashi) (2008),"['Action', 'Comedy', 'Drama', 'Romance']",1128075
72165,Cirque du Freak: The Vampire's Assistant (2009),"['Action', 'Adventure', 'Comedy', 'Fantasy', 'Horror', 'Thriller']",450405
72167,"Boondock Saints II: All Saints Day, The (2009)","['Action', 'Crime', 'Drama', 'Thriller']",1300851
72171,Black Dynamite (2009),"['Action', 'Comedy']",1190536
72176,Big Fan (2009),"['Comedy', 'Crime', 'Drama']",1228953
72209,Astro Boy (2009),"['Action', 'Animation', 'Children', 'Sci-Fi']",375568
72224,Gentlemen Broncos (2009),['Comedy'],1161418
72226,Fantastic Mr. Fox (2009),"['Adventure', 'Animation', 'Children', 'Comedy', 'Crime']",432283
72228,Creation (2009),['Drama'],974014
72294,"Christmas Carol, A (2009)","['Animation', 'Children', 'Drama', 'Fantasy', 'IMAX']",1067106
72308,Battlestar Galactica: The Plan (2009),"['Action', 'Adventure', 'Drama', 'Sci-Fi']",1286130
72330,"Private Lives of Pippa Lee, The (2009)",['Drama'],1134629
72356,Partly Cloudy (2009),"['Animation', 'Children', 'Comedy', 'Fantasy']",1425244
72367,Grey Gardens (2009),['Drama'],758751
72378,2012 (2009),"['Action', 'Drama', 'Sci-Fi', 'Thriller']",1190080
72380,"Box, The (2009)","['Drama', 'Horror', 'Mystery', 'Sci-Fi', 'Thriller']",362478
72386,Broken Embraces (Los abrazos rotos) (2009),"['Drama', 'Romance', 'Thriller']",913425
72393,"Fourth Kind, The (2009)","['Horror', 'Mystery', 'Sci-Fi', 'Thriller']",1220198
72395,Precious (2009),['Drama'],929632
72405,Bad Lieutenant: Port of Call New Orleans (2009),"['Crime', 'Drama']",1095217
72407,"Twilight Saga: New Moon, The (2009)","['Drama', 'Fantasy', 'Horror', 'Romance', 'Thriller']",1259571
72479,"Messenger, The (2009)","['Drama', 'Romance', 'War']",790712
72489,Ninja Assassin (2009),"['Action', 'Crime', 'Drama', 'Thriller']",1186367
72554,Cell 211 (Celda 211) (2009),"['Action', 'Drama']",1242422
72591,"Patriot, The (1998)","['Action', 'Thriller']",120786
72603,Merry Madagascar (2009),['Animation'],1526300
72605,Brothers (2009),"['Drama', 'Thriller', 'War']",765010
72630,Sleep Dealer (2008),['Sci-Fi'],804529
72641,"Blind Side, The  (2009)",['Drama'],878804
72694,Shrink (2009),['Drama'],1247692
72696,Old Dogs (2009),['Comedy'],976238
72701,Planet 51 (2009),"['Adventure', 'Animation', 'Children', 'Comedy', 'Sci-Fi']",762125
72703,Me and Orson Welles (2008),['Drama'],1175506
72720,"Single Man, A (2009)",['Drama'],1315981
72731,"Lovely Bones, The (2009)","['Crime', 'Drama', 'Fantasy', 'Horror', 'Thriller']",380510
72733,Invictus (2009),['Drama'],1057500
72737,"Princess and the Frog, The (2009)","['Animation', 'Children', 'Fantasy', 'Musical', 'Romance']",780521
72741,Everybody's Fine (2009),['Drama'],780511
72762,Armored (2009),"['Action', 'Drama', 'Thriller']",913354
72919,Did You Hear About the Morgans? (2009),"['Comedy', 'Crime', 'Drama', 'Romance']",1314228
72982,Alice (2009),"['Action', 'Adventure', 'Fantasy']",1461312
72998,Avatar (2009),"['Action', 'Adventure', 'Sci-Fi', 'IMAX']",499549
73000,Nine (2009),"['Drama', 'Musical', 'Romance']",875034
73015,It's Complicated (2009),"['Comedy', 'Romance']",1230414
73017,Sherlock Holmes (2009),"['Action', 'Crime', 'Mystery', 'Thriller']",988045
73023,Crazy Heart (2009),"['Drama', 'Romance']",1263670
73027,The Last Station (2009),['Drama'],824758
73042,Alvin and the Chipmunks: The Squeakquel (2009),"['Animation', 'Children', 'Comedy', 'Musical']",1231580
73101,Looking for Eric (2009),"['Comedy', 'Drama', 'Fantasy']",1242545
73106,American Pie Presents: The Book of Love (American Pie 7: The Book of Love) (2009),['Comedy'],1407050
73168,Carriers (2009),"['Drama', 'Horror', 'Thriller']",806203
73211,Pontypool (2008),"['Horror', 'Thriller']",1226681
73266,Youth in Revolt (2009),"['Comedy', 'Drama', 'Romance']",403702
73268,Daybreakers (2010),"['Action', 'Drama', 'Horror', 'Thriller']",433362
73290,Hachiko: A Dog's Story (a.k.a. Hachi: A Dog's Tale) (2009),['Drama'],1028532
73319,Leap Year (2010),"['Comedy', 'Romance']",1216492
73321,"Book of Eli, The (2010)","['Action', 'Adventure', 'Drama']",1037705
73323,"Girl Who Kicked the Hornet's Nest, The (Luftslottet som sprängdes) (2009)","['Action', 'Crime', 'Mystery']",1343097
73344,"Prophet, A (Un Prophète) (2009)","['Crime', 'Drama']",1235166
73511,Horsemen (2009),"['Crime', 'Drama', 'Horror', 'Mystery', 'Thriller']",892767
73587,Soul Kitchen (2009),['Comedy'],1244668
73759,Hellsing Ultimate OVA Series (2006),"['Action', 'Animation', 'Horror']",495212
73808,"Chaser, The (Chugyeogja) (2008)","['Crime', 'Drama', 'Thriller']",1190539
73829,Mega Shark vs. Giant Octopus (2009),"['Action', 'Horror']",1350498
73854,"Rudolph, the Red-Nosed Reindeer (1964)","['Adventure', 'Animation', 'Children', 'Fantasy', 'Musical']",58536
73860,Nowhere Boy (2009),['Drama'],1266029
73874,Blood and Bone (2009),"['Action', 'Drama']",346631
73881,3 Idiots (2009),"['Comedy', 'Drama', 'Romance']",1187043
73929,Legion (2010),"['Action', 'Fantasy', 'Horror', 'Thriller']",1038686
74089,Peter Pan (1960),"['Children', 'Fantasy', 'Musical']",54176
74152,Zach Galifianakis: Live at the Purple Onion (2006),"['Comedy', 'Documentary']",804558
74154,When in Rome (2010),"['Comedy', 'Romance']",1185416
74156,Edge of Darkness (2010),"['Drama', 'Thriller']",1226273
74204,Mad Detective (Sun taam) (2007),"['Action', 'Crime', 'Thriller']",969269
74228,Triangle (2009),"['Drama', 'Horror', 'Mystery', 'Thriller']",1187064
74275,I Love You Phillip Morris (2009),"['Comedy', 'Drama', 'Romance']",1045772
74282,Anne of Green Gables: The Sequel (a.k.a. Anne of Avonlea) (1987),"['Children', 'Drama', 'Romance']",92571
74324,Temple Grandin (2010),['Drama'],1278469
74370,"House of the Devil, The (2009)","['Horror', 'Thriller']",1172994
74416,Fish Tank (2009),['Drama'],1232776
74436,Body Bags (1993),"['Comedy', 'Horror', 'Sci-Fi', 'Thriller']",106449
74450,Valentine's Day (2010),"['Comedy', 'Romance']",817230
74452,"Wolfman, The (2010)","['Horror', 'Thriller']",780653
74458,Shutter Island (2010),"['Drama', 'Mystery', 'Thriller']",1130884
74484,Bitch Slap (2009),"['Action', 'Comedy', 'Crime', 'Thriller']",1212974
74488,Ondine (2009),"['Drama', 'Fantasy', 'Romance']",1235796
74504,Letters to Father Jacob (Postia pappi Jaakobille) (2009),['Drama'],1364487
74508,Persuasion (2007),"['Drama', 'Romance']",844330
74510,"Girl Who Played with Fire, The (Flickan som lekte med elden) (2009)","['Action', 'Crime', 'Drama', 'Mystery', 'Thriller']",1216487
74530,Percy Jackson & the Olympians: The Lightning Thief (2010),"['Adventure', 'Fantasy']",814255
74532,Cop Out (2010),"['Action', 'Comedy', 'Crime']",1385867
74545,"Ghost Writer, The (2010)","['Drama', 'Mystery', 'Thriller']",1139328
74553,"Secret of Kells, The (2009)","['Animation', 'Fantasy']",485601
74624,Agora (2009),"['Adventure', 'Drama', 'Romance']",1186830
74668,District 13: Ultimatum (Banlieue 13 - Ultimatum) (2009),"['Action', 'Sci-Fi']",1247640
74677,"Yes Men Fix the World, The (2009)",['Documentary'],1352852
74685,"Crazies, The (2010)","['Action', 'Drama', 'Horror', 'Sci-Fi', 'Thriller']",455407
74688,Dear John (2010),"['Drama', 'Romance', 'War']",989757
74698,Tooth Fairy (2010),"['Comedy', 'Fantasy']",808510
74750,[REC]² (2009),"['Horror', 'Thriller']",1245112
74787,My Name is Khan (2010),"['Drama', 'Romance']",1188996
74789,Alice in Wonderland (2010),"['Adventure', 'Fantasy', 'IMAX']",1014759
74795,Green Zone (2010),"['Action', 'Drama', 'Thriller', 'War']",947810
74851,From Paris with Love (2010),"['Action', 'Crime']",1179034
74868,Dorian Gray (2009),"['Drama', 'Horror', 'Sci-Fi']",1235124
74916,Greenberg (2010),"['Comedy', 'Drama']",1234654
74944,Brooklyn's Finest (2010),"['Crime', 'Drama', 'Thriller']",1210042
74946,She's Out of My League (2010),['Comedy'],815236
74948,Harry Brown (2009),"['Crime', 'Drama', 'Thriller']",1289406
75341,Remember Me (2010),"['Drama', 'Romance']",1403981
75395,Frozen (2010),"['Drama', 'Horror', 'Thriller']",1323045
75425,Survival of the Dead (2009),['Horror'],1134854
75440,Will Ferrell: You're Welcome America - A Final Night with George W Bush (2009),['Comedy'],1386011
75805,"Bounty Hunter, The (2010)","['Action', 'Comedy', 'Romance']",1038919
75813,Leaves of Grass (2009),"['Comedy', 'Crime', 'Drama', 'Thriller']",1151359
75985,Repo Men (2010),"['Action', 'Sci-Fi', 'Thriller']",1053424
76030,Case 39 (2009),"['Horror', 'Thriller']",795351
76077,Hot Tub Time Machine (2010),"['Comedy', 'Sci-Fi']",1231587
76079,Chloe (2009),"['Drama', 'Thriller']",1352824
76091,Mother (Madeo) (2009),"['Crime', 'Drama', 'Mystery', 'Thriller']",1216496
76093,How to Train Your Dragon (2010),"['Adventure', 'Animation', 'Children', 'Fantasy', 'IMAX']",892769
76130,Universal Soldier: Regeneration (2009),"['Action', 'Drama', 'Sci-Fi', 'Thriller']",1288403
76147,I Hate Valentine's Day (2009),"['Comedy', 'Romance']",762105
76173,Micmacs (Micmacs à tire-larigot) (2009),"['Comedy', 'Crime']",1149361
76175,Clash of the Titans (2010),"['Action', 'Adventure', 'Drama', 'Fantasy']",800320
76210,Defendor (2009),"['Comedy', 'Crime', 'Drama']",1303828
76251,Kick-Ass (2010),"['Action', 'Comedy']",1250777
76293,Date Night (2010),"['Action', 'Comedy', 'Romance']",1279935
76317,After.Life (2009),"['Drama', 'Horror', 'Thriller']",838247
76738,Steam of Life (Miesten vuoro) (2010),['Documentary'],1583323
76755,Peacock (2010),['Thriller'],1188113
76763,"Runaways, The (2010)","['Drama', 'Musical']",1017451
77191,Death at a Funeral (2010),['Comedy'],1321509
77201,Valhalla Rising (2009),"['Action', 'Drama', 'War']",862467
77206,Diary of a Wimpy Kid (2010),"['Children', 'Comedy']",1196141
77240,I Am Love (Io sono l'amore) (2009),"['Drama', 'Romance']",1226236
77307,Dogtooth (Kynodontas) (2009),['Drama'],1379182
77328,Red Riding: 1974 (2009),"['Crime', 'Drama', 'Mystery', 'Thriller']",1259574
77330,Red Riding: 1980 (2009),"['Crime', 'Drama', 'Mystery']",1260581
77359,Red Riding: 1983 (2009),"['Crime', 'Drama', 'Mystery']",1259573
77364,"Losers, The (2010)","['Action', 'Adventure', 'Drama', 'Mystery', 'Thriller']",480255
77414,"Last Song, The (2010)","['Drama', 'Romance']",1294226
77421,Cyrus (2010),"['Comedy', 'Drama', 'Romance']",1336617
77427,"Human Centipede, The (First Sequence) (2009)",['Horror'],1467304
77455,Exit Through the Gift Shop (2010),"['Comedy', 'Documentary']",1587707
77540,Solomon Kane (2009),"['Action', 'Adventure', 'Fantasy', 'Horror']",970452
77561,Iron Man 2 (2010),"['Action', 'Adventure', 'Sci-Fi', 'Thriller', 'IMAX']",1228705
77629,Reindeerspotting - Pako joulumaasta (2010),['Documentary'],1584813
77658,Cosmos (1980),['Documentary'],81846
77667,MacGruber (2010),"['Action', 'Comedy']",1470023
77795,Cargo (2009),['Sci-Fi'],381940
77798,"Nightmare on Elm Street, A (2010)","['Fantasy', 'Horror', 'Thriller']",1179056
77800,Four Lions (2010),"['Comedy', 'Drama']",1341167
77833,Armadillo (2010),"['Documentary', 'Drama']",1640680
77837,You Don't Know Jack (2010),['Drama'],1132623
77843,"Disappearance of Alice Creed, The (2009)",['Thriller'],1379177
77846,12 Angry Men (1997),"['Crime', 'Drama']",118528
77866,Robin Hood (2010),"['Action', 'Adventure', 'Drama', 'Romance', 'War']",955308
78034,Cemetery Junction (2010),"['Comedy', 'Drama', 'Romance']",1196204
78039,Blue Valentine (2010),"['Drama', 'Romance']",1120985
78041,Killers (2010),"['Action', 'Comedy']",1103153
78088,Buried (2010),"['Mystery', 'Thriller']",1462758
78105,Prince of Persia: The Sands of Time (2010),"['Action', 'Adventure', 'Fantasy', 'Romance', 'IMAX']",473075
78116,Please Give (2010),"['Comedy', 'Drama']",878835
78160,Ricky Gervais Live: Animals (2003),['Comedy'],397612
78162,Ricky Gervais Live 2: Politics (2004),['Comedy'],439784
78174,Sex and the City 2 (2010),"['Comedy', 'Drama', 'Romance']",1261945
78209,Get Him to the Greek (2010),['Comedy'],1226229
78218,Unthinkable (2010),"['Drama', 'Thriller']",914863
78264,"Back-up Plan, The (2010)","['Comedy', 'Romance']",1212436
78266,Splice (2009),"['Horror', 'Sci-Fi', 'Thriller']",1017460
78316,Letters to Juliet (2010),"['Drama', 'Romance']",892318
78319,"Descent: Part 2, The (2009)","['Adventure', 'Horror', 'Thriller']",1073105
78321,"41-Year-Old Virgin Who Knocked Up Sarah Marshall and Felt Superbad About It, The (2010)",['Comedy'],1498870
78349,Exam (2009),"['Mystery', 'Thriller']",1258197
78467,Jonah Hex (2010),"['Action', 'Drama', 'Thriller', 'Western']",1075747
78469,"A-Team, The (2010)","['Action', 'Comedy', 'Thriller']",429493
78499,Toy Story 3 (2010),"['Adventure', 'Animation', 'Children', 'Comedy', 'Fantasy', 'IMAX']",435761
78517,Joan Rivers: A Piece of Work (2010),['Documentary'],1568150
78544,Ricky Gervais Live 3: Fame (2007),['Comedy'],993779
78574,Winter's Bone (2010),"['Drama', 'Thriller']",1399683
78637,Shrek Forever After (a.k.a. Shrek: The Final Chapter) (2010),"['Adventure', 'Animation', 'Children', 'Comedy', 'Fantasy', 'IMAX']",892791
78679,"Killer Inside Me, The (2010)","['Crime', 'Drama', 'Thriller', 'Western']",954947
78703,TiMER (2009),"['Comedy', 'Drama', 'Fantasy', 'Romance']",1179794
78772,"Twilight Saga: Eclipse, The (2010)","['Fantasy', 'Romance', 'Thriller', 'IMAX']",1325004
78774,Solitary Man (2009),"['Comedy', 'Drama']",1294213
78836,Enter the Void (2009),['Drama'],1191111
78893,"Last Airbender, The (2010)","['Action', 'Adventure', 'Fantasy']",938283
79008,South Park: Imaginationland (2008),"['Animation', 'Comedy', 'Fantasy']",1308667
79057,Predators (2010),"['Action', 'Sci-Fi', 'Thriller']",1424381
79073,When You're Strange (2009),['Documentary'],1333667
79091,Despicable Me (2010),"['Animation', 'Children', 'Comedy', 'Crime']",1323594
79132,Inception (2010),"['Action', 'Crime', 'Drama', 'Mystery', 'Sci-Fi', 'Thriller', 'IMAX']",1375666
79134,Grown Ups (2010),['Comedy'],1375670
79139,"Sorcerer's Apprentice, The (2010)","['Action', 'Adventure', 'Children', 'Comedy', 'Fantasy']",963966
79185,Knight and Day (2010),"['Action', 'Comedy', 'Thriller']",1013743
79224,"Karate Kid, The (2010)","['Action', 'Children', 'Drama']",1155076
79230,"Yellow Handkerchief, The (2008)","['Drama', 'Romance']",954990
79242,"Kids Are All Right, The (2010)","['Comedy', 'Drama']",842926
79251,"Serbian Film, A (Srpski film) (2010)","['Horror', 'Thriller']",1273235
79274,Batman: Under the Red Hood (2010),"['Action', 'Animation']",1569923
79287,"Wizard of Oz, The (1925)","['Adventure', 'Children', 'Comedy', 'Fantasy']",16544
79293,Salt (2010),"['Action', 'Thriller']",944835
79318,Winnebago Man (2009),"['Comedy', 'Documentary']",1396557
79357,Mr. Nobody (2009),"['Drama', 'Fantasy', 'Romance', 'Sci-Fi']",485947
79428,Dinner for Schmucks (2010),['Comedy'],427152
79536,Hellsinki (Rööperi) (2009),['Crime'],1227536
79553,Ip Man 2 (2010),['Action'],1386932
79578,"Year of the Hare, The (Jäniksen vuosi) (1977)","['Drama', 'Romance']",76252
79588,Charlie St. Cloud (2010),"['Drama', 'Fantasy', 'Romance']",1438254
79590,"Rebound, The (2009)","['Comedy', 'Romance']",1205535
79592,"Other Guys, The (2010)","['Action', 'Comedy']",1386588
79684,Paper Man (2009),"['Comedy', 'Drama']",437405
79695,"Expendables, The (2010)","['Action', 'Adventure', 'Thriller']",1320253
79702,Scott Pilgrim vs. the World (2010),"['Action', 'Comedy', 'Fantasy', 'Musical', 'Romance']",446029
79720,Animal Kingdom (2010),"['Crime', 'Drama']",1313092
79796,Centurion (2010),"['Action', 'Adventure', 'Drama', 'Thriller', 'War']",1020558
79824,Babies (Bébé(s)) (2010),['Documentary'],1020938
79860,"Experiment, The (2010)","['Drama', 'Thriller']",997152
79879,Piranha (Piranha 3D) (2010),"['Action', 'Horror', 'Thriller']",464154
79897,Get Low (2009),"['Comedy', 'Drama', 'Mystery']",1194263
79946,"Joneses, The (2009)","['Comedy', 'Drama']",1285309
80094,"Last Exorcism, The (2010)","['Horror', 'Thriller']",1320244
80126,"American, The (2010)","['Drama', 'Thriller']",1440728
80139,Jackass 2.5 (2007),"['Comedy', 'Documentary']",1117523
80166,"Switch, The (2010)","['Comedy', 'Romance']",889573
80185,GasLand (2010),['Documentary'],1558250
80219,Machete (2010),"['Action', 'Adventure', 'Comedy', 'Crime', 'Thriller']",985694
80222,Step Up 3D (2010),"['Drama', 'Romance']",1193631
80241,Going the Distance (2010),"['Comedy', 'Romance']",1322312
80350,Vampires Suck (2010),['Comedy'],1666186
80361,$5 a Day (2008),"['Comedy', 'Drama']",1024733
80363,Resident Evil: Afterlife (2010),"['Action', 'Horror', 'Sci-Fi', 'Thriller', 'IMAX']",1220634
80398,22 Bullets (L'immortel) (2010),"['Action', 'Crime', 'Thriller']",1167638
80463,"Social Network, The (2010)",['Drama'],1285016
80489,"Town, The (2010)","['Crime', 'Drama', 'Thriller']",840361
80549,Easy A (2010),"['Comedy', 'Romance']",1282140
80551,Eat Pray Love (2010),"['Drama', 'Romance']",879870
80553,Howl (2010),['Drama'],1049402
80586,Flipped (2010),"['Comedy', 'Drama', 'Romance']",817177
80590,Wall Street: Money Never Sleeps (2010),['Drama'],1027718
80615,Legend of the Guardians: The Owls of Ga'Hoole (2010),"['Adventure', 'Animation', 'Fantasy', 'IMAX']",1219342
80693,It's Kind of a Funny Story (2010),"['Comedy', 'Drama']",804497
80727,Middle Men (2010),"['Comedy', 'Crime', 'Drama']",1251757
80729,(Untitled) (2009),"['Comedy', 'Drama']",1132193
80748,Alice in Wonderland (1933),"['Adventure', 'Children', 'Fantasy']",23753
80775,Tamara Drewe (2010),"['Comedy', 'Drama', 'Romance']",1486190
80831,Let Me In (2010),"['Drama', 'Horror', 'Mystery']",1228987
80839,Secretariat (2010),"['Adventure', 'Drama']",1028576
80846,Devil (2010),"['Horror', 'Mystery', 'Thriller']",1314655
80858,You Again (2010),['Comedy'],1414382
80860,Life as We Know It (2010),"['Comedy', 'Romance']",1055292
80862,Catfish (2010),"['Documentary', 'Mystery']",1584016
80864,You Will Meet a Tall Dark Stranger (2010),"['Comedy', 'Romance']",1182350
80880,Stone (2010),"['Drama', 'Thriller']",1423995
80906,Inside Job (2010),['Documentary'],1645089
80917,Monsters (2010),"['Drama', 'Sci-Fi']",1470827
80928,David Cross: Bigger & Blackerer (2010),"['Comedy', 'Documentary']",1646887
80939,Conviction (2010),['Drama'],1244754
80969,Never Let Me Go (2010),"['Drama', 'Romance', 'Sci-Fi']",1334260
81018,"Illusionist, The (L'illusionniste) (2010)",['Animation'],775489
81083,Kaboom (2010),"['Comedy', 'Sci-Fi']",1523483
81090,Tales from the Script (2009),['Documentary'],1045642
81132,Rubber (2010),"['Action', 'Adventure', 'Comedy', 'Crime', 'Drama', 'Film-Noir', 'Horror', 'Mystery', 'Thriller', 'Western']",1612774
81156,Jackass 3D (2010),"['Action', 'Comedy', 'Documentary']",1116184
81158,Restrepo (2010),"['Documentary', 'War']",1559549
81180,30 Days of Night: Dark Days (2010),"['Horror', 'Thriller']",1320304
81191,Waiting for Superman (2010),['Documentary'],1566648
81229,Red (2010),"['Action', 'Comedy']",1245526
81257,In a Better World (Hævnen) (2010),['Drama'],1340107
81383,Heartbreaker (L'Arnacoeur) (2010),"['Comedy', 'Romance']",1465487
81385,Of Gods and Men (Des hommes et des dieux) (2010),['Drama'],1588337
81417,Paranormal Activity 2 (2010),"['Horror', 'IMAX']",1536044
81456,Heartbeats (Les amours imaginaires) (2010),"['Drama', 'Romance']",1600524
81512,Hereafter (2010),"['Drama', 'Fantasy']",1212419
81516,Black Death (2010),"['Adventure', 'Drama', 'Horror', 'Mystery']",1181791
81535,Saw VII 3D - The Final Chapter (2010),"['Horror', 'Mystery', 'Thriller']",1477076
81537,Due Date (2010),['Comedy'],1231583
81562,127 Hours (2010),"['Adventure', 'Drama', 'Thriller']",1542344
81564,Megamind (2010),"['Action', 'Animation', 'Children', 'Comedy', 'Sci-Fi', 'IMAX']",1001526
81591,Black Swan (2010),"['Drama', 'Thriller']",947798
81639,Jack Goes Boating (2010),"['Comedy', 'Romance']",1278379
81641,Fair Game (2010),"['Drama', 'Thriller']",977855
81731,"Pillars of the Earth, The (2010)","['Drama', 'Romance', 'Thriller']",1453159
81782,Unstoppable (2010),"['Action', 'Drama', 'Thriller']",477080
81784,Morning Glory (2010),"['Comedy', 'Drama', 'Romance']",1126618
81786,Certified Copy (Copie conforme) (2010),['Drama'],1020773
81788,"Next Three Days, The (2010)","['Crime', 'Drama', 'Romance', 'Thriller']",1458175
81791,Somewhere (2010),['Drama'],1421051
81804,Wild Target (2010),"['Comedy', 'Drama', 'Romance', 'Thriller']",1235189
81817,Carlos (2010),"['Crime', 'Drama', 'Thriller']",1321865
81819,Biutiful (2010),['Drama'],1164999
81834,Harry Potter and the Deathly Hallows: Part 1 (2010),"['Action', 'Adventure', 'Fantasy', 'IMAX']",926084
81845,"King's Speech, The (2010)",['Drama'],1504320
81847,Tangled (2010),"['Animation', 'Children', 'Comedy', 'Fantasy', 'Musical', 'Romance', 'IMAX']",398286
81932,"Fighter, The (2010)",['Drama'],964517
81949,"Romantics, The (2010)","['Comedy', 'Drama', 'Romance']",1403988
82037,"Tillman Story, The (2010)",['Documentary'],1568334
82053,Casino Jack (2010),"['Comedy', 'Crime']",1194417
82093,London Boulevard (2010),"['Crime', 'Romance']",1213648
82095,Skyline (2010),"['Sci-Fi', 'Thriller']",1564585
82143,Alone in the Wilderness (2004),['Documentary'],437806
82152,Beastly (2011),"['Drama', 'Fantasy', 'Romance']",1152398
82167,Love and Other Drugs (2010),"['Comedy', 'Drama', 'Romance']",758752
82169,"Chronicles of Narnia: The Voyage of the Dawn Treader, The (2010)","['Adventure', 'Children', 'Fantasy']",980970
82173,Tiny Furniture (2010),['Comedy'],1570989
82202,"Tourist, The (2010)","['Drama', 'Thriller']",1243957
82242,Rare Exports: A Christmas Tale (Rare Exports) (2010),"['Action', 'Comedy']",1401143
82244,13 (2010),['Thriller'],798817
82378,All Good Things (2010),"['Drama', 'Mystery', 'Thriller']",1175709
82447,"Tomorrow, When the War Began (2010)","['Action', 'Adventure', 'Drama']",1456941
82459,True Grit (2010),['Western'],1403865
82461,Tron: Legacy (2010),"['Action', 'Adventure', 'Sci-Fi', 'IMAX']",1104001
82463,Another Year (2010),['Drama'],1431181
82499,How Do You Know (2010),"['Comedy', 'Drama', 'Romance']",1341188
82527,Barney's Version (2010),['Drama'],1423894
82534,"Company Men, The (2010)",['Drama'],1172991
82667,I Saw the Devil (Akmareul boatda) (2010),"['Crime', 'Thriller']",1588170
82744,Faster (2010),"['Action', 'Crime', 'Drama']",1433108
82767,Rabbit Hole (2010),['Drama'],935075
82852,Little Fockers (2010),['Comedy'],970866
82854,Gulliver's Travels (2010),"['Adventure', 'Comedy', 'Fantasy']",1320261
83086,Burlesque (2010),"['Drama', 'Musical', 'Romance']",1126591
83132,"Secret World of Arrietty, The (Kari-gurashi no Arietti) (2010)","['Animation', 'Children', 'Fantasy']",1568921
83134,Tucker & Dale vs Evil (2010),"['Comedy', 'Horror']",1465522
83177,Yogi Bear (2010),"['Children', 'Comedy']",1302067
83219,"Pixar Story, The (2007)",['Documentary'],1059955
83270,Made in Dagenham (2010),"['Comedy', 'Drama']",1371155
83293,Waste Land (2010),['Documentary'],1268204
83302,Last Night (2010),"['Drama', 'Romance']",1294688
83349,"Green Hornet, The (2011)","['Action', 'Comedy', 'Crime', 'Fantasy', 'Thriller', 'IMAX']",990407
83369,"Way Back, The (2010)",['Drama'],1023114
83374,"Warrior's Way, The (2010)","['Action', 'Fantasy', 'Western']",1032751
83480,Season of the Witch (2011),"['Adventure', 'Drama', 'Fantasy']",479997
83525,Outrage (Autoreiji) (2010),"['Crime', 'Drama']",1462667
83613,Cowboys & Aliens (2011),"['Action', 'Sci-Fi', 'Thriller', 'Western', 'IMAX']",409847
83803,Day & Night (2010),"['Animation', 'Children']",1620446
83827,Marwencol (2010),['Documentary'],1391092
83910,"Dilemma, The (2011)","['Comedy', 'Drama']",1578275
83976,"Trip, The (2010)","['Comedy', 'Drama']",1740047
84152,Limitless (2011),"['Sci-Fi', 'Thriller']",1219289
84156,Happy People: A Year in the Taiga (2010),['Documentary'],1683876
84187,Evangelion: 2.0 You Can (Not) Advance (Evangerion shin gekijôban: Ha) (2009),"['Action', 'Animation', 'Drama', 'Sci-Fi']",860906
84189,I Spit on Your Grave (2010),"['Crime', 'Horror', 'Thriller']",1242432
84242,Welcome to the Rileys (2010),['Drama'],1183923
84273,Zeitgeist: Moving Forward (2011),['Documentary'],1781069
84312,Home Alone 4 (2002),"['Children', 'Comedy', 'Crime']",329200
84374,No Strings Attached (2011),"['Comedy', 'Romance']",1411238
84392,"Lincoln Lawyer, The (2011)","['Crime', 'Drama', 'Thriller']",1189340
84395,"Rite, The (2011)","['Drama', 'Horror', 'Thriller']",1161864
84570,Country Strong (2010),"['Drama', 'Musical', 'Romance']",1555064
84601,Unknown (2011),"['Drama', 'Mystery', 'Thriller']",1401152
84615,Cedar Rapids (2011),['Comedy'],1477837
84637,Gnomeo & Juliet (2011),"['Adventure', 'Animation', 'Children', 'Comedy', 'Fantasy', 'Romance']",377981
84696,Burke and Hare (2010),"['Comedy', 'Thriller']",1320239
84716,Castaway on the Moon (Kimssi pyoryugi) (2009),"['Comedy', 'Drama', 'Romance']",1499666
84772,Paul (2011),"['Adventure', 'Comedy', 'Sci-Fi']",1092026
84847,Emma (2009),"['Comedy', 'Drama', 'Romance']",1366312
84942,Drive Angry (2011),"['Action', 'Fantasy', 'Thriller']",1502404
84944,Rango (2011),"['Action', 'Adventure', 'Animation', 'Children', 'Comedy', 'Western']",1192628
84950,Take Me Home Tonight (2011),"['Comedy', 'Drama']",810922
84952,Confessions (Kokuhaku) (2010),"['Drama', 'Horror']",1590089
84954,"Adjustment Bureau, The (2011)","['Romance', 'Sci-Fi', 'Thriller']",1385826
85020,"Mechanic, The (2011)","['Action', 'Drama', 'Thriller']",472399
85022,Hall Pass (2011),['Comedy'],480687
85025,"Eagle, The (2011)","['Adventure', 'Drama']",1034389
85056,I Am Number Four (2011),"['Action', 'Sci-Fi', 'Thriller', 'IMAX']",1464540
85072,"Wild and Wonderful Whites of West Virginia, The (2009)",['Documentary'],1396227
85131,Battle: Los Angeles (2011),"['Action', 'Sci-Fi', 'War']",1217613
85179,Summer Wars (Samâ wôzu) (2009),"['Adventure', 'Animation', 'Comedy', 'Sci-Fi']",1474276
85213,"Sunset Limited, The (2011)",['Drama'],1510938
85342,Elite Squad: The Enemy Within (Tropa de Elite 2 - O Inimigo Agora É Outro) (2010),"['Action', 'Crime', 'Drama']",1555149
85354,Mesrine: Public Enemy #1 (L'ennemi public n°1) (2008),"['Action', 'Crime']",411272
85367,Just Go with It (2011),"['Comedy', 'Romance']",1564367
85394,Cave of Forgotten Dreams (2010),['Documentary'],1664894
85397,Red Riding Hood (2011),"['Fantasy', 'Horror', 'Mystery', 'Thriller']",1486185
85401,Super (2010),"['Action', 'Comedy', 'Drama']",1512235
85412,"Troll Hunter, The (Trolljegeren) (2010)","['Fantasy', 'Horror']",1740707
85414,Source Code (2011),"['Action', 'Drama', 'Mystery', 'Sci-Fi', 'Thriller']",945513
85438,Jane Eyre (2011),"['Drama', 'Romance']",1229822
85510,Sucker Punch (2011),"['Action', 'Fantasy', 'Thriller', 'IMAX']",978764
85565,Chalet Girl (2011),"['Comedy', 'Romance']",1487118
85736,BURN-E (2008),"['Adventure', 'Animation', 'Children', 'Sci-Fi']",1334585
85774,Senna (2010),['Documentary'],1424432
85780,Family Guy Presents: It's a Trap (2010),"['Animation', 'Comedy', 'Sci-Fi']",1701991
85788,Insidious (2010),"['Fantasy', 'Horror', 'Thriller']",1591095
85790,Meek's Cutoff (2010),['Western'],1518812
85796,Hobo with a Shotgun (2011),"['Action', 'Adventure', 'Crime', 'Thriller']",1640459
85881,Win Win (2011),"['Comedy', 'Drama']",1606392
86000,Boy (2010),"['Comedy', 'Drama']",1560139
86014,Diary of a Wimpy Kid: Rodrick Rules (2011),['Comedy'],1650043
86028,Henry's Crime (2010),"['Comedy', 'Crime']",1220888
86142,13 Assassins (Jûsan-nin no shikaku) (2010),['Action'],1436045
86190,Hanna (2011),"['Action', 'Adventure', 'Mystery', 'Thriller']",993842
86290,American: The Bill Hicks Story (2009),"['Comedy', 'Documentary']",1179947
86293,Arthur (2011),['Comedy'],1334512
86295,Scream 4 (2011),"['Comedy', 'Horror', 'Mystery', 'Thriller']",1262416
86298,Rio (2011),"['Adventure', 'Animation', 'Children', 'Comedy']",1436562
86320,Melancholia (2011),"['Drama', 'Sci-Fi']",1527186
86332,Thor (2011),"['Action', 'Adventure', 'Drama', 'Fantasy', 'IMAX']",800369
86345,Louis C.K.: Hilarious (2010),['Comedy'],1421373
86347,Louis C.K.: Chewed Up (2008),['Comedy'],1190722
86355,Atlas Shrugged: Part 1 (2011),"['Drama', 'Mystery', 'Sci-Fi']",480239
86377,Louis C.K.: Shameless (2007),['Comedy'],927619
86487,Mildred Pierce (2011),['Drama'],1492030
86548,Water for Elephants (2011),"['Drama', 'Romance']",1067583
86628,Kill the Irishman (2011),"['Action', 'Crime']",1416801
86644,"Fast Five (Fast and the Furious 5, The) (2011)","['Action', 'Crime', 'Drama', 'Thriller', 'IMAX']",1596343
86781,Incendies (2010),"['Drama', 'Mystery', 'War']",1255953
86815,Soul Surfer (2011),"['Action', 'Drama']",1596346
86817,Something Borrowed (2011),"['Comedy', 'Drama', 'Romance']",491152
86833,Bridesmaids (2011),['Comedy'],1478338
86835,Priest (2011),"['Action', 'Horror', 'Sci-Fi', 'Thriller']",822847
86852,"Beaver, The (2011)",['Drama'],1321860
86880,Pirates of the Caribbean: On Stranger Tides (2011),"['Action', 'Adventure', 'Fantasy', 'IMAX']",1298650
86882,Midnight in Paris (2011),"['Comedy', 'Fantasy', 'Romance']",1605783
86884,"Kid With a Bike, The (Le gamin au vélo) (2011)",['Drama'],1827512
86892,"Man from Nowhere, The (Ajeossi) (2010)","['Action', 'Crime', 'Thriller']",1527788
86898,"Tree of Life, The (2011)",['Drama'],478304
86911,"Hangover Part II, The (2011)",['Comedy'],1411697
87004,Pina (2011),"['Documentary', 'Musical']",1440266
87028,"Roommate, The (2011)","['Drama', 'Thriller']",1265990
87079,Trust (2010),"['Drama', 'Thriller']",1529572
87192,Attack the Block (2011),"['Action', 'Comedy', 'Sci-Fi']",1478964
87194,"Way, The (2010)",['Drama'],1441912
87205,"Tunnel, The (2011)","['Drama', 'Horror', 'Thriller']",1735485
87222,Kung Fu Panda 2 (2011),"['Action', 'Adventure', 'Animation', 'Children', 'Comedy', 'IMAX']",1302011
87232,X-Men: First Class (2011),"['Action', 'Adventure', 'Sci-Fi', 'Thriller', 'War']",1270798
87234,Submarine (2010),"['Comedy', 'Drama', 'Romance']",1440292
87270,"Other Woman, The (2009)",['Drama'],1032825
87298,Everything Must Go (2010),"['Comedy', 'Drama']",1531663
87304,Beginners (2010),['Drama'],1532503
87306,Super 8 (2011),"['Mystery', 'Sci-Fi', 'Thriller', 'IMAX']",1650062
87308,Jane Eyre (2006),"['Drama', 'Romance']",780362
87430,Green Lantern (2011),"['Action', 'Adventure', 'Sci-Fi']",1133985
87483,Mr. Popper's Penguins (2011),['Comedy'],1396218
87485,Bad Teacher (2011),['Comedy'],1284575
87520,Transformers: Dark of the Moon (2011),"['Action', 'Adventure', 'Sci-Fi', 'War', 'IMAX']",1399103
87522,Larry Crowne (2011),"['Comedy', 'Drama', 'Romance']",1583420
87529,Your Highness (2011),"['Action', 'Adventure', 'Comedy', 'Fantasy']",1240982
87785,Takers (2010),"['Action', 'Crime', 'Thriller']",1135084
87867,Zookeeper (2011),['Comedy'],1222817
87869,Horrible Bosses (2011),"['Comedy', 'Crime']",1499658
87876,Cars 2 (2011),"['Adventure', 'Animation', 'Children', 'Comedy', 'IMAX']",1216475
88118,"Perfect Host, The (2010)","['Crime', 'Drama', 'Thriller']",1334553
88125,Harry Potter and the Deathly Hallows: Part 2 (2011),"['Action', 'Adventure', 'Drama', 'Fantasy', 'Mystery', 'IMAX']",1201607
88129,Drive (2011),"['Crime', 'Drama', 'Film-Noir', 'Thriller']",780504
88140,Captain America: The First Avenger (2011),"['Action', 'Adventure', 'Sci-Fi', 'Thriller', 'War']",458339
88163,"Crazy, Stupid, Love. (2011)","['Comedy', 'Drama', 'Romance']",1570728
88179,One Day (2011),"['Drama', 'Romance']",1563738
88235,"Guard, The (2011)","['Comedy', 'Crime']",1540133
88267,Winnie the Pooh (2011),"['Animation', 'Children', 'Comedy']",1449283
88356,"Smurfs, The (2011)","['Animation', 'Children', 'Comedy']",472181
88405,Friends with Benefits (2011),"['Comedy', 'Romance']",1632708
88468,Alpha and Omega (2010),"['Adventure', 'Animation', 'Children', 'Comedy', 'Romance']",1213012
88515,Blitz (2011),"['Action', 'Crime', 'Thriller']",1297919
88672,Our Idiot Brother (2011),['Comedy'],1637706
88699,Death Race 2 (2010),"['Action', 'Sci-Fi', 'Thriller']",1500491
88724,Beats Rhymes & Life: The Travels of a Tribe Called Quest (2011),['Documentary'],1613023
88744,Rise of the Planet of the Apes (2011),"['Action', 'Drama', 'Sci-Fi', 'Thriller']",1318514
88746,Terri (2011),['Comedy'],1687281
88785,"Change-Up, The (2011)",['Comedy'],1488555
88810,"Help, The (2011)",['Drama'],1454029
88812,30 Minutes or Less (2011),"['Action', 'Comedy', 'Crime']",1622547
88879,Gantz (2011),"['Action', 'Horror', 'Sci-Fi']",1525835
88911,My Afternoons with Margueritte (La tête en friche) (2010),['Comedy'],1455151
88932,Final Destination 5 (2011),"['Horror', 'Thriller', 'IMAX']",1622979
88950,"Conspirator, The (2010)",['Drama'],968264
88954,"Very Harold & Kumar 3D Christmas, A (2011)",['Comedy'],1268799
89002,Spy Kids: All the Time in the World in 4D (2011),"['Action', 'Adventure', 'Children', 'Comedy', 'Sci-Fi']",1517489
89028,Don't Be Afraid of the Dark (2010),"['Horror', 'Thriller']",1270761
89030,Fright Night (2011),"['Comedy', 'Horror']",1438176
89039,Another Earth (2011),"['Drama', 'Romance', 'Sci-Fi']",1549572
89047,Hesher (2010),['Drama'],1403177
89085,"Debt, The (2011)","['Drama', 'Thriller']",1226753
89087,Colombiana (2011),"['Action', 'Adventure', 'Drama', 'Thriller']",1657507
89118,"Skin I Live In, The (La piel que habito) (2011)",['Drama'],1189073
89190,Conan the Barbarian (2011),"['Action', 'Adventure', 'Fantasy']",816462
89260,Project Nim (2011),['Documentary'],1814836
89305,"Inbetweeners Movie, The (2011)","['Adventure', 'Comedy']",1716772
89343,Red State (2011),"['Horror', 'Thriller']",873886
89369,"Better Life, A (2011)",['Drama'],1554091
89386,Pearl Jam Twenty (2011),"['Documentary', 'Musical']",1417592
89388,I Don't Know How She Does It (2011),['Comedy'],1742650
89470,Contagion (2011),"['Sci-Fi', 'Thriller', 'IMAX']",1598778
89480,Sleeping Beauty (2011),['Drama'],1588398
89490,Straw Dogs (2011),['Thriller'],999913
89492,Moneyball (2011),['Drama'],1210166
89535,"Havre, Le (2011)","['Comedy', 'Drama']",1508675
89629,Point Blank (À bout portant) (2010),"['Action', 'Crime', 'Thriller']",1545759
89678,Northanger Abbey (2007),"['Drama', 'Romance']",844794
89745,"Avengers, The (2012)","['Action', 'Adventure', 'Sci-Fi', 'IMAX']",848228
89753,Tinker Tailor Soldier Spy (2011),"['Drama', 'Film-Noir', 'Thriller']",1340800
89759,"Separation, A (Jodaeiye Nader az Simin) (2011)",['Drama'],1832382
89761,"Dangerous Method, A (2011)","['Drama', 'Thriller']",1571222
89774,Warrior (2011),['Drama'],1291584
89780,Sherlock Holmes (2010),"['Mystery', 'Sci-Fi']",1522835
89804,"Ides of March, The (2011)",['Drama'],1124035
89840,Killer Elite (2011),"['Action', 'Thriller']",1448755
89864,50/50 (2011),"['Comedy', 'Drama']",1306980
89896,"Turin Horse, The (A Torinói ló) (2011)",['Drama'],1316540
89904,"Artist, The (2011)","['Drama', 'Romance']",1655442
90057,Take Shelter (2011),['Drama'],1675192
90249,Real Steel (2011),"['Action', 'Drama', 'Sci-Fi', 'IMAX']",433035
90343,Footloose (2011),"['Comedy', 'Drama', 'Musical']",1068242
90345,"Thing, The (2011)","['Horror', 'Mystery', 'Sci-Fi', 'Thriller']",905372
90357,Tyrannosaur (2011),['Drama'],1204340
90374,Martha Marcy May Marlene (2011),"['Drama', 'Thriller']",1441326
90376,We Need to Talk About Kevin (2011),"['Drama', 'Thriller']",1242460
90403,"Three Musketeers, The (2011)","['Action', 'Adventure']",1509767
90405,In Time (2011),"['Crime', 'Sci-Fi', 'Thriller']",1637688
90428,Margaret (2011),['Drama'],466893
90430,Carnage (2011),"['Comedy', 'Drama']",1692486
90439,Margin Call (2011),"['Drama', 'Thriller']",1615147
90469,Paranormal Activity 3 (2011),['Horror'],1778304
90522,Johnny English Reborn (2011),"['Adventure', 'Comedy', 'Thriller']",1634122
90524,Abduction (2011),"['Action', 'Drama', 'Mystery', 'Thriller']",1600195
90531,Shame (2011),['Drama'],1723811
90576,What's Your Number? (2011),"['Comedy', 'Romance']",770703
90578,Dream House (2011),"['Drama', 'Mystery', 'Thriller']",1462041
90600,Headhunters (Hodejegerne) (2011),"['Action', 'Crime', 'Thriller']",1614989
90603,Batman: Year One (2011),"['Action', 'Animation', 'Crime']",1672723
90624,Machine Gun Preacher (2011),"['Action', 'Crime']",1586752
90645,Anonymous (2011),['Drama'],1521197
90647,Puss in Boots (2011),"['Adventure', 'Animation', 'Comedy', 'Fantasy', 'IMAX']",448694
90717,Tower Heist (2011),"['Action', 'Comedy', 'Crime']",471042
90719,J. Edgar (2011),['Drama'],1616195
90738,"Double, The (2011)","['Action', 'Crime', 'Drama', 'Mystery', 'Thriller']",1646980
90746,"Adventures of Tintin, The (2011)","['Action', 'Animation', 'Mystery', 'IMAX']",983193
90863,George Harrison: Living in the Material World (2011),['Documentary'],1113829
90866,Hugo (2011),"['Children', 'Drama', 'Mystery']",970179
90888,Immortals (2011),"['Action', 'Drama', 'Fantasy']",1253864
90890,Jack and Jill (2011),['Comedy'],810913
90933,"Deep Blue Sea, The (2011)","['Drama', 'Romance']",1700844
90943,Into the Abyss (2011),['Documentary'],1972663
90947,"Oslo, August 31st (Oslo, 31. august) (2011)",['Drama'],1736633
91077,"Descendants, The (2011)","['Comedy', 'Drama']",1033575
91079,Like Crazy (2011),"['Drama', 'Romance']",1758692
91094,"Muppets, The (2011)","['Children', 'Comedy', 'Musical']",1204342
91104,"Twilight Saga: Breaking Dawn - Part 1, The (2011)","['Adventure', 'Drama', 'Fantasy', 'Romance']",1324999
91126,War Horse (2011),"['Drama', 'War']",1568911
91128,"Rum Diary, The (2011)","['Comedy', 'Drama', 'Thriller']",376136
91134,My Week with Marilyn (2011),['Drama'],1655420
91199,Weekend (2011),"['Drama', 'Romance']",1714210
91233,Lifted (2006),"['Animation', 'Comedy', 'Sci-Fi']",945571
91323,"Sitter, The (2011)",['Comedy'],1366344
91325,Extremely Loud and Incredibly Close (2011),['Drama'],477302
91386,Happy Feet Two (2011),"['Animation', 'Children', 'Comedy', 'IMAX']",1402488
91414,Arthur Christmas (2011),"['Animation', 'Children', 'Comedy', 'Drama']",1430607
91485,"Expendables 2, The (2012)","['Action', 'Adventure']",1764651
91500,"Hunger Games, The (2012)","['Action', 'Adventure', 'Drama', 'Sci-Fi', 'Thriller']",1392170
91529,"Dark Knight Rises, The (2012)","['Action', 'Adventure', 'Crime', 'IMAX']",1345836
91535,"Bourne Legacy, The (2012)","['Action', 'Adventure', 'Drama', 'Thriller', 'IMAX']",1194173
91542,Sherlock Holmes: A Game of Shadows (2011),"['Action', 'Adventure', 'Comedy', 'Crime', 'Mystery', 'Thriller']",1515091
91622,Young Adult (2011),"['Comedy', 'Drama']",1625346
91628,New Year's Eve (2011),"['Comedy', 'Romance']",1598822
91630,Mission: Impossible - Ghost Protocol (2011),"['Action', 'Adventure', 'Thriller', 'IMAX']",1229238
91653,We Bought a Zoo (2011),"['Comedy', 'Drama']",1389137
91658,"Girl with the Dragon Tattoo, The (2011)","['Drama', 'Thriller']",1568346
91660,"Darkest Hour, The (2011)","['Action', 'Horror', 'Sci-Fi', 'Thriller']",1093357
91690,Friends with Kids (2011),['Comedy'],1720616
91752,Pokemon: The Movie 2000 (2000),"['Adventure', 'Animation', 'Children', 'Fantasy']",257001
91831,"Devil Inside, The (2012)","['Horror', 'Thriller']",1560985
91842,Contraband (2012),"['Action', 'Crime', 'Drama', 'Thriller']",1524137
91869,Being Elmo: A Puppeteer's Journey (2011),['Documentary'],1787660
91890,"Iron Lady, The (2011)",['Drama'],1007029
91974,Underworld: Awakening (2012),"['Action', 'Fantasy', 'Horror', 'IMAX']",1496025
91976,"Grey, The (2012)","['Action', 'Drama']",1601913
91978,Man on a Ledge (2012),"['Crime', 'Thriller']",1568338
92008,Haywire (2011),"['Action', 'Thriller']",1506999
92048,"Whistleblower, The (2010)","['Drama', 'Thriller']",896872
92192,Apollo 18 (2011),"['Horror', 'Sci-Fi', 'Thriller']",1772240
92198,Seeking Justice (2011),"['Action', 'Drama', 'Thriller']",1214962
92214,"Poseidon Adventure, The (2005) ","['Action', 'Adventure', 'Drama']",419358
92234,Red Tails (2012),"['Action', 'Adventure', 'Drama', 'War']",485985
92259,Intouchables (2011),"['Comedy', 'Drama']",1675434
92264,One for the Money (2012),"['Action', 'Comedy', 'Crime']",1598828
92420,Chronicle (2012),"['Action', 'Sci-Fi', 'Thriller']",1706593
92422,"Woman in Black, The (2012)","['Drama', 'Horror', 'Thriller']",1596365
92507,Safe House (2012),"['Action', 'Crime', 'Mystery', 'Thriller']",1599348
92509,"Vow, The (2012)","['Drama', 'Romance']",1606389
92535,Louis C.K.: Live at the Beacon Theater (2011),['Comedy'],2112999
92643,Monsieur Lazhar (2011),"['Children', 'Comedy', 'Drama']",2011971
92681,Journey 2: The Mysterious Island (2012),"['Action', 'Adventure', 'Comedy', 'Sci-Fi', 'IMAX']",1397514
92694,Perfect Sense (2011),"['Drama', 'Romance', 'Sci-Fi']",1439572
92920,"Hunter, The (2011)",['Drama'],1703148
92938,Ghost Rider: Spirit of Vengeance (2012),"['Action', 'Fantasy', 'Thriller']",1071875
93040,"Civil War, The (1990)","['Documentary', 'War']",98769
93242,Gone (2012),"['Drama', 'Thriller']",1838544
93265,Courageous (2011),['Drama'],1630036
93270,Project X (2012),['Comedy'],1636826
93272,Dr. Seuss' The Lorax (2012),"['Animation', 'Fantasy', 'Musical', 'IMAX']",1482459
93287,"Big Year, The (2011)",['Comedy'],1053810
93297,Act of Valor (2012),"['Action', 'Thriller', 'War']",1591479
93326,This Means War (2012),"['Action', 'Comedy', 'Romance']",1596350
93363,John Carter (2012),"['Action', 'Adventure', 'Sci-Fi', 'IMAX']",401729
93422,Starbuck (2011),['Comedy'],1756750
93432,Forks Over Knives (2011),['Documentary'],1567233
93443,Goon (2011),"['Comedy', 'Drama']",1456635
93475,"Awakening, The (2011)","['Horror', 'Thriller']",1687901
93498,Game Change (2012),['Drama'],1848902
93510,21 Jump Street (2012),"['Action', 'Comedy', 'Crime']",1232829
93512,"Jeff, Who Lives at Home (2012)","['Comedy', 'Drama']",1588334
93563,Lockout (2012),"['Action', 'Sci-Fi', 'Thriller']",1592525
93693,Casa de mi Padre (2012),['Comedy'],1702425
93721,Jiro Dreams of Sushi (2011),['Documentary'],1772925
93740,Salmon Fishing in the Yemen (2011),"['Comedy', 'Drama', 'Romance']",1441952
93766,Wrath of the Titans (2012),"['Action', 'Adventure', 'Fantasy', 'IMAX']",1646987
93805,Iron Sky (2012),"['Action', 'Comedy', 'Sci-Fi']",1034314
93831,American Reunion (American Pie 4) (2012),['Comedy'],1605630
93838,The Raid: Redemption (2011),"['Action', 'Crime']",1899353
93840,"Cabin in the Woods, The (2012)","['Comedy', 'Horror', 'Sci-Fi', 'Thriller']",1259521
93855,God Bless America (2011),"['Comedy', 'Drama']",1912398
93982,"Raven, The (2012)","['Mystery', 'Thriller']",1486192
93988,North & South (2004),"['Drama', 'Romance']",417349
94015,Mirror Mirror (2012),"['Adventure', 'Comedy', 'Fantasy']",1667353
94018,Battleship (2012),"['Action', 'Sci-Fi', 'Thriller', 'IMAX']",1440129
94070,"Best Exotic Marigold Hotel, The (2011)","['Comedy', 'Drama']",1412386
94160,Dante's Inferno: An Animated Epic (2010),"['Action', 'Animation', 'Fantasy']",1401113
94266,"Five-Year Engagement, The (2012)","['Comedy', 'Romance']",1195478
94405,Safe (2012),"['Action', 'Crime', 'Thriller']",1656190
94466,Black Mirror (2011),"['Drama', 'Sci-Fi']",2085059
94478,Dark Shadows (2012),"['Comedy', 'Horror', 'IMAX']",1077368
94503,"Decoy Bride, The (2011)","['Comedy', 'Romance']",1657299
94677,"Dictator, The (2012)",['Comedy'],1645170
94777,Men in Black III (M.III.B.) (M.I.B.³) (2012),"['Action', 'Comedy', 'Sci-Fi', 'IMAX']",1409024
94780,Snow White and the Huntsman (2012),"['Action', 'Adventure', 'Drama']",1735898
94833,"Pirates! Band of Misfits, The (2012)","['Adventure', 'Animation', 'Children', 'Comedy']",1430626
94864,Prometheus (2012),"['Action', 'Horror', 'Sci-Fi', 'IMAX']",1446714
94896,Bernie (2011),"['Comedy', 'Crime', 'Drama']",1704573
94931,Take This Waltz (2011),"['Drama', 'Romance']",1592281
94953,Wanderlust (2012),['Comedy'],1655460
94959,Moonrise Kingdom (2012),"['Comedy', 'Drama', 'Romance']",1748122
94974,Superman vs. The Elite (2012),"['Action', 'Animation']",2224455
94985,Get the Gringo (2012),"['Action', 'Crime', 'Drama', 'Thriller']",1567609
95058,Cosmopolis  (2012),['Drama'],1480656
95067,"Thousand Words, A (2012)","['Comedy', 'Drama']",763831
95088,Safety Not Guaranteed (2012),"['Comedy', 'Drama']",1862079
95105,Madagascar 3: Europe's Most Wanted (2012),"['Adventure', 'Animation', 'Children', 'Comedy', 'IMAX']",1277953
95135,Your Sister's Sister (2011),"['Comedy', 'Drama']",1742336
95167,Brave (2012),"['Action', 'Adventure', 'Animation', 'Children']",1217209
95199,What to Expect When You're Expecting (2012),"['Comedy', 'Drama', 'Romance']",1586265
95201,To Rome with Love (2012),['Comedy'],1859650
95207,Abraham Lincoln: Vampire Hunter (2012),"['Action', 'Fantasy', 'Horror', 'Thriller']",1611224
95307,Rock of Ages (2012),"['Comedy', 'Drama', 'Musical', 'IMAX']",1336608
95309,Seeking a Friend for the End of the World (2012),"['Comedy', 'Drama', 'Romance']",1307068
95311,Presto (2008),"['Animation', 'Children', 'Comedy', 'Fantasy']",1245104
95313,Jack-Jack Attack (2005),"['Adventure', 'Animation', 'Children', 'Comedy']",455565
95441,Ted (2012),"['Comedy', 'Fantasy']",1637725
95449,Magic Mike (2012),"['Drama', 'Romance']",1915581
95508,Cleanskin (2012),"['Crime', 'Drama', 'Thriller']",1598873
95510,"Amazing Spider-Man, The (2012)","['Action', 'Adventure', 'Sci-Fi', 'IMAX']",948470
95543,Ice Age 4: Continental Drift (2012),"['Adventure', 'Animation', 'Comedy']",1667889
95558,Beasts of the Southern Wild (2012),"['Drama', 'Fantasy']",2125435
95567,People Like Us (2012),['Drama'],1716777
95583,Savages (2012),"['Crime', 'Drama', 'Thriller']",1615065
95654,Geri's Game (1997),"['Animation', 'Children']",131409
95720,"Watch, The (2012)","['Comedy', 'Sci-Fi']",1298649
95744,2 Days in New York (2012),['Comedy'],1602472
95761,Killer Joe (2011),"['Crime', 'Thriller']",1726669
95858,For the Birds (2000),"['Animation', 'Children', 'Comedy']",248808
95873,Ruby Sparks (2012),"['Comedy', 'Fantasy', 'Romance']",1839492
95875,Total Recall (2012),"['Action', 'Sci-Fi', 'Thriller']",1386703
96079,Skyfall (2012),"['Action', 'Adventure', 'Thriller', 'IMAX']",1074638
96110,"Campaign, The (2012)",['Comedy'],1790886
96121,Hope Springs (2012),"['Comedy', 'Drama']",1535438
96150,"Queen of Versailles, The (2012)",['Documentary'],2125666
96281,ParaNorman (2012),"['Adventure', 'Animation', 'Comedy']",1623288
96314,Celeste and Jesse Forever (Celeste & Jesse Forever) (2012),"['Comedy', 'Drama', 'Romance']",1405365
96367,Hit and Run (Hit & Run) (2012),"['Action', 'Comedy', 'Romance']",2097307
96417,Premium Rush (2012),"['Action', 'Thriller']",1547234
96430,"Odd Life of Timothy Green, The (2012)","['Comedy', 'Drama', 'Fantasy']",1462769
96432,Lawless (2012),"['Crime', 'Drama']",1212450
96467,Sleepwalk with Me (2012),"['Comedy', 'Drama']",2077851
96488,Searching for Sugar Man (2012),['Documentary'],2125608
96490,"Possession, The (2012)","['Horror', 'Thriller']",431021
96588,Pitch Perfect (2012),"['Comedy', 'Musical']",1981677
96606,Samsara (2011),['Documentary'],770802
96610,Looper (2012),"['Action', 'Crime', 'Sci-Fi']",1276104
96616,That's My Boy (2012),['Comedy'],1232200
96655,Robot & Frank (2012),"['Comedy', 'Drama', 'Sci-Fi']",1990314
96691,Resident Evil: Retribution (2012),"['Action', 'Horror', 'Sci-Fi', 'IMAX']",1855325
96693,Trouble with the Curve (2012),['Drama'],2083383
96728,"Master, The (2012)",['Drama'],1560747
96737,Dredd (2012),"['Action', 'Sci-Fi']",1343727
96751,Arbitrage (2012),"['Drama', 'Thriller']",1764183
96811,End of Watch (2012),"['Crime', 'Drama', 'Thriller']",1855199
96815,V/H/S (2012),"['Horror', 'Thriller']",2105044
96821,"Perks of Being a Wallflower, The (2012)","['Drama', 'Romance']",1659337
96829,"Hunt, The (Jagten) (2012)",['Drama'],2106476
96832,Holy Motors (2012),"['Drama', 'Fantasy', 'Musical', 'Mystery', 'Sci-Fi']",2076220
96861,Taken 2 (2012),"['Action', 'Crime', 'Drama', 'Thriller']",1397280
96911,"Royal Affair, A (Kongelig affære, En) (2012)","['Drama', 'Romance']",1276419
96917,House at the End of the Street (2012),"['Horror', 'Thriller']",1582507
96964,"Tall Man, The (2012)","['Crime', 'Drama', 'Mystery']",1658837
96991,"Sapphires, The (2012)","['Comedy', 'Drama', 'Musical']",1673697
97024,Rust and Bone (De rouille et d'os) (2012),"['Drama', 'Romance']",2053425
97172,Frankenweenie (2012),"['Animation', 'Comedy', 'Horror', 'IMAX']",1142977
97188,Sinister (2012),"['Horror', 'Thriller']",1922777
97225,Hotel Transylvania (2012),"['Animation', 'Children', 'Comedy']",837562
97304,Argo (2012),"['Drama', 'Thriller']",1024648
97306,Seven Psychopaths (2012),"['Comedy', 'Crime']",1931533
97328,Liberal Arts (2012),"['Comedy', 'Drama']",1872818
97395,West of Memphis (2012),['Documentary'],2130321
97673,56 Up (2012),['Documentary'],2147134
97752,Cloud Atlas (2012),"['Drama', 'Sci-Fi', 'IMAX']",1371111
97836,Here Comes the Boom (2012),"['Action', 'Comedy']",1648179
97860,Killing Them Softly (2012),"['Crime', 'Drama', 'Thriller']",1764234
97866,"Imposter, The (2012)",['Documentary'],1966604
97870,"Sessions, The (Surrogate, The) (2012)",['Drama'],1866249
97913,Wreck-It Ralph (2012),"['Animation', 'Comedy']",1772341
97921,Silver Linings Playbook (2012),"['Comedy', 'Drama']",1045658
97923,Flight (2012),['Drama'],1907668
97936,Anna Karenina (2012),['Drama'],1781769
97938,Life of Pi (2012),"['Adventure', 'Drama', 'IMAX']",454876
97950,"Man with the Iron Fists, The (2012)","['Action', 'Adventure', 'Crime']",1258972
98017,"Late Quartet, A (2012)",['Drama'],1226240
98054,Stolen (2012),"['Action', 'Crime', 'Thriller']",1656186
98056,Amour (2012),"['Drama', 'Romance']",1602620
98124,"Batman: The Dark Knight Returns, Part 1 (2012)","['Action', 'Animation', 'Sci-Fi']",2313197
98154,Lincoln (2012),"['Drama', 'War']",443272
98203,"Twilight Saga: Breaking Dawn - Part 2, The (2012)","['Adventure', 'Drama', 'Fantasy', 'Romance', 'IMAX']",1673434
98239,Red Dawn (2012),"['Action', 'War']",1234719
98243,Rise of the Guardians (2012),"['Adventure', 'Animation', 'Fantasy', 'IMAX']",1446192
98296,Deadfall (2012),"['Crime', 'Drama', 'Thriller']",1667310
98491,Paperman (2012),"['Animation', 'Comedy', 'Romance']",2388725
98585,Hitchcock (2012),['Drama'],975645
98604,From Up on Poppy Hill (Kokuriko-zaka kara) (2011),"['Animation', 'Drama', 'Romance']",1798188
98607,Redline (2009),"['Action', 'Animation', 'Sci-Fi']",1483797
98809,"Hobbit: An Unexpected Journey, The (2012)","['Adventure', 'Fantasy', 'IMAX']",903624
98836,Hyde Park on Hudson (2012),"['Comedy', 'Drama']",1477855
98961,Zero Dark Thirty (2012),"['Action', 'Drama', 'Thriller']",1790885
99007,Warm Bodies (2013),"['Comedy', 'Horror', 'Romance']",1588173
99106,"Guilt Trip, The (2012)",['Comedy'],1694020
99112,Jack Reacher (2012),"['Action', 'Crime', 'Thriller']",790724
99114,Django Unchained (2012),"['Action', 'Drama', 'Western']",1853728
99117,This Is 40 (2012),['Drama'],1758830
99145,"Impossible, The (Imposible, Lo) (2012)","['Drama', 'Thriller']",1649419
99149,"Misérables, Les (2012)","['Drama', 'Musical', 'Romance', 'IMAX']",1707386
99220,Quartet (2012),"['Comedy', 'Drama']",1441951
99415,Parental Guidance (2012),['Comedy'],1047540
99437,John Dies at the End (2012),"['Comedy', 'Fantasy', 'Horror']",1783732
99468,"Central Park Five, The (2012)",['Documentary'],2380247
99574,Promised Land (2012),['Drama'],2091473
99728,Gangster Squad (2013),"['Action', 'Crime', 'Drama']",1321870
99813,"Batman: The Dark Knight Returns, Part 2 (2013)","['Action', 'Animation']",2166834
99910,"Last Stand, The (2013)","['Action', 'Crime', 'Thriller']",1549920
99912,Mama (2013),['Horror'],2023587
99917,Upstream Color (2013),"['Romance', 'Sci-Fi', 'Thriller']",2084989
99957,Broken City (2013),"['Crime', 'Drama', 'Thriller']",1235522
100083,Movie 43 (2013),['Comedy'],1333125
100108,Parker (2013),"['Crime', 'Thriller']",1904996
100163,Hansel & Gretel: Witch Hunters (2013),"['Action', 'Fantasy', 'Horror', 'IMAX']",1428538
100244,"East, The (2013)",['Drama'],1869716
100302,Upside Down (2012),"['Drama', 'Romance', 'Sci-Fi']",1374992
100326,Stand Up Guys (2012),"['Comedy', 'Crime']",1389096
100344,No (2012),['Drama'],2059255
100383,Side Effects (2013),"['Crime', 'Drama', 'Mystery', 'Thriller']",2053463
100390,Identity Thief (2013),"['Comedy', 'Crime']",2024432
100397,"ABCs of Death, The (2012)",['Horror'],1935896
100487,Beautiful Creatures (2013),"['Drama', 'Fantasy', 'Romance']",1559547
100498,"Good Day to Die Hard, A (2013)","['Action', 'Crime', 'Thriller', 'IMAX']",1606378
100507,21 and Over (2013),['Comedy'],1711425
100527,Safe Haven (2013),"['Drama', 'Mystery', 'Romance']",1702439
100556,"Act of Killing, The (2012)",['Documentary'],2375605
100714,Before Midnight (2013),"['Drama', 'Romance']",2209418
100737,Snitch (2013),"['Action', 'Drama', 'Thriller']",882977
100745,TPB AFK: The Pirate Bay Away from Keyboard (2013),['Documentary'],2608732
100810,Dark Skies (2013),"['Horror', 'Sci-Fi', 'Thriller']",2387433
101025,Jack the Giant Slayer (2013),"['Adventure', 'Fantasy', 'IMAX']",1351685
101070,Wadjda (2012),['Drama'],2258858
101074,"Legend of Sleepy Hollow, The (1949)","['Animation', 'Comedy', 'Horror', 'Musical']",51850
101076,G.I. Joe: Retaliation (2013),"['Action', 'Adventure', 'Sci-Fi', 'Thriller', 'IMAX']",1583421
101088,Stoker (2013),"['Drama', 'Mystery', 'Thriller']",1682180
101106,Sound City (2013),['Documentary'],2306745
101112,Oz the Great and Powerful (2013),"['Action', 'Adventure', 'Fantasy', 'IMAX']",1623205
101137,Dead Man Down (2013),"['Action', 'Crime', 'Drama', 'Romance', 'Thriller']",2101341
101142,"Croods, The (2013)","['Adventure', 'Animation', 'Comedy']",481499
101207,Emperor (2012),"['Drama', 'War']",2103264
101283,"Incredible Burt Wonderstone, The (2013)",['Comedy'],790628
101285,Spring Breakers (2013),"['Comedy', 'Crime', 'Drama']",2101441
101360,"Call, The (2013)","['Drama', 'Thriller']",1911644
101362,Olympus Has Fallen (2013),"['Action', 'Thriller']",2302755
101525,"Place Beyond the Pines, The (2012)","['Crime', 'Drama']",1817273
101529,"Brass Teapot, The (2012)","['Comedy', 'Fantasy', 'Thriller']",1935902
101577,"Host, The (2013)","['Action', 'Adventure', 'Romance']",1517260
101612,Admission (2013),"['Comedy', 'Romance']",1814621
101739,Evil Dead (2013),['Horror'],1288558
101741,Trance (2013),"['Crime', 'Thriller']",1924429
101761,Welcome to the Punch (2013),"['Action', 'Adventure', 'Crime', 'Thriller']",1684233
101864,Oblivion (2013),"['Action', 'Adventure', 'Sci-Fi', 'IMAX']",1483013
101893,To the Wonder (2013),"['Drama', 'Romance']",1595656
101895,42 (2013),['Drama'],453562
101962,Wolf Children (Okami kodomo no ame to yuki) (2012),"['Animation', 'Fantasy']",2140203
101973,Disconnect (2012),"['Drama', 'Thriller']",1433811
101997,Scary Movie 5 (Scary MoVie) (2013),['Comedy'],795461
102033,Pain & Gain (2013),"['Action', 'Comedy', 'Crime']",1980209
102088,"Grandmaster, The (Yi dai zong shi) (2013)","['Action', 'Drama', 'IMAX']",1462900
102123,This Is the End (2013),"['Action', 'Comedy']",1245492
102125,Iron Man 3 (2013),"['Action', 'Sci-Fi', 'Thriller', 'IMAX']",1300854
102194,Mud (2012),"['Adventure', 'Crime', 'Drama']",1935179
102407,"Great Gatsby, The (2013)",['Drama'],1343092
102445,Star Trek Into Darkness (2013),"['Action', 'Adventure', 'Sci-Fi', 'IMAX']",1408101
102481,"Internship, The (2013)",['Comedy'],2234155
102588,Stories We Tell (2012),['Documentary'],2366450
102684,Only God Forgives (2013),"['Drama', 'Thriller']",1602613
102686,"Hangover Part III, The (2013)",['Comedy'],1951261
102716,"Fast & Furious 6 (Fast and the Furious 6, The) (2013)","['Action', 'Crime', 'Thriller', 'IMAX']",1905041
102720,Epic (2013),"['Adventure', 'Animation', 'Fantasy']",848537
102753,"Past, The (Le passé) (2013)","['Drama', 'Mystery', 'Romance']",2404461
102792,"Broken Circle Breakdown, The (2012)",['Drama'],2024519
102800,Frances Ha (2012),"['Comedy', 'Drama']",2347569
102819,Behind the Candelabra (2013),['Drama'],1291580
102880,After Earth (2013),"['Action', 'Adventure', 'Sci-Fi', 'IMAX']",1815862
102903,Now You See Me (2013),"['Crime', 'Mystery', 'Thriller']",1670345
102993,"Way, Way Back, The (2013)","['Comedy', 'Drama']",1727388
103027,Much Ado About Nothing (2012),"['Comedy', 'Drama', 'Romance']",2094064
103042,Man of Steel (2013),"['Action', 'Adventure', 'Fantasy', 'Sci-Fi', 'IMAX']",770828
103048,"Kings of Summer, The (2013)",['Comedy'],2179116
103075,"Purge, The (2013)","['Crime', 'Horror', 'Thriller']",2184339
103083,"Reluctant Fundamentalist, The (2012)",['Drama'],2032557
103107,20 Feet from Stardom (Twenty Feet from Stardom) (2013),['Documentary'],2396566
103137,"Bling Ring, The (2013)","['Crime', 'Drama']",2132285
103141,Monsters University (2013),"['Adventure', 'Animation', 'Comedy']",1453405
103219,Maniac (2012),"['Horror', 'Thriller']",2103217
103228,Pacific Rim (2013),"['Action', 'Adventure', 'Sci-Fi', 'IMAX']",1663662
103235,"Best Offer, The (Migliore offerta, La) (2013)",['Thriller'],1924396
103249,World War Z (2013),"['Action', 'Drama', 'Horror', 'IMAX']",816711
103253,Elysium (2013),"['Action', 'Drama', 'Sci-Fi', 'IMAX']",1535108
103279,What Maisie Knew (2012),['Drama'],1932767
103306,Europa Report (2013),"['Sci-Fi', 'Thriller']",2051879
103315,Odd Thomas (2013),"['Drama', 'Fantasy', 'Mystery', 'Thriller']",1767354
103335,Despicable Me 2 (2013),"['Animation', 'Children', 'Comedy', 'IMAX']",1690953
103339,White House Down (2013),"['Action', 'Drama', 'Thriller', 'IMAX']",2334879
103341,"World's End, The (2013)","['Action', 'Comedy', 'Sci-Fi']",1213663
103372,"Heat, The (2013)","['Action', 'Comedy', 'Crime']",2404463
103384,"Lone Ranger, The (2013)","['Action', 'Adventure', 'Western', 'IMAX']",1210819
103539,The Spectacular Now (2013),"['Comedy', 'Drama', 'Romance']",1714206
103541,Thanks for Sharing (2012),"['Comedy', 'Drama']",1932718
103543,"Lifeguard, The (2013)","['Comedy', 'Drama']",2265534
103606,Stuck in Love (2012),"['Comedy', 'Drama', 'Romance']",2205697
103624,Fruitvale Station (2013),['Drama'],2334649
103655,R.I.P.D. (2013),"['Action', 'Comedy', 'Fantasy']",790736
103659,Justice League: The Flashpoint Paradox (2013),"['Action', 'Adventure', 'Animation', 'Fantasy', 'Sci-Fi']",2820466
103688,"Conjuring, The (2013)","['Horror', 'Thriller']",1457767
103755,Turbo (2013),"['Adventure', 'Animation', 'Children', 'Comedy', 'Fantasy']",1860353
103772,"Wolverine, The (2013)","['Action', 'Adventure', 'Fantasy', 'Sci-Fi']",1430132
103801,Drinking Buddies (2013),"['Comedy', 'Drama', 'Romance']",2265398
103810,Red 2 (2013),"['Action', 'Comedy', 'Crime', 'Thriller']",1821694
103883,2 Guns (2013),"['Action', 'Comedy', 'Crime']",1272878
103980,Blue Jasmine (2013),['Drama'],2334873
103984,"Great Beauty, The (Grande Bellezza, La) (2013)","['Comedy', 'Drama']",2358891
104069,Louis C.K.: Oh My God (2013),['Comedy'],2510998
104074,Percy Jackson: Sea of Monsters (2013),"['Adventure', 'Children', 'Fantasy']",1854564
104078,Alan Partridge: Alpha Papa (2013),['Comedy'],469021
104211,We're the Millers (2013),"['Comedy', 'Crime']",1723121
104218,Grown Ups 2 (2013),['Comedy'],2191701
104241,Kick-Ass 2 (2013),"['Action', 'Comedy', 'Crime']",1650554
104243,Riddick (2013),"['Action', 'Sci-Fi', 'Thriller', 'IMAX']",1411250
104245,Planes (2013),"['Adventure', 'Animation', 'Comedy']",1691917
104272,Blackfish (2013),['Documentary'],2545118
104283,"Wind Rises, The (Kaze tachinu) (2013)","['Animation', 'Drama', 'Romance']",2013293
104303,Jobs (2013),['Drama'],2357129
104312,"Mortal Instruments: City of Bones, The (2013)","['Action', 'Adventure', 'Drama', 'IMAX']",1538403
104337,Lee Daniels' The Butler (2013),['Drama'],1327773
104339,In a World... (2013),['Comedy'],2294677
104374,About Time (2013),"['Drama', 'Fantasy', 'Romance']",2194499
104441,"Frozen Ground, The (2013)","['Crime', 'Drama', 'Thriller']",2005374
104457,You're Next (2011),"['Horror', 'Thriller']",1853739
104736,Closed Circuit (2013),"['Crime', 'Drama', 'Mystery']",2218003
104841,Gravity (2013),"['Action', 'Sci-Fi', 'IMAX']",1454468
104863,What If (2013),"['Comedy', 'Drama', 'Romance']",1486834
104879,Prisoners (2013),"['Drama', 'Mystery', 'Thriller']",1392214
104881,"Out of the Furnace (Dust to Dust) (Low Dweller, The) (2013)","['Drama', 'Thriller']",1206543
104906,Austenland (2013),"['Comedy', 'Romance']",1985019
104908,Insidious: Chapter 2 (2013),"['Horror', 'Thriller']",2226417
104913,Rush (2013),"['Action', 'Drama']",1979320
104925,"Family, The (2013)","['Action', 'Comedy', 'Crime']",2404311
104944,Short Term 12 (2013),['Drama'],2370248
105197,Nebraska (2013),"['Adventure', 'Drama']",1821549
105211,Enough Said (2013),"['Comedy', 'Drama', 'Romance']",2390361
105213,Don Jon (2013),"['Comedy', 'Drama', 'Romance']",2229499
105254,Crystal Fairy & the Magical Cactus and 2012 (2013),"['Adventure', 'Comedy']",2332579
105351,Runner Runner (2013),"['Crime', 'Drama', 'Thriller']",2364841
105355,Blue Is the Warmest Color (La vie d'Adèle) (2013),"['Drama', 'Romance']",2278871
105468,Cloudy with a Chance of Meatballs 2 (2013),"['Animation', 'Children', 'Comedy', 'Fantasy']",1985966
105504,Captain Phillips (2013),"['Adventure', 'Drama', 'Thriller', 'IMAX']",1535109
105585,Machete Kills (Machete 2) (2013),"['Action', 'Crime', 'Thriller']",2002718
105593,Filth (2013),"['Comedy', 'Crime', 'Drama']",1450321
105653,Escape Plan (2013),"['Action', 'Mystery', 'Thriller']",1211956
105731,Carrie (2013),"['Drama', 'Horror']",1939659
105755,"Counselor, The (2013)","['Crime', 'Drama', 'Thriller']",2193215
105844,12 Years a Slave (2013),['Drama'],2024544
105869,Kill Your Darlings (2013),"['Crime', 'Drama', 'Romance', 'Thriller']",1311071
105954,All Is Lost (2013),"['Action', 'Adventure', 'Drama']",2017038
106002,Ender's Game (2013),"['Action', 'Adventure', 'Sci-Fi', 'IMAX']",1731141
106062,Jackass Presents: Bad Grandpa (2013),['Comedy'],3063516
106072,Thor: The Dark World (2013),"['Action', 'Adventure', 'Fantasy', 'IMAX']",1981115
106100,Dallas Buyers Club (2013),['Drama'],790636
106330,Last Vegas (2013),"['Comedy', 'Drama', 'Romance']",1204975
106438,Philomena (2013),"['Comedy', 'Drama']",2431286
106441,"Book Thief, The (2013)","['Children', 'Drama', 'War']",816442
106452,Ida (2013),['Drama'],2718492
106487,"Hunger Games: Catching Fire, The (2013)","['Action', 'Adventure', 'Sci-Fi', 'IMAX']",1951264
106489,"Hobbit: The Desolation of Smaug, The (2013)","['Adventure', 'Fantasy', 'IMAX']",1170358
106491,47 Ronin (2013),"['Action', 'Adventure', 'Fantasy']",1335975
106540,Delivery Man (2013),['Comedy'],2387559
106642,"Day of the Doctor, The (2013)","['Adventure', 'Drama', 'Sci-Fi']",2779318
106696,Frozen (2013),"['Adventure', 'Animation', 'Comedy', 'Fantasy', 'Musical', 'Romance']",2294629
106766,Inside Llewyn Davis (2013),['Drama'],2042568
106782,"Wolf of Wall Street, The (2013)","['Comedy', 'Crime', 'Drama']",993846
106841,August: Osage County (2013),"['Comedy', 'Drama']",1322269
106916,American Hustle (2013),"['Crime', 'Drama']",1800241
106918,"Secret Life of Walter Mitty, The (2013)","['Adventure', 'Comedy', 'Drama']",359950
106920,Her (2013),"['Drama', 'Romance', 'Sci-Fi']",1798709
107069,Lone Survivor (2013),"['Action', 'Drama', 'Thriller', 'War']",1091191
107141,Saving Mr. Banks (2013),"['Comedy', 'Drama']",2140373
107314,Oldboy (2013),"['Action', 'Drama', 'Mystery']",1321511
107348,Anchorman 2: The Legend Continues (2013),['Comedy'],1229340
107406,Snowpiercer (2013),"['Action', 'Drama', 'Sci-Fi']",1706620
107771,Only Lovers Left Alive (2013),"['Drama', 'Horror', 'Romance']",1714915
107883,The Lunchbox (2013),"['Drama', 'Romance']",2350496
108156,Ride Along (2014),"['Action', 'Comedy']",1408253
108188,Jack Ryan: Shadow Recruit (2014),"['Action', 'Drama', 'Thriller', 'IMAX']",1205537
108190,Divergent (2014),"['Adventure', 'Romance', 'Sci-Fi', 'IMAX']",1840309
108501,Justice League: War (2014),"['Action', 'Adventure', 'Animation', 'Fantasy', 'Sci-Fi']",3060952
108548,"Big Bang Theory, The (2007-)",['Comedy'],898266
108583,Fawlty Towers (1975-1979),['Comedy'],72500
108689,"I, Frankenstein (2014)","['Action', 'Fantasy', 'Sci-Fi', 'IMAX']",1418377
108709,Generation Kill (2008),"['Drama', 'War']",995832
108727,Nymphomaniac: Volume I (2013),['Drama'],1937390
108729,Enemy (2013),"['Mystery', 'Thriller']",2316411
108928,"Monuments Men, The (2014)","['Action', 'Drama', 'War']",2177771
108932,The Lego Movie (2014),"['Action', 'Adventure', 'Animation', 'Children', 'Comedy', 'Fantasy']",1490017
108945,RoboCop (2014),"['Action', 'Crime', 'Sci-Fi', 'IMAX']",1234721
108981,Nymphomaniac: Volume II (2013),"['Drama', 'Mystery']",2382009
108983,La Luna (2011),['Animation'],1957945
109072,Sabotage (2014),"['Action', 'Crime', 'Drama']",1742334
109191,Winter's Tale (2014),"['Drama', 'Fantasy', 'Mystery']",1837709
109243,Joe (2013),['Drama'],2382396
109374,"Grand Budapest Hotel, The (2014)","['Comedy', 'Drama']",2278388
109483,That Awkward Moment (2014),"['Comedy', 'Romance']",1800246
109487,Interstellar (2014),"['Sci-Fi', 'IMAX']",816692
109569,3 Days to Kill (2014),"['Action', 'Crime', 'Drama']",2172934
109578,Non-Stop (2014),"['Action', 'Mystery', 'Thriller']",2024469
109673,300: Rise of an Empire (2014),"['Action', 'Drama', 'War', 'IMAX']",1253863
109846,Mr. Peabody & Sherman (2014),"['Adventure', 'Animation', 'Comedy']",864835
109848,Under the Skin (2013),"['Horror', 'Sci-Fi', 'Thriller']",1441395
109850,Need for Speed (2014),"['Action', 'Crime', 'Drama', 'IMAX']",2369135
109864,Veronica Mars (2014),"['Comedy', 'Crime', 'Drama']",2771372
109895,Bad Words (2013),['Comedy'],2170299
110102,Captain America: The Winter Soldier (2014),"['Action', 'Adventure', 'Sci-Fi', 'IMAX']",1843866
110127,Noah (2014),"['Adventure', 'Drama', 'IMAX']",1959490
110501,The Raid 2: Berandal (2014),"['Action', 'Crime', 'Thriller']",2265171
110553,The Amazing Spider-Man 2 (2014),"['Action', 'Sci-Fi', 'IMAX']",1872181
110586,Calvary (2014),"['Comedy', 'Drama']",2234003
110730,Transcendence (2014),"['Drama', 'Sci-Fi', 'IMAX']",2209764
110771,"Other Woman, The (2014)","['Comedy', 'Romance']",2203939
110882,Locke (2013),['Drama'],2692904
111113,Neighbors (2014),['Comedy'],2004420
111360,Lucy (2014),"['Action', 'Sci-Fi']",2872732
111362,X-Men: Days of Future Past (2014),"['Action', 'Adventure', 'Sci-Fi']",1877832
111364,Godzilla (2014),"['Action', 'Adventure', 'Sci-Fi', 'IMAX']",831387
111375,Walk of Shame (2014),['Comedy'],2463288
111443,Chef (2014),['Comedy'],2883512
111617,Blended (2014),['Comedy'],1086772
111622,Begin Again (2013),"['Comedy', 'Romance']",1980929
111659,Maleficent (2014),"['Action', 'Adventure', 'Children', 'IMAX']",1587310
111743,"Million Ways to Die in the West, A (2014)","['Comedy', 'Western']",2557490
111759,Edge of Tomorrow (2014),"['Action', 'Sci-Fi', 'IMAX']",1631867
111921,The Fault in Our Stars (2014),"['Drama', 'Romance']",2582846
112138,22 Jump Street (2014),"['Action', 'Comedy', 'Crime']",2294449
112171,"Equalizer, The (2014)","['Action', 'Crime', 'Thriller']",455944
112175,How to Train Your Dragon 2 (2014),"['Action', 'Adventure', 'Animation']",1646971
112183,Birdman (2014),"['Comedy', 'Drama']",2562232
112290,Boyhood (2014),['Drama'],1065073
112370,Transformers: Age of Extinction (2014),"['Action', 'Adventure', 'Sci-Fi']",2109248
112421,Frank (2014),"['Comedy', 'Drama', 'Mystery']",1605717
112552,Whiplash (2014),['Drama'],2582802
112556,Gone Girl (2014),"['Drama', 'Thriller']",2267998
112623,Dawn of the Planet of the Apes (2014),['Sci-Fi'],2103281
112788,Sex Tape (2014),['Comedy'],1956620
112852,Guardians of the Galaxy (2014),"['Action', 'Adventure', 'Sci-Fi']",2015381
112897,"Expendables 3, The (2014)","['Action', 'Adventure']",2333784
112911,Hercules (2014),"['Action', 'Adventure']",1267297
112940,"Most Wanted Man, A (2014)",['Thriller'],1972571
113064,"Trip to Italy, The (2014)","['Comedy', 'Drama']",2967006
113225,Magic in the Moonlight (2014),"['Comedy', 'Drama', 'Romance']",2870756
113275,"Hundred-Foot Journey, The (2014)",['Drama'],2980648
113348,Teenage Mutant Ninja Turtles (2014),"['Action', 'Adventure', 'Comedy']",1291150
113378,"Giver, The (2014)","['Drama', 'Sci-Fi']",435651
113453,Let's Be Cops (2014),"['Comedy', 'Crime']",1924435
113573,Sin City: A Dame to Kill For (2014),"['Action', 'Crime', 'Thriller']",458481
113604,If I Stay (2014),['Drama'],1355630
113705,"Two Days, One Night (Deux jours, une nuit) (2014)",['Drama'],2737050
113741,Coherence (2013),"['Drama', 'Mystery', 'Sci-Fi', 'Thriller']",2866360
113775,Life of Crime (2013),"['Comedy', 'Crime']",1663207
113829,"One I Love, The (2014)","['Comedy', 'Drama', 'Romance']",2756032
113862,"Guest, The (2014)",['Thriller'],2980592
114060,"Drop, The (2014)","['Crime', 'Drama', 'Thriller']",1600196
114180,"Maze Runner, The (2014)","['Action', 'Mystery', 'Sci-Fi']",1790864
114246,"Walk Among the Tombstones, A (2014)","['Action', 'Crime', 'Mystery', 'Thriller']",365907
114552,"Boxtrolls, The (2014)","['Adventure', 'Animation', 'Children', 'Comedy', 'Fantasy']",787474
114601,This Is Where I Leave You (2014),"['Comedy', 'Drama']",1371150
114662,American Sniper (2014),"['Action', 'War']",2179136
114795,Dracula Untold (2014),"['Action', 'Drama', 'Fantasy']",829150
114935,Predestination (2014),"['Sci-Fi', 'Thriller']",2397535
115122,What We Do in the Shadows (2014),"['Comedy', 'Horror']",3416742
115149,John Wick (2014),"['Action', 'Thriller']",2911666
115170,"Judge, The (2014)",['Drama'],1872194
115210,Fury (2014),"['Action', 'Drama', 'War']",2713180
115231,St. Vincent (2014),['Comedy'],2170593
115569,Nightcrawler (2014),"['Crime', 'Drama', 'Thriller']",2872718
115617,Big Hero 6 (2014),"['Action', 'Animation', 'Comedy']",2245084
116138,Leviathan (2014),['Drama'],2802154
116161,Foxcatcher (2014),['Drama'],1100089
116397,Stonehearst Asylum (2014),['Thriller'],1772264
116797,The Imitation Game (2014),"['Drama', 'Thriller']",2084970
116823,The Hunger Games: Mockingjay - Part 1 (2014),"['Adventure', 'Sci-Fi', 'Thriller']",1951265
116977,Dumb and Dumber To (2014),['Comedy'],2096672
117176,"Theory of Everything, The (2014)","['Drama', 'Romance']",2980516
117590,Horrible Bosses 2 (2014),"['Comedy', 'Crime']",2170439
118696,The Hobbit: The Battle of the Five Armies (2014),"['Adventure', 'Fantasy']",2310332
118900,Wild (2014),['Drama'],2305051
118930,Bill Burr: I'm Sorry You Feel That Way (2014),['Comedy'],3823690
119141,The Interview (2014),"['Action', 'Comedy']",2788710
119145,Kingsman: The Secret Service (2015),"['Action', 'Adventure', 'Comedy', 'Crime']",2802144
119155,Night at the Museum: Secret of the Tomb (2014),"['Adventure', 'Children', 'Comedy', 'Fantasy']",2692250
120635,Taken 3 (2015),"['Action', 'Crime', 'Thriller']",2446042
